2022-02-02 18:05:06,957 [Worker-3: Loading available Gradle versions] INFO  o.e.b.c.i.u.g.PublishedGradleVersions - Gradle version information cache is up-to-date. Trying to read.
2022-02-02 18:09:54,703 [Worker-2: Creating maven-archetype-quickstart] INFO  o.e.m.c.i.p.ProjectConfigurationManager - Collecting project info '/pom.xml' E:\Work\ideajava\GraduationProject\SecKill\SecKill\miaosha_1\pom.xml
2022-02-02 18:09:55,860 [Worker-2: Creating maven-archetype-quickstart] INFO  o.e.m.c.i.l.LifecycleMappingFactory - Using org.eclipse.m2e.jdt.JarLifecycleMapping lifecycle mapping for MavenProject: com.kirin:miaosha_1:0.0.1-SNAPSHOT @ E:\Work\ideajava\GraduationProject\SecKill\SecKill\miaosha_1\pom.xml.
2022-02-02 18:11:04,628 [Worker-23: Updating Maven Project] INFO  o.e.m.c.i.p.ProjectConfigurationManager - Update started
2022-02-02 18:11:05,116 [Worker-23: Updating Maven Project] INFO  o.e.m.c.i.l.LifecycleMappingFactory - Using org.eclipse.m2e.jdt.JarLifecycleMapping lifecycle mapping for MavenProject: com.kirin:miaosha_1:0.0.1-SNAPSHOT @ E:\Work\ideajava\GraduationProject\SecKill\SecKill\miaosha_1\pom.xml.
2022-02-02 18:11:07,729 [Worker-23: Updating Maven Project] INFO  o.e.m.c.i.e.AbstractTransferListenerAdapter - Downloading https://repo.maven.apache.org/maven2/org/codehaus/plexus/plexus-component-annotations/1.6/plexus-component-annotations-1.6.jar
2022-02-02 18:11:08,148 [Worker-23: Updating Maven Project] INFO  o.e.m.c.i.e.AbstractTransferListenerAdapter - Downloaded https://repo.maven.apache.org/maven2/org/codehaus/plexus/plexus-component-annotations/1.6/plexus-component-annotations-1.6.jar
2022-02-02 18:11:08,362 [Worker-23: Updating Maven Project] INFO  o.e.m.j.i.AbstractJavaProjectConfigurator - Adding source folder /miaosha_1/src/main/java
2022-02-02 18:11:08,367 [Worker-23: Updating Maven Project] INFO  o.e.m.j.i.AbstractJavaProjectConfigurator - Adding source folder /miaosha_1/src/test/java
2022-02-02 18:11:08,817 [Worker-23: Updating Maven Project] INFO  o.e.m.c.i.p.ProjectConfigurationManager - Update completed: 4 sec
2022-02-02 18:11:09,094 [Worker-14: Building] INFO  o.e.m.c.i.embedder.EclipseLogger - Using 'UTF-8' encoding to copy filtered resources.
2022-02-02 18:11:09,094 [Worker-14: Building] INFO  o.e.m.c.i.embedder.EclipseLogger - skip non existing resourceDirectory E:\Work\ideajava\GraduationProject\SecKill\SecKill\miaosha_1\src\main\resources
2022-02-02 18:11:09,097 [Worker-14: Building] INFO  o.e.m.c.i.embedder.EclipseLogger - Using 'UTF-8' encoding to copy filtered resources.
2022-02-02 18:11:09,098 [Worker-14: Building] INFO  o.e.m.c.i.embedder.EclipseLogger - skip non existing resourceDirectory E:\Work\ideajava\GraduationProject\SecKill\SecKill\miaosha_1\src\test\resources
2022-02-02 18:38:02,495 [Worker-40: Building] INFO  o.e.m.c.i.embedder.EclipseLogger - Using 'UTF-8' encoding to copy filtered resources.
2022-02-02 18:38:02,496 [Worker-40: Building] INFO  o.e.m.c.i.embedder.EclipseLogger - skip non existing resourceDirectory E:\Work\ideajava\GraduationProject\SecKill\SecKill\miaosha_1\src\main\resources
2022-02-02 18:38:02,497 [Worker-40: Building] INFO  o.e.m.c.i.embedder.EclipseLogger - Using 'UTF-8' encoding to copy filtered resources.
2022-02-02 18:38:02,497 [Worker-40: Building] INFO  o.e.m.c.i.embedder.EclipseLogger - skip non existing resourceDirectory E:\Work\ideajava\GraduationProject\SecKill\SecKill\miaosha_1\src\test\resources
2022-02-02 18:38:03,528 [Worker-48: Building] INFO  o.e.m.c.i.embedder.EclipseLogger - Using 'UTF-8' encoding to copy filtered resources.
2022-02-02 18:38:03,528 [Worker-48: Building] INFO  o.e.m.c.i.embedder.EclipseLogger - skip non existing resourceDirectory E:\Work\ideajava\GraduationProject\SecKill\SecKill\miaosha_1\src\main\resources
2022-02-02 18:38:03,529 [Worker-48: Building] INFO  o.e.m.c.i.embedder.EclipseLogger - Using 'UTF-8' encoding to copy filtered resources.
2022-02-02 18:38:03,529 [Worker-48: Building] INFO  o.e.m.c.i.embedder.EclipseLogger - skip non existing resourceDirectory E:\Work\ideajava\GraduationProject\SecKill\SecKill\miaosha_1\src\test\resources
2022-02-02 18:39:42,609 [Worker-23: Building] INFO  o.e.m.c.i.e.AbstractTransferListenerAdapter - Downloading https://repo.maven.apache.org/maven2/org/springframework/boot/spring-boot-starter-parent/1.5.9.RELEASE/spring-boot-starter-parent-1.5.9.RELEASE.pom
2022-02-02 18:39:43,240 [Worker-23: Building] INFO  o.e.m.c.i.e.AbstractTransferListenerAdapter - Downloaded https://repo.maven.apache.org/maven2/org/springframework/boot/spring-boot-starter-parent/1.5.9.RELEASE/spring-boot-starter-parent-1.5.9.RELEASE.pom
2022-02-02 18:39:43,517 [Worker-23: Building] INFO  o.e.m.c.i.e.AbstractTransferListenerAdapter - Downloading https://repo.maven.apache.org/maven2/org/springframework/boot/spring-boot-dependencies/1.5.9.RELEASE/spring-boot-dependencies-1.5.9.RELEASE.pom
2022-02-02 18:39:44,326 [Worker-23: Building] INFO  o.e.m.c.i.e.AbstractTransferListenerAdapter - Downloaded https://repo.maven.apache.org/maven2/org/springframework/boot/spring-boot-dependencies/1.5.9.RELEASE/spring-boot-dependencies-1.5.9.RELEASE.pom
2022-02-02 18:39:44,673 [Worker-23: Building] INFO  o.e.m.c.i.e.AbstractTransferListenerAdapter - Downloading https://repo.maven.apache.org/maven2/org/springframework/data/spring-data-releasetrain/Ingalls-SR9/spring-data-releasetrain-Ingalls-SR9.pom
2022-02-02 18:39:44,934 [Worker-23: Building] INFO  o.e.m.c.i.e.AbstractTransferListenerAdapter - Downloaded https://repo.maven.apache.org/maven2/org/springframework/data/spring-data-releasetrain/Ingalls-SR9/spring-data-releasetrain-Ingalls-SR9.pom
2022-02-02 18:39:45,173 [Worker-23: Building] INFO  o.e.m.c.i.e.AbstractTransferListenerAdapter - Downloading https://repo.maven.apache.org/maven2/org/springframework/data/build/spring-data-build/1.9.9.RELEASE/spring-data-build-1.9.9.RELEASE.pom
2022-02-02 18:39:45,398 [Worker-23: Building] INFO  o.e.m.c.i.e.AbstractTransferListenerAdapter - Downloaded https://repo.maven.apache.org/maven2/org/springframework/data/build/spring-data-build/1.9.9.RELEASE/spring-data-build-1.9.9.RELEASE.pom
2022-02-02 18:39:45,882 [Worker-23: Building] INFO  o.e.m.c.i.e.AbstractTransferListenerAdapter - Downloading https://repo.maven.apache.org/maven2/org/springframework/integration/spring-integration-bom/4.3.12.RELEASE/spring-integration-bom-4.3.12.RELEASE.pom
2022-02-02 18:39:46,173 [Worker-23: Building] INFO  o.e.m.c.i.e.AbstractTransferListenerAdapter - Downloaded https://repo.maven.apache.org/maven2/org/springframework/integration/spring-integration-bom/4.3.12.RELEASE/spring-integration-bom-4.3.12.RELEASE.pom
2022-02-02 18:39:46,415 [Worker-23: Building] INFO  o.e.m.c.i.e.AbstractTransferListenerAdapter - Downloading https://repo.maven.apache.org/maven2/org/springframework/security/spring-security-bom/4.2.3.RELEASE/spring-security-bom-4.2.3.RELEASE.pom
2022-02-02 18:39:46,686 [Worker-23: Building] INFO  o.e.m.c.i.e.AbstractTransferListenerAdapter - Downloaded https://repo.maven.apache.org/maven2/org/springframework/security/spring-security-bom/4.2.3.RELEASE/spring-security-bom-4.2.3.RELEASE.pom
2022-02-02 18:39:47,291 [Worker-23: Building] INFO  o.e.m.c.i.l.LifecycleMappingFactory - Using org.eclipse.m2e.jdt.JarLifecycleMapping lifecycle mapping for MavenProject: com.kirin:miaosha_1:0.0.1-SNAPSHOT @ E:\Work\ideajava\GraduationProject\SecKill\SecKill\miaosha_1\pom.xml.
2022-02-02 18:39:47,648 [Worker-23: Building] INFO  o.e.m.c.i.e.AbstractTransferListenerAdapter - Downloading https://repo.maven.apache.org/maven2/org/springframework/boot/spring-boot-starter-web/1.5.9.RELEASE/spring-boot-starter-web-1.5.9.RELEASE.pom
2022-02-02 18:39:47,899 [Worker-23: Building] INFO  o.e.m.c.i.e.AbstractTransferListenerAdapter - Downloaded https://repo.maven.apache.org/maven2/org/springframework/boot/spring-boot-starter-web/1.5.9.RELEASE/spring-boot-starter-web-1.5.9.RELEASE.pom
2022-02-02 18:39:48,129 [Worker-23: Building] INFO  o.e.m.c.i.e.AbstractTransferListenerAdapter - Downloading https://repo.maven.apache.org/maven2/org/springframework/boot/spring-boot-starters/1.5.9.RELEASE/spring-boot-starters-1.5.9.RELEASE.pom
2022-02-02 18:39:48,377 [Worker-23: Building] INFO  o.e.m.c.i.e.AbstractTransferListenerAdapter - Downloaded https://repo.maven.apache.org/maven2/org/springframework/boot/spring-boot-starters/1.5.9.RELEASE/spring-boot-starters-1.5.9.RELEASE.pom
2022-02-02 18:39:48,610 [Worker-23: Building] INFO  o.e.m.c.i.e.AbstractTransferListenerAdapter - Downloading https://repo.maven.apache.org/maven2/org/springframework/boot/spring-boot-parent/1.5.9.RELEASE/spring-boot-parent-1.5.9.RELEASE.pom
2022-02-02 18:39:49,063 [Worker-23: Building] INFO  o.e.m.c.i.e.AbstractTransferListenerAdapter - Downloaded https://repo.maven.apache.org/maven2/org/springframework/boot/spring-boot-parent/1.5.9.RELEASE/spring-boot-parent-1.5.9.RELEASE.pom
2022-02-02 18:39:49,339 [Worker-23: Building] INFO  o.e.m.c.i.e.AbstractTransferListenerAdapter - Downloading https://repo.maven.apache.org/maven2/org/springframework/boot/spring-boot-starter/1.5.9.RELEASE/spring-boot-starter-1.5.9.RELEASE.pom
2022-02-02 18:39:49,580 [Worker-23: Building] INFO  o.e.m.c.i.e.AbstractTransferListenerAdapter - Downloaded https://repo.maven.apache.org/maven2/org/springframework/boot/spring-boot-starter/1.5.9.RELEASE/spring-boot-starter-1.5.9.RELEASE.pom
2022-02-02 18:39:49,811 [Worker-23: Building] INFO  o.e.m.c.i.e.AbstractTransferListenerAdapter - Downloading https://repo.maven.apache.org/maven2/org/springframework/boot/spring-boot/1.5.9.RELEASE/spring-boot-1.5.9.RELEASE.pom
2022-02-02 18:39:50,067 [Worker-23: Building] INFO  o.e.m.c.i.e.AbstractTransferListenerAdapter - Downloaded https://repo.maven.apache.org/maven2/org/springframework/boot/spring-boot/1.5.9.RELEASE/spring-boot-1.5.9.RELEASE.pom
2022-02-02 18:39:50,305 [Worker-23: Building] INFO  o.e.m.c.i.e.AbstractTransferListenerAdapter - Downloading https://repo.maven.apache.org/maven2/org/springframework/spring-core/4.3.13.RELEASE/spring-core-4.3.13.RELEASE.pom
2022-02-02 18:39:50,562 [Worker-23: Building] INFO  o.e.m.c.i.e.AbstractTransferListenerAdapter - Downloaded https://repo.maven.apache.org/maven2/org/springframework/spring-core/4.3.13.RELEASE/spring-core-4.3.13.RELEASE.pom
2022-02-02 18:39:51,006 [Worker-23: Building] INFO  o.e.m.c.i.e.AbstractTransferListenerAdapter - Downloading https://repo.maven.apache.org/maven2/org/springframework/spring-context/4.3.13.RELEASE/spring-context-4.3.13.RELEASE.pom
2022-02-02 18:39:51,277 [Worker-23: Building] INFO  o.e.m.c.i.e.AbstractTransferListenerAdapter - Downloaded https://repo.maven.apache.org/maven2/org/springframework/spring-context/4.3.13.RELEASE/spring-context-4.3.13.RELEASE.pom
2022-02-02 18:39:51,500 [Worker-23: Building] INFO  o.e.m.c.i.e.AbstractTransferListenerAdapter - Downloading https://repo.maven.apache.org/maven2/org/springframework/spring-aop/4.3.13.RELEASE/spring-aop-4.3.13.RELEASE.pom
2022-02-02 18:39:52,416 [Worker-23: Building] INFO  o.e.m.c.i.e.AbstractTransferListenerAdapter - Downloaded https://repo.maven.apache.org/maven2/org/springframework/spring-aop/4.3.13.RELEASE/spring-aop-4.3.13.RELEASE.pom
2022-02-02 18:39:52,657 [Worker-23: Building] INFO  o.e.m.c.i.e.AbstractTransferListenerAdapter - Downloading https://repo.maven.apache.org/maven2/org/springframework/spring-beans/4.3.13.RELEASE/spring-beans-4.3.13.RELEASE.pom
2022-02-02 18:39:53,349 [Worker-23: Building] INFO  o.e.m.c.i.e.AbstractTransferListenerAdapter - Downloaded https://repo.maven.apache.org/maven2/org/springframework/spring-beans/4.3.13.RELEASE/spring-beans-4.3.13.RELEASE.pom
2022-02-02 18:39:54,082 [Worker-23: Building] INFO  o.e.m.c.i.e.AbstractTransferListenerAdapter - Downloading https://repo.maven.apache.org/maven2/org/springframework/spring-expression/4.3.13.RELEASE/spring-expression-4.3.13.RELEASE.pom
2022-02-02 18:39:54,620 [Worker-23: Building] INFO  o.e.m.c.i.e.AbstractTransferListenerAdapter - Downloaded https://repo.maven.apache.org/maven2/org/springframework/spring-expression/4.3.13.RELEASE/spring-expression-4.3.13.RELEASE.pom
2022-02-02 18:39:55,212 [Worker-23: Building] INFO  o.e.m.c.i.e.AbstractTransferListenerAdapter - Downloading https://repo.maven.apache.org/maven2/org/springframework/boot/spring-boot-autoconfigure/1.5.9.RELEASE/spring-boot-autoconfigure-1.5.9.RELEASE.pom
2022-02-02 18:39:57,519 [Worker-23: Building] INFO  o.e.m.c.i.e.AbstractTransferListenerAdapter - Downloaded https://repo.maven.apache.org/maven2/org/springframework/boot/spring-boot-autoconfigure/1.5.9.RELEASE/spring-boot-autoconfigure-1.5.9.RELEASE.pom
2022-02-02 18:39:57,792 [Worker-23: Building] INFO  o.e.m.c.i.e.AbstractTransferListenerAdapter - Downloading https://repo.maven.apache.org/maven2/org/springframework/boot/spring-boot-starter-logging/1.5.9.RELEASE/spring-boot-starter-logging-1.5.9.RELEASE.pom
2022-02-02 18:39:58,035 [Worker-23: Building] INFO  o.e.m.c.i.e.AbstractTransferListenerAdapter - Downloaded https://repo.maven.apache.org/maven2/org/springframework/boot/spring-boot-starter-logging/1.5.9.RELEASE/spring-boot-starter-logging-1.5.9.RELEASE.pom
2022-02-02 18:39:58,324 [Worker-23: Building] INFO  o.e.m.c.i.e.AbstractTransferListenerAdapter - Downloading https://repo.maven.apache.org/maven2/org/springframework/boot/spring-boot-starter-tomcat/1.5.9.RELEASE/spring-boot-starter-tomcat-1.5.9.RELEASE.pom
2022-02-02 18:39:58,655 [Worker-23: Building] INFO  o.e.m.c.i.e.AbstractTransferListenerAdapter - Downloaded https://repo.maven.apache.org/maven2/org/springframework/boot/spring-boot-starter-tomcat/1.5.9.RELEASE/spring-boot-starter-tomcat-1.5.9.RELEASE.pom
2022-02-02 18:39:58,875 [Worker-23: Building] INFO  o.e.m.c.i.e.AbstractTransferListenerAdapter - Downloading https://repo.maven.apache.org/maven2/org/apache/tomcat/embed/tomcat-embed-core/8.5.23/tomcat-embed-core-8.5.23.pom
2022-02-02 18:39:59,161 [Worker-23: Building] INFO  o.e.m.c.i.e.AbstractTransferListenerAdapter - Downloaded https://repo.maven.apache.org/maven2/org/apache/tomcat/embed/tomcat-embed-core/8.5.23/tomcat-embed-core-8.5.23.pom
2022-02-02 18:39:59,377 [Worker-23: Building] INFO  o.e.m.c.i.e.AbstractTransferListenerAdapter - Downloading https://repo.maven.apache.org/maven2/org/apache/tomcat/tomcat-annotations-api/8.5.23/tomcat-annotations-api-8.5.23.pom
2022-02-02 18:39:59,653 [Worker-23: Building] INFO  o.e.m.c.i.e.AbstractTransferListenerAdapter - Downloaded https://repo.maven.apache.org/maven2/org/apache/tomcat/tomcat-annotations-api/8.5.23/tomcat-annotations-api-8.5.23.pom
2022-02-02 18:39:59,876 [Worker-23: Building] INFO  o.e.m.c.i.e.AbstractTransferListenerAdapter - Downloading https://repo.maven.apache.org/maven2/org/apache/tomcat/embed/tomcat-embed-el/8.5.23/tomcat-embed-el-8.5.23.pom
2022-02-02 18:40:00,173 [Worker-23: Building] INFO  o.e.m.c.i.e.AbstractTransferListenerAdapter - Downloaded https://repo.maven.apache.org/maven2/org/apache/tomcat/embed/tomcat-embed-el/8.5.23/tomcat-embed-el-8.5.23.pom
2022-02-02 18:40:00,387 [Worker-23: Building] INFO  o.e.m.c.i.e.AbstractTransferListenerAdapter - Downloading https://repo.maven.apache.org/maven2/org/apache/tomcat/embed/tomcat-embed-websocket/8.5.23/tomcat-embed-websocket-8.5.23.pom
2022-02-02 18:40:00,677 [Worker-23: Building] INFO  o.e.m.c.i.e.AbstractTransferListenerAdapter - Downloaded https://repo.maven.apache.org/maven2/org/apache/tomcat/embed/tomcat-embed-websocket/8.5.23/tomcat-embed-websocket-8.5.23.pom
2022-02-02 18:40:00,976 [Worker-23: Building] INFO  o.e.m.c.i.e.AbstractTransferListenerAdapter - Downloading https://repo.maven.apache.org/maven2/org/springframework/spring-web/4.3.13.RELEASE/spring-web-4.3.13.RELEASE.pom
2022-02-02 18:40:01,610 [Worker-23: Building] INFO  o.e.m.c.i.e.AbstractTransferListenerAdapter - Downloaded https://repo.maven.apache.org/maven2/org/springframework/spring-web/4.3.13.RELEASE/spring-web-4.3.13.RELEASE.pom
2022-02-02 18:40:01,844 [Worker-23: Building] INFO  o.e.m.c.i.e.AbstractTransferListenerAdapter - Downloading https://repo.maven.apache.org/maven2/org/springframework/spring-webmvc/4.3.13.RELEASE/spring-webmvc-4.3.13.RELEASE.pom
2022-02-02 18:40:02,391 [Worker-23: Building] INFO  o.e.m.c.i.e.AbstractTransferListenerAdapter - Downloaded https://repo.maven.apache.org/maven2/org/springframework/spring-webmvc/4.3.13.RELEASE/spring-webmvc-4.3.13.RELEASE.pom
2022-02-02 18:40:02,682 [AetherRepositoryConnector-repo.maven.apache.org-0-1] INFO  o.e.m.c.i.e.AbstractTransferListenerAdapter - Downloading https://repo.maven.apache.org/maven2/org/springframework/boot/spring-boot-starter/1.5.9.RELEASE/spring-boot-starter-1.5.9.RELEASE.jar
2022-02-02 18:40:02,873 [AetherRepositoryConnector-repo.maven.apache.org-0-4] INFO  o.e.m.c.i.e.AbstractTransferListenerAdapter - Downloading https://repo.maven.apache.org/maven2/org/springframework/boot/spring-boot-starter-logging/1.5.9.RELEASE/spring-boot-starter-logging-1.5.9.RELEASE.jar
2022-02-02 18:40:02,968 [AetherRepositoryConnector-repo.maven.apache.org-0-0] INFO  o.e.m.c.i.e.AbstractTransferListenerAdapter - Downloading https://repo.maven.apache.org/maven2/org/springframework/boot/spring-boot-starter-web/1.5.9.RELEASE/spring-boot-starter-web-1.5.9.RELEASE.jar
2022-02-02 18:40:03,078 [AetherRepositoryConnector-repo.maven.apache.org-0-2] INFO  o.e.m.c.i.e.AbstractTransferListenerAdapter - Downloading https://repo.maven.apache.org/maven2/org/springframework/boot/spring-boot/1.5.9.RELEASE/spring-boot-1.5.9.RELEASE.jar
2022-02-02 18:40:03,172 [AetherRepositoryConnector-repo.maven.apache.org-0-3] INFO  o.e.m.c.i.e.AbstractTransferListenerAdapter - Downloading https://repo.maven.apache.org/maven2/org/springframework/boot/spring-boot-autoconfigure/1.5.9.RELEASE/spring-boot-autoconfigure-1.5.9.RELEASE.jar
2022-02-02 18:40:03,254 [AetherRepositoryConnector-repo.maven.apache.org-0-1] INFO  o.e.m.c.i.e.AbstractTransferListenerAdapter - Downloaded https://repo.maven.apache.org/maven2/org/springframework/boot/spring-boot-starter/1.5.9.RELEASE/spring-boot-starter-1.5.9.RELEASE.jar
2022-02-02 18:40:03,460 [AetherRepositoryConnector-repo.maven.apache.org-0-4] INFO  o.e.m.c.i.e.AbstractTransferListenerAdapter - Downloaded https://repo.maven.apache.org/maven2/org/springframework/boot/spring-boot-starter-logging/1.5.9.RELEASE/spring-boot-starter-logging-1.5.9.RELEASE.jar
2022-02-02 18:40:03,461 [AetherRepositoryConnector-repo.maven.apache.org-0-0] INFO  o.e.m.c.i.e.AbstractTransferListenerAdapter - Downloaded https://repo.maven.apache.org/maven2/org/springframework/boot/spring-boot-starter-web/1.5.9.RELEASE/spring-boot-starter-web-1.5.9.RELEASE.jar
2022-02-02 18:40:03,584 [AetherRepositoryConnector-repo.maven.apache.org-0-1] INFO  o.e.m.c.i.e.AbstractTransferListenerAdapter - Downloading https://repo.maven.apache.org/maven2/org/springframework/spring-core/4.3.13.RELEASE/spring-core-4.3.13.RELEASE.jar
2022-02-02 18:40:03,821 [AetherRepositoryConnector-repo.maven.apache.org-0-4] INFO  o.e.m.c.i.e.AbstractTransferListenerAdapter - Downloading https://repo.maven.apache.org/maven2/org/springframework/boot/spring-boot-starter-tomcat/1.5.9.RELEASE/spring-boot-starter-tomcat-1.5.9.RELEASE.jar
2022-02-02 18:40:03,822 [AetherRepositoryConnector-repo.maven.apache.org-0-0] INFO  o.e.m.c.i.e.AbstractTransferListenerAdapter - Downloading https://repo.maven.apache.org/maven2/org/apache/tomcat/embed/tomcat-embed-core/8.5.23/tomcat-embed-core-8.5.23.jar
2022-02-02 18:40:04,793 [AetherRepositoryConnector-repo.maven.apache.org-0-4] INFO  o.e.m.c.i.e.AbstractTransferListenerAdapter - Downloaded https://repo.maven.apache.org/maven2/org/springframework/boot/spring-boot-starter-tomcat/1.5.9.RELEASE/spring-boot-starter-tomcat-1.5.9.RELEASE.jar
2022-02-02 18:40:05,071 [AetherRepositoryConnector-repo.maven.apache.org-0-4] INFO  o.e.m.c.i.e.AbstractTransferListenerAdapter - Downloading https://repo.maven.apache.org/maven2/org/apache/tomcat/tomcat-annotations-api/8.5.23/tomcat-annotations-api-8.5.23.jar
2022-02-02 18:40:06,718 [AetherRepositoryConnector-repo.maven.apache.org-0-4] INFO  o.e.m.c.i.e.AbstractTransferListenerAdapter - Downloaded https://repo.maven.apache.org/maven2/org/apache/tomcat/tomcat-annotations-api/8.5.23/tomcat-annotations-api-8.5.23.jar
2022-02-02 18:40:06,978 [AetherRepositoryConnector-repo.maven.apache.org-0-4] INFO  o.e.m.c.i.e.AbstractTransferListenerAdapter - Downloading https://repo.maven.apache.org/maven2/org/apache/tomcat/embed/tomcat-embed-el/8.5.23/tomcat-embed-el-8.5.23.jar
2022-02-02 18:40:15,468 [AetherRepositoryConnector-repo.maven.apache.org-0-4] INFO  o.e.m.c.i.e.AbstractTransferListenerAdapter - Downloaded https://repo.maven.apache.org/maven2/org/apache/tomcat/embed/tomcat-embed-el/8.5.23/tomcat-embed-el-8.5.23.jar
2022-02-02 18:40:15,788 [AetherRepositoryConnector-repo.maven.apache.org-0-4] INFO  o.e.m.c.i.e.AbstractTransferListenerAdapter - Downloading https://repo.maven.apache.org/maven2/org/apache/tomcat/embed/tomcat-embed-websocket/8.5.23/tomcat-embed-websocket-8.5.23.jar
2022-02-02 18:40:31,366 [AetherRepositoryConnector-repo.maven.apache.org-0-4] INFO  o.e.m.c.i.e.AbstractTransferListenerAdapter - Downloaded https://repo.maven.apache.org/maven2/org/apache/tomcat/embed/tomcat-embed-websocket/8.5.23/tomcat-embed-websocket-8.5.23.jar
2022-02-02 18:40:31,720 [AetherRepositoryConnector-repo.maven.apache.org-0-4] INFO  o.e.m.c.i.e.AbstractTransferListenerAdapter - Downloading https://repo.maven.apache.org/maven2/org/springframework/spring-web/4.3.13.RELEASE/spring-web-4.3.13.RELEASE.jar
2022-02-02 18:40:38,272 [AetherRepositoryConnector-repo.maven.apache.org-0-2] INFO  o.e.m.c.i.e.AbstractTransferListenerAdapter - Downloaded https://repo.maven.apache.org/maven2/org/springframework/boot/spring-boot/1.5.9.RELEASE/spring-boot-1.5.9.RELEASE.jar
2022-02-02 18:40:38,522 [AetherRepositoryConnector-repo.maven.apache.org-0-2] INFO  o.e.m.c.i.e.AbstractTransferListenerAdapter - Downloading https://repo.maven.apache.org/maven2/org/springframework/spring-aop/4.3.13.RELEASE/spring-aop-4.3.13.RELEASE.jar
2022-02-02 18:40:48,844 [AetherRepositoryConnector-repo.maven.apache.org-0-3] INFO  o.e.m.c.i.e.AbstractTransferListenerAdapter - Downloaded https://repo.maven.apache.org/maven2/org/springframework/boot/spring-boot-autoconfigure/1.5.9.RELEASE/spring-boot-autoconfigure-1.5.9.RELEASE.jar
2022-02-02 18:40:49,078 [AetherRepositoryConnector-repo.maven.apache.org-0-3] INFO  o.e.m.c.i.e.AbstractTransferListenerAdapter - Downloading https://repo.maven.apache.org/maven2/org/springframework/spring-beans/4.3.13.RELEASE/spring-beans-4.3.13.RELEASE.jar
2022-02-02 18:40:50,831 [AetherRepositoryConnector-repo.maven.apache.org-0-2] INFO  o.e.m.c.i.e.AbstractTransferListenerAdapter - Downloaded https://repo.maven.apache.org/maven2/org/springframework/spring-aop/4.3.13.RELEASE/spring-aop-4.3.13.RELEASE.jar
2022-02-02 18:40:51,214 [AetherRepositoryConnector-repo.maven.apache.org-0-2] INFO  o.e.m.c.i.e.AbstractTransferListenerAdapter - Downloading https://repo.maven.apache.org/maven2/org/springframework/spring-context/4.3.13.RELEASE/spring-context-4.3.13.RELEASE.jar
2022-02-02 18:40:51,325 [AetherRepositoryConnector-repo.maven.apache.org-0-1] INFO  o.e.m.c.i.e.AbstractTransferListenerAdapter - Downloaded https://repo.maven.apache.org/maven2/org/springframework/spring-core/4.3.13.RELEASE/spring-core-4.3.13.RELEASE.jar
2022-02-02 18:40:51,571 [AetherRepositoryConnector-repo.maven.apache.org-0-1] INFO  o.e.m.c.i.e.AbstractTransferListenerAdapter - Downloading https://repo.maven.apache.org/maven2/org/springframework/spring-webmvc/4.3.13.RELEASE/spring-webmvc-4.3.13.RELEASE.jar
2022-02-02 18:41:05,018 [AetherRepositoryConnector-repo.maven.apache.org-0-4] INFO  o.e.m.c.i.e.AbstractTransferListenerAdapter - Downloaded https://repo.maven.apache.org/maven2/org/springframework/spring-web/4.3.13.RELEASE/spring-web-4.3.13.RELEASE.jar
2022-02-02 18:41:05,268 [AetherRepositoryConnector-repo.maven.apache.org-0-4] INFO  o.e.m.c.i.e.AbstractTransferListenerAdapter - Downloading https://repo.maven.apache.org/maven2/org/springframework/spring-expression/4.3.13.RELEASE/spring-expression-4.3.13.RELEASE.jar
2022-02-02 18:41:21,232 [AetherRepositoryConnector-repo.maven.apache.org-0-4] INFO  o.e.m.c.i.e.AbstractTransferListenerAdapter - Downloaded https://repo.maven.apache.org/maven2/org/springframework/spring-expression/4.3.13.RELEASE/spring-expression-4.3.13.RELEASE.jar
2022-02-02 18:41:27,042 [AetherRepositoryConnector-repo.maven.apache.org-0-3] INFO  o.e.m.c.i.e.AbstractTransferListenerAdapter - Downloaded https://repo.maven.apache.org/maven2/org/springframework/spring-beans/4.3.13.RELEASE/spring-beans-4.3.13.RELEASE.jar
2022-02-02 18:41:36,641 [AetherRepositoryConnector-repo.maven.apache.org-0-1] INFO  o.e.m.c.i.e.AbstractTransferListenerAdapter - Downloaded https://repo.maven.apache.org/maven2/org/springframework/spring-webmvc/4.3.13.RELEASE/spring-webmvc-4.3.13.RELEASE.jar
2022-02-02 18:41:40,954 [AetherRepositoryConnector-repo.maven.apache.org-0-2] INFO  o.e.m.c.i.e.AbstractTransferListenerAdapter - Downloaded https://repo.maven.apache.org/maven2/org/springframework/spring-context/4.3.13.RELEASE/spring-context-4.3.13.RELEASE.jar
2022-02-02 18:41:47,316 [AetherRepositoryConnector-repo.maven.apache.org-0-0] INFO  o.e.m.c.i.e.AbstractTransferListenerAdapter - Downloaded https://repo.maven.apache.org/maven2/org/apache/tomcat/embed/tomcat-embed-core/8.5.23/tomcat-embed-core-8.5.23.jar
2022-02-02 18:41:48,860 [Worker-23: Building] INFO  o.e.m.c.i.embedder.EclipseLogger - Using 'UTF-8' encoding to copy filtered resources.
2022-02-02 18:41:48,860 [Worker-23: Building] INFO  o.e.m.c.i.embedder.EclipseLogger - skip non existing resourceDirectory E:\Work\ideajava\GraduationProject\SecKill\SecKill\miaosha_1\src\main\resources
2022-02-02 18:41:48,860 [Worker-23: Building] INFO  o.e.m.c.i.embedder.EclipseLogger - skip non existing resourceDirectory E:\Work\ideajava\GraduationProject\SecKill\SecKill\miaosha_1\src\main\resources
2022-02-02 18:41:48,862 [Worker-23: Building] INFO  o.e.m.c.i.embedder.EclipseLogger - Using 'UTF-8' encoding to copy filtered resources.
2022-02-02 18:41:48,862 [Worker-23: Building] INFO  o.e.m.c.i.embedder.EclipseLogger - skip non existing resourceDirectory E:\Work\ideajava\GraduationProject\SecKill\SecKill\miaosha_1\src\test\resources
2022-02-02 18:41:50,305 [Worker-50: Building] INFO  o.e.m.c.i.embedder.EclipseLogger - Using 'UTF-8' encoding to copy filtered resources.
2022-02-02 18:41:50,306 [Worker-50: Building] INFO  o.e.m.c.i.embedder.EclipseLogger - skip non existing resourceDirectory E:\Work\ideajava\GraduationProject\SecKill\SecKill\miaosha_1\src\main\resources
2022-02-02 18:41:50,306 [Worker-50: Building] INFO  o.e.m.c.i.embedder.EclipseLogger - skip non existing resourceDirectory E:\Work\ideajava\GraduationProject\SecKill\SecKill\miaosha_1\src\main\resources
2022-02-02 18:41:50,307 [Worker-50: Building] INFO  o.e.m.c.i.embedder.EclipseLogger - Using 'UTF-8' encoding to copy filtered resources.
2022-02-02 18:41:50,307 [Worker-50: Building] INFO  o.e.m.c.i.embedder.EclipseLogger - skip non existing resourceDirectory E:\Work\ideajava\GraduationProject\SecKill\SecKill\miaosha_1\src\test\resources
2022-02-02 18:41:51,125 [Worker-43: Download sources and javadoc] INFO  o.e.m.c.i.e.AbstractTransferListenerAdapter - Downloading https://repo.maven.apache.org/maven2/org/springframework/boot/spring-boot-starter-web/1.5.9.RELEASE/spring-boot-starter-web-1.5.9.RELEASE-sources.jar
2022-02-02 18:41:51,669 [Worker-43: Download sources and javadoc] INFO  o.e.m.c.i.e.AbstractTransferListenerAdapter - Downloaded https://repo.maven.apache.org/maven2/org/springframework/boot/spring-boot-starter-web/1.5.9.RELEASE/spring-boot-starter-web-1.5.9.RELEASE-sources.jar
2022-02-02 18:41:51,730 [Worker-43: Download sources and javadoc] INFO  o.e.m.j.internal.DownloadSourcesJob - Downloaded sources for org.springframework.boot:spring-boot-starter-web:1.5.9.RELEASE
2022-02-02 18:41:52,635 [Worker-43: Download sources and javadoc] INFO  o.e.m.c.i.e.AbstractTransferListenerAdapter - Downloading https://repo.maven.apache.org/maven2/org/springframework/boot/spring-boot-starter/1.5.9.RELEASE/spring-boot-starter-1.5.9.RELEASE-sources.jar
2022-02-02 18:41:53,074 [Worker-43: Download sources and javadoc] INFO  o.e.m.c.i.e.AbstractTransferListenerAdapter - Downloaded https://repo.maven.apache.org/maven2/org/springframework/boot/spring-boot-starter/1.5.9.RELEASE/spring-boot-starter-1.5.9.RELEASE-sources.jar
2022-02-02 18:41:53,136 [Worker-43: Download sources and javadoc] INFO  o.e.m.j.internal.DownloadSourcesJob - Downloaded sources for org.springframework.boot:spring-boot-starter:1.5.9.RELEASE
2022-02-02 18:41:54,026 [Worker-43: Download sources and javadoc] INFO  o.e.m.c.i.e.AbstractTransferListenerAdapter - Downloading https://repo.maven.apache.org/maven2/org/springframework/boot/spring-boot/1.5.9.RELEASE/spring-boot-1.5.9.RELEASE-sources.jar
2022-02-02 18:41:55,726 [Worker-43: Download sources and javadoc] INFO  o.e.m.c.i.e.AbstractTransferListenerAdapter - Downloaded https://repo.maven.apache.org/maven2/org/springframework/boot/spring-boot/1.5.9.RELEASE/spring-boot-1.5.9.RELEASE-sources.jar
2022-02-02 18:41:55,794 [Worker-43: Download sources and javadoc] INFO  o.e.m.j.internal.DownloadSourcesJob - Downloaded sources for org.springframework.boot:spring-boot:1.5.9.RELEASE
2022-02-02 18:41:56,663 [Worker-43: Download sources and javadoc] INFO  o.e.m.c.i.e.AbstractTransferListenerAdapter - Downloading https://repo.maven.apache.org/maven2/org/springframework/boot/spring-boot-autoconfigure/1.5.9.RELEASE/spring-boot-autoconfigure-1.5.9.RELEASE-sources.jar
2022-02-02 18:41:58,293 [Worker-43: Download sources and javadoc] INFO  o.e.m.c.i.e.AbstractTransferListenerAdapter - Downloaded https://repo.maven.apache.org/maven2/org/springframework/boot/spring-boot-autoconfigure/1.5.9.RELEASE/spring-boot-autoconfigure-1.5.9.RELEASE-sources.jar
2022-02-02 18:41:58,362 [Worker-43: Download sources and javadoc] INFO  o.e.m.j.internal.DownloadSourcesJob - Downloaded sources for org.springframework.boot:spring-boot-autoconfigure:1.5.9.RELEASE
2022-02-02 18:41:59,220 [Worker-43: Download sources and javadoc] INFO  o.e.m.c.i.e.AbstractTransferListenerAdapter - Downloading https://repo.maven.apache.org/maven2/org/springframework/boot/spring-boot-starter-logging/1.5.9.RELEASE/spring-boot-starter-logging-1.5.9.RELEASE-sources.jar
2022-02-02 18:41:59,645 [Worker-43: Download sources and javadoc] INFO  o.e.m.c.i.e.AbstractTransferListenerAdapter - Downloaded https://repo.maven.apache.org/maven2/org/springframework/boot/spring-boot-starter-logging/1.5.9.RELEASE/spring-boot-starter-logging-1.5.9.RELEASE-sources.jar
2022-02-02 18:41:59,697 [Worker-43: Download sources and javadoc] INFO  o.e.m.j.internal.DownloadSourcesJob - Downloaded sources for org.springframework.boot:spring-boot-starter-logging:1.5.9.RELEASE
2022-02-02 18:42:00,601 [Worker-43: Download sources and javadoc] INFO  o.e.m.c.i.e.AbstractTransferListenerAdapter - Downloading https://repo.maven.apache.org/maven2/ch/qos/logback/logback-classic/1.1.11/logback-classic-1.1.11-sources.jar
2022-02-02 18:42:01,803 [Worker-43: Download sources and javadoc] INFO  o.e.m.c.i.e.AbstractTransferListenerAdapter - Downloaded https://repo.maven.apache.org/maven2/ch/qos/logback/logback-classic/1.1.11/logback-classic-1.1.11-sources.jar
2022-02-02 18:42:01,970 [Worker-43: Download sources and javadoc] INFO  o.e.m.j.internal.DownloadSourcesJob - Downloaded sources for ch.qos.logback:logback-classic:1.1.11
2022-02-02 18:42:02,832 [Worker-43: Download sources and javadoc] INFO  o.e.m.c.i.e.AbstractTransferListenerAdapter - Downloading https://repo.maven.apache.org/maven2/ch/qos/logback/logback-core/1.1.11/logback-core-1.1.11-sources.jar
2022-02-02 18:42:04,185 [Worker-43: Download sources and javadoc] INFO  o.e.m.c.i.e.AbstractTransferListenerAdapter - Downloaded https://repo.maven.apache.org/maven2/ch/qos/logback/logback-core/1.1.11/logback-core-1.1.11-sources.jar
2022-02-02 18:42:04,236 [Worker-43: Download sources and javadoc] INFO  o.e.m.j.internal.DownloadSourcesJob - Downloaded sources for ch.qos.logback:logback-core:1.1.11
2022-02-02 18:42:05,123 [Worker-43: Download sources and javadoc] INFO  o.e.m.c.i.e.AbstractTransferListenerAdapter - Downloading https://repo.maven.apache.org/maven2/org/slf4j/slf4j-api/1.7.25/slf4j-api-1.7.25-sources.jar
2022-02-02 18:42:05,580 [Worker-43: Download sources and javadoc] INFO  o.e.m.c.i.e.AbstractTransferListenerAdapter - Downloaded https://repo.maven.apache.org/maven2/org/slf4j/slf4j-api/1.7.25/slf4j-api-1.7.25-sources.jar
2022-02-02 18:42:05,649 [Worker-43: Download sources and javadoc] INFO  o.e.m.j.internal.DownloadSourcesJob - Downloaded sources for org.slf4j:slf4j-api:1.7.25
2022-02-02 18:42:06,530 [Worker-43: Download sources and javadoc] INFO  o.e.m.c.i.e.AbstractTransferListenerAdapter - Downloading https://repo.maven.apache.org/maven2/org/slf4j/jcl-over-slf4j/1.7.25/jcl-over-slf4j-1.7.25-sources.jar
2022-02-02 18:42:06,959 [Worker-43: Download sources and javadoc] INFO  o.e.m.c.i.e.AbstractTransferListenerAdapter - Downloaded https://repo.maven.apache.org/maven2/org/slf4j/jcl-over-slf4j/1.7.25/jcl-over-slf4j-1.7.25-sources.jar
2022-02-02 18:42:07,021 [Worker-43: Download sources and javadoc] INFO  o.e.m.j.internal.DownloadSourcesJob - Downloaded sources for org.slf4j:jcl-over-slf4j:1.7.25
2022-02-02 18:42:07,875 [Worker-43: Download sources and javadoc] INFO  o.e.m.c.i.e.AbstractTransferListenerAdapter - Downloading https://repo.maven.apache.org/maven2/org/slf4j/jul-to-slf4j/1.7.25/jul-to-slf4j-1.7.25-sources.jar
2022-02-02 18:42:08,287 [Worker-43: Download sources and javadoc] INFO  o.e.m.c.i.e.AbstractTransferListenerAdapter - Downloaded https://repo.maven.apache.org/maven2/org/slf4j/jul-to-slf4j/1.7.25/jul-to-slf4j-1.7.25-sources.jar
2022-02-02 18:42:08,342 [Worker-43: Download sources and javadoc] INFO  o.e.m.j.internal.DownloadSourcesJob - Downloaded sources for org.slf4j:jul-to-slf4j:1.7.25
2022-02-02 18:42:09,183 [Worker-43: Download sources and javadoc] INFO  o.e.m.c.i.e.AbstractTransferListenerAdapter - Downloading https://repo.maven.apache.org/maven2/org/slf4j/log4j-over-slf4j/1.7.25/log4j-over-slf4j-1.7.25-sources.jar
2022-02-02 18:42:09,615 [Worker-43: Download sources and javadoc] INFO  o.e.m.c.i.e.AbstractTransferListenerAdapter - Downloaded https://repo.maven.apache.org/maven2/org/slf4j/log4j-over-slf4j/1.7.25/log4j-over-slf4j-1.7.25-sources.jar
2022-02-02 18:42:09,672 [Worker-43: Download sources and javadoc] INFO  o.e.m.j.internal.DownloadSourcesJob - Downloaded sources for org.slf4j:log4j-over-slf4j:1.7.25
2022-02-02 18:42:10,634 [Worker-43: Download sources and javadoc] INFO  o.e.m.c.i.e.AbstractTransferListenerAdapter - Downloading https://repo.maven.apache.org/maven2/org/springframework/spring-core/4.3.13.RELEASE/spring-core-4.3.13.RELEASE-sources.jar
2022-02-02 18:42:15,464 [Worker-43: Download sources and javadoc] INFO  o.e.m.c.i.e.AbstractTransferListenerAdapter - Downloaded https://repo.maven.apache.org/maven2/org/springframework/spring-core/4.3.13.RELEASE/spring-core-4.3.13.RELEASE-sources.jar
2022-02-02 18:42:15,528 [Worker-43: Download sources and javadoc] INFO  o.e.m.j.internal.DownloadSourcesJob - Downloaded sources for org.springframework:spring-core:4.3.13.RELEASE
2022-02-02 18:42:16,375 [Worker-43: Download sources and javadoc] INFO  o.e.m.c.i.e.AbstractTransferListenerAdapter - Downloading https://repo.maven.apache.org/maven2/org/yaml/snakeyaml/1.17/snakeyaml-1.17-sources.jar
2022-02-02 18:42:17,220 [Worker-43: Download sources and javadoc] INFO  o.e.m.c.i.e.AbstractTransferListenerAdapter - Downloaded https://repo.maven.apache.org/maven2/org/yaml/snakeyaml/1.17/snakeyaml-1.17-sources.jar
2022-02-02 18:42:17,349 [Worker-43: Download sources and javadoc] INFO  o.e.m.j.internal.DownloadSourcesJob - Downloaded sources for org.yaml:snakeyaml:1.17
2022-02-02 18:42:18,202 [Worker-43: Download sources and javadoc] INFO  o.e.m.c.i.e.AbstractTransferListenerAdapter - Downloading https://repo.maven.apache.org/maven2/org/springframework/boot/spring-boot-starter-tomcat/1.5.9.RELEASE/spring-boot-starter-tomcat-1.5.9.RELEASE-sources.jar
2022-02-02 18:42:18,663 [Worker-43: Download sources and javadoc] INFO  o.e.m.c.i.e.AbstractTransferListenerAdapter - Downloaded https://repo.maven.apache.org/maven2/org/springframework/boot/spring-boot-starter-tomcat/1.5.9.RELEASE/spring-boot-starter-tomcat-1.5.9.RELEASE-sources.jar
2022-02-02 18:42:18,717 [Worker-43: Download sources and javadoc] INFO  o.e.m.j.internal.DownloadSourcesJob - Downloaded sources for org.springframework.boot:spring-boot-starter-tomcat:1.5.9.RELEASE
2022-02-02 18:42:19,632 [Worker-43: Download sources and javadoc] INFO  o.e.m.c.i.e.AbstractTransferListenerAdapter - Downloading https://repo.maven.apache.org/maven2/org/apache/tomcat/embed/tomcat-embed-core/8.5.23/tomcat-embed-core-8.5.23-sources.jar
2022-02-02 18:42:26,001 [Worker-43: Download sources and javadoc] INFO  o.e.m.c.i.e.AbstractTransferListenerAdapter - Downloaded https://repo.maven.apache.org/maven2/org/apache/tomcat/embed/tomcat-embed-core/8.5.23/tomcat-embed-core-8.5.23-sources.jar
2022-02-02 18:42:26,062 [Worker-43: Download sources and javadoc] INFO  o.e.m.j.internal.DownloadSourcesJob - Downloaded sources for org.apache.tomcat.embed:tomcat-embed-core:8.5.23
2022-02-02 18:42:28,367 [Worker-43: Download sources and javadoc] INFO  o.e.m.c.i.e.AbstractTransferListenerAdapter - Downloading https://repo.maven.apache.org/maven2/org/apache/tomcat/tomcat-annotations-api/8.5.23/tomcat-annotations-api-8.5.23-sources.jar
2022-02-02 18:42:29,651 [Worker-43: Download sources and javadoc] INFO  o.e.m.c.i.e.AbstractTransferListenerAdapter - Downloaded https://repo.maven.apache.org/maven2/org/apache/tomcat/tomcat-annotations-api/8.5.23/tomcat-annotations-api-8.5.23-sources.jar
2022-02-02 18:42:29,717 [Worker-43: Download sources and javadoc] INFO  o.e.m.j.internal.DownloadSourcesJob - Downloaded sources for org.apache.tomcat:tomcat-annotations-api:8.5.23
2022-02-02 18:42:30,659 [Worker-43: Download sources and javadoc] INFO  o.e.m.c.i.e.AbstractTransferListenerAdapter - Downloading https://repo.maven.apache.org/maven2/org/apache/tomcat/embed/tomcat-embed-el/8.5.23/tomcat-embed-el-8.5.23-sources.jar
2022-02-02 18:42:31,578 [Worker-43: Download sources and javadoc] INFO  o.e.m.c.i.e.AbstractTransferListenerAdapter - Downloaded https://repo.maven.apache.org/maven2/org/apache/tomcat/embed/tomcat-embed-el/8.5.23/tomcat-embed-el-8.5.23-sources.jar
2022-02-02 18:42:31,635 [Worker-43: Download sources and javadoc] INFO  o.e.m.j.internal.DownloadSourcesJob - Downloaded sources for org.apache.tomcat.embed:tomcat-embed-el:8.5.23
2022-02-02 18:42:32,500 [Worker-43: Download sources and javadoc] INFO  o.e.m.c.i.e.AbstractTransferListenerAdapter - Downloading https://repo.maven.apache.org/maven2/org/apache/tomcat/embed/tomcat-embed-websocket/8.5.23/tomcat-embed-websocket-8.5.23-sources.jar
2022-02-02 18:42:33,424 [Worker-43: Download sources and javadoc] INFO  o.e.m.c.i.e.AbstractTransferListenerAdapter - Downloaded https://repo.maven.apache.org/maven2/org/apache/tomcat/embed/tomcat-embed-websocket/8.5.23/tomcat-embed-websocket-8.5.23-sources.jar
2022-02-02 18:42:33,481 [Worker-43: Download sources and javadoc] INFO  o.e.m.j.internal.DownloadSourcesJob - Downloaded sources for org.apache.tomcat.embed:tomcat-embed-websocket:8.5.23
2022-02-02 18:42:34,337 [Worker-43: Download sources and javadoc] INFO  o.e.m.c.i.e.AbstractTransferListenerAdapter - Downloading https://repo.maven.apache.org/maven2/org/hibernate/hibernate-validator/5.3.6.Final/hibernate-validator-5.3.6.Final-sources.jar
2022-02-02 18:42:35,776 [Worker-43: Download sources and javadoc] INFO  o.e.m.c.i.e.AbstractTransferListenerAdapter - Downloaded https://repo.maven.apache.org/maven2/org/hibernate/hibernate-validator/5.3.6.Final/hibernate-validator-5.3.6.Final-sources.jar
2022-02-02 18:42:35,855 [Worker-43: Download sources and javadoc] INFO  o.e.m.j.internal.DownloadSourcesJob - Downloaded sources for org.hibernate:hibernate-validator:5.3.6.Final
2022-02-02 18:42:36,701 [Worker-43: Download sources and javadoc] INFO  o.e.m.c.i.e.AbstractTransferListenerAdapter - Downloading https://repo.maven.apache.org/maven2/org/jboss/logging/jboss-logging/3.3.1.Final/jboss-logging-3.3.1.Final-sources.jar
2022-02-02 18:42:37,204 [Worker-43: Download sources and javadoc] INFO  o.e.m.c.i.e.AbstractTransferListenerAdapter - Downloaded https://repo.maven.apache.org/maven2/org/jboss/logging/jboss-logging/3.3.1.Final/jboss-logging-3.3.1.Final-sources.jar
2022-02-02 18:42:37,292 [Worker-43: Download sources and javadoc] INFO  o.e.m.j.internal.DownloadSourcesJob - Downloaded sources for org.jboss.logging:jboss-logging:3.3.1.Final
2022-02-02 18:42:38,147 [Worker-43: Download sources and javadoc] INFO  o.e.m.c.i.e.AbstractTransferListenerAdapter - Downloading https://repo.maven.apache.org/maven2/com/fasterxml/classmate/1.3.4/classmate-1.3.4-sources.jar
2022-02-02 18:42:38,618 [Worker-43: Download sources and javadoc] INFO  o.e.m.c.i.e.AbstractTransferListenerAdapter - Downloaded https://repo.maven.apache.org/maven2/com/fasterxml/classmate/1.3.4/classmate-1.3.4-sources.jar
2022-02-02 18:42:38,772 [Worker-43: Download sources and javadoc] INFO  o.e.m.j.internal.DownloadSourcesJob - Downloaded sources for com.fasterxml:classmate:1.3.4
2022-02-02 18:42:39,704 [Worker-43: Download sources and javadoc] INFO  o.e.m.c.i.e.AbstractTransferListenerAdapter - Downloading https://repo.maven.apache.org/maven2/com/fasterxml/jackson/core/jackson-databind/2.8.10/jackson-databind-2.8.10-sources.jar
2022-02-02 18:42:42,074 [Worker-43: Download sources and javadoc] INFO  o.e.m.c.i.e.AbstractTransferListenerAdapter - Downloaded https://repo.maven.apache.org/maven2/com/fasterxml/jackson/core/jackson-databind/2.8.10/jackson-databind-2.8.10-sources.jar
2022-02-02 18:42:42,141 [Worker-43: Download sources and javadoc] INFO  o.e.m.j.internal.DownloadSourcesJob - Downloaded sources for com.fasterxml.jackson.core:jackson-databind:2.8.10
2022-02-02 18:42:42,993 [Worker-43: Download sources and javadoc] INFO  o.e.m.c.i.e.AbstractTransferListenerAdapter - Downloading https://repo.maven.apache.org/maven2/com/fasterxml/jackson/core/jackson-annotations/2.8.0/jackson-annotations-2.8.0-sources.jar
2022-02-02 18:42:43,446 [Worker-43: Download sources and javadoc] INFO  o.e.m.c.i.e.AbstractTransferListenerAdapter - Downloaded https://repo.maven.apache.org/maven2/com/fasterxml/jackson/core/jackson-annotations/2.8.0/jackson-annotations-2.8.0-sources.jar
2022-02-02 18:42:43,493 [Worker-43: Download sources and javadoc] INFO  o.e.m.j.internal.DownloadSourcesJob - Downloaded sources for com.fasterxml.jackson.core:jackson-annotations:2.8.0
2022-02-02 18:42:44,351 [Worker-43: Download sources and javadoc] INFO  o.e.m.c.i.e.AbstractTransferListenerAdapter - Downloading https://repo.maven.apache.org/maven2/com/fasterxml/jackson/core/jackson-core/2.8.10/jackson-core-2.8.10-sources.jar
2022-02-02 18:42:45,566 [Worker-43: Download sources and javadoc] INFO  o.e.m.c.i.e.AbstractTransferListenerAdapter - Downloaded https://repo.maven.apache.org/maven2/com/fasterxml/jackson/core/jackson-core/2.8.10/jackson-core-2.8.10-sources.jar
2022-02-02 18:42:45,626 [Worker-43: Download sources and javadoc] INFO  o.e.m.j.internal.DownloadSourcesJob - Downloaded sources for com.fasterxml.jackson.core:jackson-core:2.8.10
2022-02-02 18:42:46,488 [Worker-43: Download sources and javadoc] INFO  o.e.m.c.i.e.AbstractTransferListenerAdapter - Downloading https://repo.maven.apache.org/maven2/org/springframework/spring-web/4.3.13.RELEASE/spring-web-4.3.13.RELEASE-sources.jar
2022-02-02 18:42:47,999 [Worker-43: Download sources and javadoc] INFO  o.e.m.c.i.e.AbstractTransferListenerAdapter - Downloaded https://repo.maven.apache.org/maven2/org/springframework/spring-web/4.3.13.RELEASE/spring-web-4.3.13.RELEASE-sources.jar
2022-02-02 18:42:48,054 [Worker-43: Download sources and javadoc] INFO  o.e.m.j.internal.DownloadSourcesJob - Downloaded sources for org.springframework:spring-web:4.3.13.RELEASE
2022-02-02 18:42:48,904 [Worker-43: Download sources and javadoc] INFO  o.e.m.c.i.e.AbstractTransferListenerAdapter - Downloading https://repo.maven.apache.org/maven2/org/springframework/spring-aop/4.3.13.RELEASE/spring-aop-4.3.13.RELEASE-sources.jar
2022-02-02 18:42:50,067 [Worker-43: Download sources and javadoc] INFO  o.e.m.c.i.e.AbstractTransferListenerAdapter - Downloaded https://repo.maven.apache.org/maven2/org/springframework/spring-aop/4.3.13.RELEASE/spring-aop-4.3.13.RELEASE-sources.jar
2022-02-02 18:42:50,133 [Worker-43: Download sources and javadoc] INFO  o.e.m.j.internal.DownloadSourcesJob - Downloaded sources for org.springframework:spring-aop:4.3.13.RELEASE
2022-02-02 18:42:50,980 [Worker-43: Download sources and javadoc] INFO  o.e.m.c.i.e.AbstractTransferListenerAdapter - Downloading https://repo.maven.apache.org/maven2/org/springframework/spring-beans/4.3.13.RELEASE/spring-beans-4.3.13.RELEASE-sources.jar
2022-02-02 18:42:52,300 [Worker-43: Download sources and javadoc] INFO  o.e.m.c.i.e.AbstractTransferListenerAdapter - Downloaded https://repo.maven.apache.org/maven2/org/springframework/spring-beans/4.3.13.RELEASE/spring-beans-4.3.13.RELEASE-sources.jar
2022-02-02 18:42:52,353 [Worker-43: Download sources and javadoc] INFO  o.e.m.j.internal.DownloadSourcesJob - Downloaded sources for org.springframework:spring-beans:4.3.13.RELEASE
2022-02-02 18:42:53,185 [Worker-43: Download sources and javadoc] INFO  o.e.m.c.i.e.AbstractTransferListenerAdapter - Downloading https://repo.maven.apache.org/maven2/org/springframework/spring-context/4.3.13.RELEASE/spring-context-4.3.13.RELEASE-sources.jar
2022-02-02 18:42:54,853 [Worker-43: Download sources and javadoc] INFO  o.e.m.c.i.e.AbstractTransferListenerAdapter - Downloaded https://repo.maven.apache.org/maven2/org/springframework/spring-context/4.3.13.RELEASE/spring-context-4.3.13.RELEASE-sources.jar
2022-02-02 18:42:54,956 [Worker-43: Download sources and javadoc] INFO  o.e.m.j.internal.DownloadSourcesJob - Downloaded sources for org.springframework:spring-context:4.3.13.RELEASE
2022-02-02 18:42:55,810 [Worker-43: Download sources and javadoc] INFO  o.e.m.c.i.e.AbstractTransferListenerAdapter - Downloading https://repo.maven.apache.org/maven2/org/springframework/spring-webmvc/4.3.13.RELEASE/spring-webmvc-4.3.13.RELEASE-sources.jar
2022-02-02 18:42:57,190 [Worker-43: Download sources and javadoc] INFO  o.e.m.c.i.e.AbstractTransferListenerAdapter - Downloaded https://repo.maven.apache.org/maven2/org/springframework/spring-webmvc/4.3.13.RELEASE/spring-webmvc-4.3.13.RELEASE-sources.jar
2022-02-02 18:42:57,234 [Worker-43: Download sources and javadoc] INFO  o.e.m.j.internal.DownloadSourcesJob - Downloaded sources for org.springframework:spring-webmvc:4.3.13.RELEASE
2022-02-02 18:42:58,517 [Worker-43: Download sources and javadoc] INFO  o.e.m.c.i.e.AbstractTransferListenerAdapter - Downloading https://repo.maven.apache.org/maven2/org/springframework/spring-expression/4.3.13.RELEASE/spring-expression-4.3.13.RELEASE-sources.jar
2022-02-02 18:42:59,875 [Worker-43: Download sources and javadoc] INFO  o.e.m.c.i.e.AbstractTransferListenerAdapter - Downloaded https://repo.maven.apache.org/maven2/org/springframework/spring-expression/4.3.13.RELEASE/spring-expression-4.3.13.RELEASE-sources.jar
2022-02-02 18:42:59,918 [Worker-43: Download sources and javadoc] INFO  o.e.m.j.internal.DownloadSourcesJob - Downloaded sources for org.springframework:spring-expression:4.3.13.RELEASE
2022-02-02 18:43:00,252 [Worker-23: Building] INFO  o.e.m.c.i.embedder.EclipseLogger - Using 'UTF-8' encoding to copy filtered resources.
2022-02-02 18:43:00,252 [Worker-23: Building] INFO  o.e.m.c.i.embedder.EclipseLogger - skip non existing resourceDirectory E:\Work\ideajava\GraduationProject\SecKill\SecKill\miaosha_1\src\main\resources
2022-02-02 18:43:00,252 [Worker-23: Building] INFO  o.e.m.c.i.embedder.EclipseLogger - skip non existing resourceDirectory E:\Work\ideajava\GraduationProject\SecKill\SecKill\miaosha_1\src\main\resources
2022-02-02 18:43:00,253 [Worker-23: Building] INFO  o.e.m.c.i.embedder.EclipseLogger - Using 'UTF-8' encoding to copy filtered resources.
2022-02-02 18:43:00,253 [Worker-23: Building] INFO  o.e.m.c.i.embedder.EclipseLogger - skip non existing resourceDirectory E:\Work\ideajava\GraduationProject\SecKill\SecKill\miaosha_1\src\test\resources
2022-02-02 18:49:01,744 [Worker-52: Building] INFO  o.e.m.c.i.embedder.EclipseLogger - Using 'UTF-8' encoding to copy filtered resources.
2022-02-02 18:49:01,745 [Worker-52: Building] INFO  o.e.m.c.i.embedder.EclipseLogger - skip non existing resourceDirectory E:\Work\ideajava\GraduationProject\SecKill\SecKill\miaosha_1\src\main\resources
2022-02-02 18:49:01,745 [Worker-52: Building] INFO  o.e.m.c.i.embedder.EclipseLogger - skip non existing resourceDirectory E:\Work\ideajava\GraduationProject\SecKill\SecKill\miaosha_1\src\main\resources
2022-02-02 18:49:01,747 [Worker-52: Building] INFO  o.e.m.c.i.embedder.EclipseLogger - Using 'UTF-8' encoding to copy filtered resources.
2022-02-02 18:49:01,748 [Worker-52: Building] INFO  o.e.m.c.i.embedder.EclipseLogger - skip non existing resourceDirectory E:\Work\ideajava\GraduationProject\SecKill\SecKill\miaosha_1\src\test\resources
2022-02-02 18:52:48,085 [Worker-52: Building] INFO  o.e.m.c.i.embedder.EclipseLogger - Using 'UTF-8' encoding to copy filtered resources.
2022-02-02 18:52:48,086 [Worker-52: Building] INFO  o.e.m.c.i.embedder.EclipseLogger - skip non existing resourceDirectory E:\Work\ideajava\GraduationProject\SecKill\SecKill\miaosha_1\src\main\resources
2022-02-02 18:52:48,086 [Worker-52: Building] INFO  o.e.m.c.i.embedder.EclipseLogger - skip non existing resourceDirectory E:\Work\ideajava\GraduationProject\SecKill\SecKill\miaosha_1\src\main\resources
2022-02-02 18:52:48,088 [Worker-52: Building] INFO  o.e.m.c.i.embedder.EclipseLogger - Using 'UTF-8' encoding to copy filtered resources.
2022-02-02 18:52:48,088 [Worker-52: Building] INFO  o.e.m.c.i.embedder.EclipseLogger - skip non existing resourceDirectory E:\Work\ideajava\GraduationProject\SecKill\SecKill\miaosha_1\src\test\resources
2022-02-02 18:53:52,455 [Worker-55: Building] INFO  o.e.m.c.i.embedder.EclipseLogger - Using 'UTF-8' encoding to copy filtered resources.
2022-02-02 18:53:52,455 [Worker-55: Building] INFO  o.e.m.c.i.embedder.EclipseLogger - skip non existing resourceDirectory E:\Work\ideajava\GraduationProject\SecKill\SecKill\miaosha_1\src\main\resources
2022-02-02 18:53:52,456 [Worker-55: Building] INFO  o.e.m.c.i.embedder.EclipseLogger - skip non existing resourceDirectory E:\Work\ideajava\GraduationProject\SecKill\SecKill\miaosha_1\src\main\resources
2022-02-02 18:53:52,457 [Worker-55: Building] INFO  o.e.m.c.i.embedder.EclipseLogger - Using 'UTF-8' encoding to copy filtered resources.
2022-02-02 18:53:52,457 [Worker-55: Building] INFO  o.e.m.c.i.embedder.EclipseLogger - skip non existing resourceDirectory E:\Work\ideajava\GraduationProject\SecKill\SecKill\miaosha_1\src\test\resources
2022-02-02 18:55:53,941 [Worker-52: Building] INFO  o.e.m.c.i.embedder.EclipseLogger - Using 'UTF-8' encoding to copy filtered resources.
2022-02-02 18:55:53,941 [Worker-52: Building] INFO  o.e.m.c.i.embedder.EclipseLogger - skip non existing resourceDirectory E:\Work\ideajava\GraduationProject\SecKill\SecKill\miaosha_1\src\main\resources
2022-02-02 18:55:53,941 [Worker-52: Building] INFO  o.e.m.c.i.embedder.EclipseLogger - skip non existing resourceDirectory E:\Work\ideajava\GraduationProject\SecKill\SecKill\miaosha_1\src\main\resources
2022-02-02 18:55:53,942 [Worker-52: Building] INFO  o.e.m.c.i.embedder.EclipseLogger - Using 'UTF-8' encoding to copy filtered resources.
2022-02-02 18:55:53,943 [Worker-52: Building] INFO  o.e.m.c.i.embedder.EclipseLogger - skip non existing resourceDirectory E:\Work\ideajava\GraduationProject\SecKill\SecKill\miaosha_1\src\test\resources
2022-02-02 18:55:54,983 [Worker-56: Building] INFO  o.e.m.c.i.embedder.EclipseLogger - Using 'UTF-8' encoding to copy filtered resources.
2022-02-02 18:55:54,983 [Worker-56: Building] INFO  o.e.m.c.i.embedder.EclipseLogger - skip non existing resourceDirectory E:\Work\ideajava\GraduationProject\SecKill\SecKill\miaosha_1\src\main\resources
2022-02-02 18:55:54,983 [Worker-56: Building] INFO  o.e.m.c.i.embedder.EclipseLogger - skip non existing resourceDirectory E:\Work\ideajava\GraduationProject\SecKill\SecKill\miaosha_1\src\main\resources
2022-02-02 18:55:54,987 [Worker-56: Building] INFO  o.e.m.c.i.embedder.EclipseLogger - Using 'UTF-8' encoding to copy filtered resources.
2022-02-02 18:55:54,987 [Worker-56: Building] INFO  o.e.m.c.i.embedder.EclipseLogger - skip non existing resourceDirectory E:\Work\ideajava\GraduationProject\SecKill\SecKill\miaosha_1\src\test\resources
2022-02-02 19:09:44,647 [Worker-61: Launching DemoController] INFO  o.e.m.c.i.embedder.EclipseLogger - Using 'UTF-8' encoding to copy filtered resources.
2022-02-02 19:09:44,648 [Worker-61: Launching DemoController] INFO  o.e.m.c.i.embedder.EclipseLogger - skip non existing resourceDirectory E:\Work\ideajava\GraduationProject\SecKill\SecKill\miaosha_1\src\main\resources
2022-02-02 19:09:44,649 [Worker-61: Launching DemoController] INFO  o.e.m.c.i.embedder.EclipseLogger - skip non existing resourceDirectory E:\Work\ideajava\GraduationProject\SecKill\SecKill\miaosha_1\src\main\resources
2022-02-02 19:09:44,652 [Worker-61: Launching DemoController] INFO  o.e.m.c.i.embedder.EclipseLogger - Using 'UTF-8' encoding to copy filtered resources.
2022-02-02 19:09:44,652 [Worker-61: Launching DemoController] INFO  o.e.m.c.i.embedder.EclipseLogger - skip non existing resourceDirectory E:\Work\ideajava\GraduationProject\SecKill\SecKill\miaosha_1\src\test\resources
2022-02-02 19:24:24,458 [Worker-65: Building] INFO  o.e.m.c.i.embedder.EclipseLogger - Using 'UTF-8' encoding to copy filtered resources.
2022-02-02 19:24:24,458 [Worker-65: Building] INFO  o.e.m.c.i.embedder.EclipseLogger - skip non existing resourceDirectory E:\Work\ideajava\GraduationProject\SecKill\SecKill\miaosha_1\src\main\resources
2022-02-02 19:24:24,458 [Worker-65: Building] INFO  o.e.m.c.i.embedder.EclipseLogger - skip non existing resourceDirectory E:\Work\ideajava\GraduationProject\SecKill\SecKill\miaosha_1\src\main\resources
2022-02-02 19:24:24,460 [Worker-65: Building] INFO  o.e.m.c.i.embedder.EclipseLogger - Using 'UTF-8' encoding to copy filtered resources.
2022-02-02 19:24:24,460 [Worker-65: Building] INFO  o.e.m.c.i.embedder.EclipseLogger - skip non existing resourceDirectory E:\Work\ideajava\GraduationProject\SecKill\SecKill\miaosha_1\src\test\resources
2022-02-02 19:37:29,020 [Worker-68: Building] INFO  o.e.m.c.i.embedder.EclipseLogger - Using 'UTF-8' encoding to copy filtered resources.
2022-02-02 19:37:29,020 [Worker-68: Building] INFO  o.e.m.c.i.embedder.EclipseLogger - skip non existing resourceDirectory E:\Work\ideajava\GraduationProject\SecKill\SecKill\miaosha_1\src\main\resources
2022-02-02 19:37:29,021 [Worker-68: Building] INFO  o.e.m.c.i.embedder.EclipseLogger - skip non existing resourceDirectory E:\Work\ideajava\GraduationProject\SecKill\SecKill\miaosha_1\src\main\resources
2022-02-02 19:37:29,022 [Worker-68: Building] INFO  o.e.m.c.i.embedder.EclipseLogger - Using 'UTF-8' encoding to copy filtered resources.
2022-02-02 19:37:29,022 [Worker-68: Building] INFO  o.e.m.c.i.embedder.EclipseLogger - skip non existing resourceDirectory E:\Work\ideajava\GraduationProject\SecKill\SecKill\miaosha_1\src\test\resources
2022-02-02 19:37:52,625 [Worker-74: Launching MainApplication] INFO  o.e.m.c.i.embedder.EclipseLogger - Using 'UTF-8' encoding to copy filtered resources.
2022-02-02 19:37:52,626 [Worker-74: Launching MainApplication] INFO  o.e.m.c.i.embedder.EclipseLogger - skip non existing resourceDirectory E:\Work\ideajava\GraduationProject\SecKill\SecKill\miaosha_1\src\main\resources
2022-02-02 19:37:52,626 [Worker-74: Launching MainApplication] INFO  o.e.m.c.i.embedder.EclipseLogger - skip non existing resourceDirectory E:\Work\ideajava\GraduationProject\SecKill\SecKill\miaosha_1\src\main\resources
2022-02-02 19:37:52,631 [Worker-74: Launching MainApplication] INFO  o.e.m.c.i.embedder.EclipseLogger - Using 'UTF-8' encoding to copy filtered resources.
2022-02-02 19:37:52,632 [Worker-74: Launching MainApplication] INFO  o.e.m.c.i.embedder.EclipseLogger - skip non existing resourceDirectory E:\Work\ideajava\GraduationProject\SecKill\SecKill\miaosha_1\src\test\resources
2022-02-02 19:58:35,183 [Worker-92: Building] INFO  o.e.m.c.i.embedder.EclipseLogger - Using 'UTF-8' encoding to copy filtered resources.
2022-02-02 19:58:35,183 [Worker-92: Building] INFO  o.e.m.c.i.embedder.EclipseLogger - skip non existing resourceDirectory E:\Work\ideajava\GraduationProject\SecKill\SecKill\miaosha_1\src\main\resources
2022-02-02 19:58:35,183 [Worker-92: Building] INFO  o.e.m.c.i.embedder.EclipseLogger - skip non existing resourceDirectory E:\Work\ideajava\GraduationProject\SecKill\SecKill\miaosha_1\src\main\resources
2022-02-02 19:58:35,185 [Worker-92: Building] INFO  o.e.m.c.i.embedder.EclipseLogger - Using 'UTF-8' encoding to copy filtered resources.
2022-02-02 19:58:35,185 [Worker-92: Building] INFO  o.e.m.c.i.embedder.EclipseLogger - skip non existing resourceDirectory E:\Work\ideajava\GraduationProject\SecKill\SecKill\miaosha_1\src\test\resources
2022-02-02 19:58:43,276 [Worker-85: Building] INFO  o.e.m.c.i.embedder.EclipseLogger - Using 'UTF-8' encoding to copy filtered resources.
2022-02-02 19:58:43,276 [Worker-85: Building] INFO  o.e.m.c.i.embedder.EclipseLogger - skip non existing resourceDirectory E:\Work\ideajava\GraduationProject\SecKill\SecKill\miaosha_1\src\main\resources
2022-02-02 19:58:43,276 [Worker-85: Building] INFO  o.e.m.c.i.embedder.EclipseLogger - skip non existing resourceDirectory E:\Work\ideajava\GraduationProject\SecKill\SecKill\miaosha_1\src\main\resources
2022-02-02 19:58:43,278 [Worker-85: Building] INFO  o.e.m.c.i.embedder.EclipseLogger - Using 'UTF-8' encoding to copy filtered resources.
2022-02-02 19:58:43,278 [Worker-85: Building] INFO  o.e.m.c.i.embedder.EclipseLogger - skip non existing resourceDirectory E:\Work\ideajava\GraduationProject\SecKill\SecKill\miaosha_1\src\test\resources
2022-02-02 19:59:02,814 [Worker-92: Building] INFO  o.e.m.c.i.embedder.EclipseLogger - Using 'UTF-8' encoding to copy filtered resources.
2022-02-02 19:59:02,814 [Worker-92: Building] INFO  o.e.m.c.i.embedder.EclipseLogger - skip non existing resourceDirectory E:\Work\ideajava\GraduationProject\SecKill\SecKill\miaosha_1\src\main\resources
2022-02-02 19:59:02,814 [Worker-92: Building] INFO  o.e.m.c.i.embedder.EclipseLogger - skip non existing resourceDirectory E:\Work\ideajava\GraduationProject\SecKill\SecKill\miaosha_1\src\main\resources
2022-02-02 19:59:02,816 [Worker-92: Building] INFO  o.e.m.c.i.embedder.EclipseLogger - Using 'UTF-8' encoding to copy filtered resources.
2022-02-02 19:59:02,816 [Worker-92: Building] INFO  o.e.m.c.i.embedder.EclipseLogger - skip non existing resourceDirectory E:\Work\ideajava\GraduationProject\SecKill\SecKill\miaosha_1\src\test\resources
2022-02-02 19:59:27,931 [Worker-92: Building] INFO  o.e.m.c.i.embedder.EclipseLogger - Using 'UTF-8' encoding to copy filtered resources.
2022-02-02 19:59:27,932 [Worker-92: Building] INFO  o.e.m.c.i.embedder.EclipseLogger - skip non existing resourceDirectory E:\Work\ideajava\GraduationProject\SecKill\SecKill\miaosha_1\src\main\resources
2022-02-02 19:59:27,932 [Worker-92: Building] INFO  o.e.m.c.i.embedder.EclipseLogger - skip non existing resourceDirectory E:\Work\ideajava\GraduationProject\SecKill\SecKill\miaosha_1\src\main\resources
2022-02-02 19:59:27,934 [Worker-92: Building] INFO  o.e.m.c.i.embedder.EclipseLogger - Using 'UTF-8' encoding to copy filtered resources.
2022-02-02 19:59:27,934 [Worker-92: Building] INFO  o.e.m.c.i.embedder.EclipseLogger - skip non existing resourceDirectory E:\Work\ideajava\GraduationProject\SecKill\SecKill\miaosha_1\src\test\resources
2022-02-02 19:59:52,961 [Worker-92: Building] INFO  o.e.m.c.i.embedder.EclipseLogger - Using 'UTF-8' encoding to copy filtered resources.
2022-02-02 19:59:52,961 [Worker-92: Building] INFO  o.e.m.c.i.embedder.EclipseLogger - skip non existing resourceDirectory E:\Work\ideajava\GraduationProject\SecKill\SecKill\miaosha_1\src\main\resources
2022-02-02 19:59:52,961 [Worker-92: Building] INFO  o.e.m.c.i.embedder.EclipseLogger - skip non existing resourceDirectory E:\Work\ideajava\GraduationProject\SecKill\SecKill\miaosha_1\src\main\resources
2022-02-02 19:59:52,961 [Worker-92: Building] INFO  o.e.m.c.i.embedder.EclipseLogger - Using 'UTF-8' encoding to copy filtered resources.
2022-02-02 19:59:52,961 [Worker-92: Building] INFO  o.e.m.c.i.embedder.EclipseLogger - skip non existing resourceDirectory E:\Work\ideajava\GraduationProject\SecKill\SecKill\miaosha_1\src\test\resources
2022-02-02 20:02:04,074 [Worker-92: Building] INFO  o.e.m.c.i.embedder.EclipseLogger - Using 'UTF-8' encoding to copy filtered resources.
2022-02-02 20:02:04,074 [Worker-92: Building] INFO  o.e.m.c.i.embedder.EclipseLogger - skip non existing resourceDirectory E:\Work\ideajava\GraduationProject\SecKill\SecKill\miaosha_1\src\main\resources
2022-02-02 20:02:04,074 [Worker-92: Building] INFO  o.e.m.c.i.embedder.EclipseLogger - skip non existing resourceDirectory E:\Work\ideajava\GraduationProject\SecKill\SecKill\miaosha_1\src\main\resources
2022-02-02 20:02:04,075 [Worker-92: Building] INFO  o.e.m.c.i.embedder.EclipseLogger - Using 'UTF-8' encoding to copy filtered resources.
2022-02-02 20:02:04,075 [Worker-92: Building] INFO  o.e.m.c.i.embedder.EclipseLogger - skip non existing resourceDirectory E:\Work\ideajava\GraduationProject\SecKill\SecKill\miaosha_1\src\test\resources
2022-02-02 20:23:44,559 [Worker-98: Building Workspace] INFO  o.e.m.c.i.embedder.EclipseLogger - Using 'UTF-8' encoding to copy filtered resources.
2022-02-02 20:23:44,560 [Worker-98: Building Workspace] INFO  o.e.m.c.i.embedder.EclipseLogger - skip non existing resourceDirectory E:\Work\ideajava\GraduationProject\SecKill\SecKill\miaosha_1\src\main\resources
2022-02-02 20:23:44,560 [Worker-98: Building Workspace] INFO  o.e.m.c.i.embedder.EclipseLogger - skip non existing resourceDirectory E:\Work\ideajava\GraduationProject\SecKill\SecKill\miaosha_1\src\main\resources
2022-02-02 20:23:44,561 [Worker-98: Building Workspace] INFO  o.e.m.c.i.embedder.EclipseLogger - Using 'UTF-8' encoding to copy filtered resources.
2022-02-02 20:23:44,561 [Worker-98: Building Workspace] INFO  o.e.m.c.i.embedder.EclipseLogger - skip non existing resourceDirectory E:\Work\ideajava\GraduationProject\SecKill\SecKill\miaosha_1\src\test\resources
2022-02-02 20:29:39,662 [Worker-99: Building] INFO  o.e.m.c.i.embedder.EclipseLogger - Using 'UTF-8' encoding to copy filtered resources.
2022-02-02 20:29:39,662 [Worker-99: Building] INFO  o.e.m.c.i.embedder.EclipseLogger - skip non existing resourceDirectory E:\Work\ideajava\GraduationProject\SecKill\SecKill\miaosha_1\src\main\resources
2022-02-02 20:29:39,662 [Worker-99: Building] INFO  o.e.m.c.i.embedder.EclipseLogger - skip non existing resourceDirectory E:\Work\ideajava\GraduationProject\SecKill\SecKill\miaosha_1\src\main\resources
2022-02-02 20:29:39,664 [Worker-99: Building] INFO  o.e.m.c.i.embedder.EclipseLogger - Using 'UTF-8' encoding to copy filtered resources.
2022-02-02 20:29:39,664 [Worker-99: Building] INFO  o.e.m.c.i.embedder.EclipseLogger - skip non existing resourceDirectory E:\Work\ideajava\GraduationProject\SecKill\SecKill\miaosha_1\src\test\resources
2022-02-02 21:05:02,614 [Worker-110: Launching MainApplication] INFO  o.e.m.c.i.embedder.EclipseLogger - Using 'UTF-8' encoding to copy filtered resources.
2022-02-02 21:05:02,615 [Worker-110: Launching MainApplication] INFO  o.e.m.c.i.embedder.EclipseLogger - skip non existing resourceDirectory E:\Work\ideajava\GraduationProject\SecKill\SecKill\miaosha_1\src\main\resources
2022-02-02 21:05:02,615 [Worker-110: Launching MainApplication] INFO  o.e.m.c.i.embedder.EclipseLogger - skip non existing resourceDirectory E:\Work\ideajava\GraduationProject\SecKill\SecKill\miaosha_1\src\main\resources
2022-02-02 21:05:02,617 [Worker-110: Launching MainApplication] INFO  o.e.m.c.i.embedder.EclipseLogger - Using 'UTF-8' encoding to copy filtered resources.
2022-02-02 21:05:02,618 [Worker-110: Launching MainApplication] INFO  o.e.m.c.i.embedder.EclipseLogger - skip non existing resourceDirectory E:\Work\ideajava\GraduationProject\SecKill\SecKill\miaosha_1\src\test\resources
2022-02-02 21:20:35,845 [Worker-118: Building] INFO  o.e.m.c.i.embedder.EclipseLogger - Using 'UTF-8' encoding to copy filtered resources.
2022-02-02 21:20:35,858 [Worker-118: Building] INFO  o.e.m.c.i.embedder.EclipseLogger - Copying 0 resource
2022-02-02 21:20:35,859 [Worker-118: Building] INFO  o.e.m.c.i.embedder.EclipseLogger - Copying 0 resource
2022-02-02 21:20:35,864 [Worker-118: Building] INFO  o.e.m.c.i.embedder.EclipseLogger - Using 'UTF-8' encoding to copy filtered resources.
2022-02-02 21:20:35,865 [Worker-118: Building] INFO  o.e.m.c.i.embedder.EclipseLogger - skip non existing resourceDirectory E:\Work\ideajava\GraduationProject\SecKill\SecKill\miaosha_1\src\test\resources
2022-02-02 21:23:43,310 [Worker-120: Building] INFO  o.e.m.c.i.embedder.EclipseLogger - Using 'UTF-8' encoding to copy filtered resources.
2022-02-02 21:23:43,311 [Worker-120: Building] INFO  o.e.m.c.i.embedder.EclipseLogger - Copying 1 resource
2022-02-02 21:23:43,330 [Worker-120: Building] INFO  o.e.m.c.i.embedder.EclipseLogger - Copying 0 resource
2022-02-02 21:23:43,332 [Worker-120: Building] INFO  o.e.m.c.i.embedder.EclipseLogger - Using 'UTF-8' encoding to copy filtered resources.
2022-02-02 21:23:43,332 [Worker-120: Building] INFO  o.e.m.c.i.embedder.EclipseLogger - skip non existing resourceDirectory E:\Work\ideajava\GraduationProject\SecKill\SecKill\miaosha_1\src\test\resources
2022-02-02 21:48:18,304 [Worker-124: Building] INFO  o.e.m.c.i.embedder.EclipseLogger - Using 'UTF-8' encoding to copy filtered resources.
2022-02-02 21:48:18,305 [Worker-124: Building] INFO  o.e.m.c.i.embedder.EclipseLogger - Copying 1 resource
2022-02-02 21:48:18,305 [Worker-124: Building] INFO  o.e.m.c.i.embedder.EclipseLogger - Copying 0 resource
2022-02-02 21:48:18,308 [Worker-124: Building] INFO  o.e.m.c.i.embedder.EclipseLogger - Using 'UTF-8' encoding to copy filtered resources.
2022-02-02 21:48:18,308 [Worker-124: Building] INFO  o.e.m.c.i.embedder.EclipseLogger - skip non existing resourceDirectory E:\Work\ideajava\GraduationProject\SecKill\SecKill\miaosha_1\src\test\resources
2022-02-02 21:48:41,470 [Worker-125: Building] INFO  o.e.m.c.i.embedder.EclipseLogger - Using 'UTF-8' encoding to copy filtered resources.
2022-02-02 21:48:41,470 [Worker-125: Building] INFO  o.e.m.c.i.embedder.EclipseLogger - Copying 1 resource
2022-02-02 21:48:41,472 [Worker-125: Building] INFO  o.e.m.c.i.embedder.EclipseLogger - Copying 0 resource
2022-02-02 21:48:41,473 [Worker-125: Building] INFO  o.e.m.c.i.embedder.EclipseLogger - Using 'UTF-8' encoding to copy filtered resources.
2022-02-02 21:48:41,473 [Worker-125: Building] INFO  o.e.m.c.i.embedder.EclipseLogger - skip non existing resourceDirectory E:\Work\ideajava\GraduationProject\SecKill\SecKill\miaosha_1\src\test\resources
2022-02-02 21:49:37,377 [Worker-122: Building] INFO  o.e.m.c.i.embedder.EclipseLogger - Using 'UTF-8' encoding to copy filtered resources.
2022-02-02 21:49:37,380 [Worker-122: Building] INFO  o.e.m.c.i.embedder.EclipseLogger - Copying 1 resource
2022-02-02 21:49:37,383 [Worker-122: Building] INFO  o.e.m.c.i.embedder.EclipseLogger - Copying 0 resource
2022-02-02 21:49:37,384 [Worker-122: Building] INFO  o.e.m.c.i.embedder.EclipseLogger - Using 'UTF-8' encoding to copy filtered resources.
2022-02-02 21:49:37,384 [Worker-122: Building] INFO  o.e.m.c.i.embedder.EclipseLogger - skip non existing resourceDirectory E:\Work\ideajava\GraduationProject\SecKill\SecKill\miaosha_1\src\test\resources
2022-02-02 21:55:51,877 [Worker-127: Building] INFO  o.e.m.c.i.embedder.EclipseLogger - Using 'UTF-8' encoding to copy filtered resources.
2022-02-02 21:55:51,878 [Worker-127: Building] INFO  o.e.m.c.i.embedder.EclipseLogger - Copying 1 resource
2022-02-02 21:55:51,879 [Worker-127: Building] INFO  o.e.m.c.i.embedder.EclipseLogger - Copying 1 resource
2022-02-02 21:55:51,881 [Worker-127: Building] INFO  o.e.m.c.i.embedder.EclipseLogger - Using 'UTF-8' encoding to copy filtered resources.
2022-02-02 21:55:51,881 [Worker-127: Building] INFO  o.e.m.c.i.embedder.EclipseLogger - skip non existing resourceDirectory E:\Work\ideajava\GraduationProject\SecKill\SecKill\miaosha_1\src\test\resources
2022-02-02 22:05:29,800 [Worker-126: Building Workspace] INFO  o.e.m.c.i.l.LifecycleMappingFactory - Using org.eclipse.m2e.jdt.JarLifecycleMapping lifecycle mapping for MavenProject: com.kirin:miaosha_1:0.0.1-SNAPSHOT @ E:\Work\ideajava\GraduationProject\SecKill\SecKill\miaosha_1\pom.xml.
2022-02-02 22:05:31,302 [Worker-126: Building Workspace] INFO  o.e.m.c.i.e.AbstractTransferListenerAdapter - Downloading https://repo.maven.apache.org/maven2/org/springframework/boot/spring-boot-starter-thymeleaf/1.5.9.RELEASE/spring-boot-starter-thymeleaf-1.5.9.RELEASE.pom
2022-02-02 22:05:31,706 [Worker-126: Building Workspace] INFO  o.e.m.c.i.e.AbstractTransferListenerAdapter - Downloaded https://repo.maven.apache.org/maven2/org/springframework/boot/spring-boot-starter-thymeleaf/1.5.9.RELEASE/spring-boot-starter-thymeleaf-1.5.9.RELEASE.pom
2022-02-02 22:05:32,009 [Worker-126: Building Workspace] INFO  o.e.m.c.i.e.AbstractTransferListenerAdapter - Downloading https://repo.maven.apache.org/maven2/org/springframework/boot/spring-boot-starter-thymeleaf/1.5.9.RELEASE/spring-boot-starter-thymeleaf-1.5.9.RELEASE.jar
2022-02-02 22:05:32,245 [Worker-126: Building Workspace] INFO  o.e.m.c.i.e.AbstractTransferListenerAdapter - Downloaded https://repo.maven.apache.org/maven2/org/springframework/boot/spring-boot-starter-thymeleaf/1.5.9.RELEASE/spring-boot-starter-thymeleaf-1.5.9.RELEASE.jar
2022-02-02 22:05:32,674 [Worker-126: Building Workspace] INFO  o.e.m.c.i.embedder.EclipseLogger - Using 'UTF-8' encoding to copy filtered resources.
2022-02-02 22:05:32,676 [Worker-126: Building Workspace] INFO  o.e.m.c.i.embedder.EclipseLogger - Copying 1 resource
2022-02-02 22:05:32,684 [Worker-126: Building Workspace] INFO  o.e.m.c.i.embedder.EclipseLogger - Copying 1 resource
2022-02-02 22:05:32,686 [Worker-126: Building Workspace] INFO  o.e.m.c.i.embedder.EclipseLogger - Using 'UTF-8' encoding to copy filtered resources.
2022-02-02 22:05:32,686 [Worker-126: Building Workspace] INFO  o.e.m.c.i.embedder.EclipseLogger - skip non existing resourceDirectory E:\Work\ideajava\GraduationProject\SecKill\SecKill\miaosha_1\src\test\resources
2022-02-02 22:05:35,211 [Worker-132: Download sources and javadoc] INFO  o.e.m.c.i.e.AbstractTransferListenerAdapter - Downloading https://repo.maven.apache.org/maven2/org/springframework/boot/spring-boot-starter-thymeleaf/1.5.9.RELEASE/spring-boot-starter-thymeleaf-1.5.9.RELEASE-sources.jar
2022-02-02 22:05:35,596 [Worker-132: Download sources and javadoc] INFO  o.e.m.c.i.e.AbstractTransferListenerAdapter - Downloaded https://repo.maven.apache.org/maven2/org/springframework/boot/spring-boot-starter-thymeleaf/1.5.9.RELEASE/spring-boot-starter-thymeleaf-1.5.9.RELEASE-sources.jar
2022-02-02 22:05:35,648 [Worker-132: Download sources and javadoc] INFO  o.e.m.j.internal.DownloadSourcesJob - Downloaded sources for org.springframework.boot:spring-boot-starter-thymeleaf:1.5.9.RELEASE
2022-02-02 22:05:36,507 [Worker-132: Download sources and javadoc] INFO  o.e.m.c.i.e.AbstractTransferListenerAdapter - Downloading https://repo.maven.apache.org/maven2/org/thymeleaf/thymeleaf-spring4/2.1.6.RELEASE/thymeleaf-spring4-2.1.6.RELEASE-sources.jar
2022-02-02 22:05:38,650 [Worker-132: Download sources and javadoc] INFO  o.e.m.c.i.e.AbstractTransferListenerAdapter - Downloaded https://repo.maven.apache.org/maven2/org/thymeleaf/thymeleaf-spring4/2.1.6.RELEASE/thymeleaf-spring4-2.1.6.RELEASE-sources.jar
2022-02-02 22:05:38,766 [Worker-132: Download sources and javadoc] INFO  o.e.m.j.internal.DownloadSourcesJob - Downloaded sources for org.thymeleaf:thymeleaf-spring4:2.1.6.RELEASE
2022-02-02 22:05:39,656 [Worker-132: Download sources and javadoc] INFO  o.e.m.c.i.e.AbstractTransferListenerAdapter - Downloading https://repo.maven.apache.org/maven2/org/thymeleaf/thymeleaf/2.1.6.RELEASE/thymeleaf-2.1.6.RELEASE-sources.jar
2022-02-02 22:06:00,082 [Worker-132: Download sources and javadoc] INFO  o.e.m.c.i.e.AbstractTransferListenerAdapter - Downloaded https://repo.maven.apache.org/maven2/org/thymeleaf/thymeleaf/2.1.6.RELEASE/thymeleaf-2.1.6.RELEASE-sources.jar
2022-02-02 22:06:00,146 [Worker-132: Download sources and javadoc] INFO  o.e.m.j.internal.DownloadSourcesJob - Downloaded sources for org.thymeleaf:thymeleaf:2.1.6.RELEASE
2022-02-02 22:06:01,226 [Worker-132: Download sources and javadoc] INFO  o.e.m.c.i.e.AbstractTransferListenerAdapter - Downloading https://repo.maven.apache.org/maven2/ognl/ognl/3.0.8/ognl-3.0.8-sources.jar
2022-02-02 22:06:04,988 [Worker-132: Download sources and javadoc] INFO  o.e.m.c.i.e.AbstractTransferListenerAdapter - Downloaded https://repo.maven.apache.org/maven2/ognl/ognl/3.0.8/ognl-3.0.8-sources.jar
2022-02-02 22:06:05,149 [Worker-132: Download sources and javadoc] INFO  o.e.m.j.internal.DownloadSourcesJob - Downloaded sources for ognl:ognl:3.0.8
2022-02-02 22:06:06,202 [Worker-132: Download sources and javadoc] INFO  o.e.m.c.i.e.AbstractTransferListenerAdapter - Downloading https://repo.maven.apache.org/maven2/org/javassist/javassist/3.21.0-GA/javassist-3.21.0-GA-sources.jar
2022-02-02 22:06:26,596 [Worker-132: Download sources and javadoc] INFO  o.e.m.c.i.e.AbstractTransferListenerAdapter - Downloaded https://repo.maven.apache.org/maven2/org/javassist/javassist/3.21.0-GA/javassist-3.21.0-GA-sources.jar
2022-02-02 22:06:26,665 [Worker-132: Download sources and javadoc] INFO  o.e.m.j.internal.DownloadSourcesJob - Downloaded sources for org.javassist:javassist:3.21.0-GA
2022-02-02 22:06:27,510 [Worker-132: Download sources and javadoc] INFO  o.e.m.c.i.e.AbstractTransferListenerAdapter - Downloading https://repo.maven.apache.org/maven2/org/unbescape/unbescape/1.1.0.RELEASE/unbescape-1.1.0.RELEASE-sources.jar
2022-02-02 22:06:29,468 [Worker-132: Download sources and javadoc] INFO  o.e.m.c.i.e.AbstractTransferListenerAdapter - Downloaded https://repo.maven.apache.org/maven2/org/unbescape/unbescape/1.1.0.RELEASE/unbescape-1.1.0.RELEASE-sources.jar
2022-02-02 22:06:29,562 [Worker-132: Download sources and javadoc] INFO  o.e.m.j.internal.DownloadSourcesJob - Downloaded sources for org.unbescape:unbescape:1.1.0.RELEASE
2022-02-02 22:06:30,435 [Worker-132: Download sources and javadoc] INFO  o.e.m.c.i.e.AbstractTransferListenerAdapter - Downloading https://repo.maven.apache.org/maven2/nz/net/ultraq/thymeleaf/thymeleaf-layout-dialect/1.4.0/thymeleaf-layout-dialect-1.4.0-sources.jar
2022-02-02 22:06:31,109 [Worker-132: Download sources and javadoc] INFO  o.e.m.c.i.e.AbstractTransferListenerAdapter - Downloaded https://repo.maven.apache.org/maven2/nz/net/ultraq/thymeleaf/thymeleaf-layout-dialect/1.4.0/thymeleaf-layout-dialect-1.4.0-sources.jar
2022-02-02 22:06:31,242 [Worker-132: Download sources and javadoc] INFO  o.e.m.j.internal.DownloadSourcesJob - Downloaded sources for nz.net.ultraq.thymeleaf:thymeleaf-layout-dialect:1.4.0
2022-02-02 22:06:32,105 [Worker-132: Download sources and javadoc] INFO  o.e.m.c.i.e.AbstractTransferListenerAdapter - Downloading https://repo.maven.apache.org/maven2/org/codehaus/groovy/groovy/2.4.13/groovy-2.4.13-sources.jar
2022-02-02 22:07:35,281 [Worker-132: Download sources and javadoc] INFO  o.e.m.c.i.e.AbstractTransferListenerAdapter - Downloaded https://repo.maven.apache.org/maven2/org/codehaus/groovy/groovy/2.4.13/groovy-2.4.13-sources.jar
2022-02-02 22:07:35,358 [Worker-132: Download sources and javadoc] INFO  o.e.m.j.internal.DownloadSourcesJob - Downloaded sources for org.codehaus.groovy:groovy:2.4.13
2022-02-02 22:07:35,810 [Worker-128: Building] INFO  o.e.m.c.i.embedder.EclipseLogger - Using 'UTF-8' encoding to copy filtered resources.
2022-02-02 22:07:35,811 [Worker-128: Building] INFO  o.e.m.c.i.embedder.EclipseLogger - Copying 1 resource
2022-02-02 22:07:35,815 [Worker-128: Building] INFO  o.e.m.c.i.embedder.EclipseLogger - Copying 1 resource
2022-02-02 22:07:35,817 [Worker-128: Building] INFO  o.e.m.c.i.embedder.EclipseLogger - Using 'UTF-8' encoding to copy filtered resources.
2022-02-02 22:07:35,817 [Worker-128: Building] INFO  o.e.m.c.i.embedder.EclipseLogger - skip non existing resourceDirectory E:\Work\ideajava\GraduationProject\SecKill\SecKill\miaosha_1\src\test\resources
2022-02-02 22:12:13,434 [Worker-135: Launching MainApplication] INFO  o.e.m.c.i.embedder.EclipseLogger - Using 'UTF-8' encoding to copy filtered resources.
2022-02-02 22:12:13,435 [Worker-135: Launching MainApplication] INFO  o.e.m.c.i.embedder.EclipseLogger - Copying 1 resource
2022-02-02 22:12:13,439 [Worker-135: Launching MainApplication] INFO  o.e.m.c.i.embedder.EclipseLogger - Copying 1 resource
2022-02-02 22:12:13,446 [Worker-135: Launching MainApplication] INFO  o.e.m.c.i.embedder.EclipseLogger - Using 'UTF-8' encoding to copy filtered resources.
2022-02-02 22:12:13,446 [Worker-135: Launching MainApplication] INFO  o.e.m.c.i.embedder.EclipseLogger - skip non existing resourceDirectory E:\Work\ideajava\GraduationProject\SecKill\SecKill\miaosha_1\src\test\resources
2022-02-02 22:18:10,411 [Worker-3: Loading available Gradle versions] INFO  o.e.b.c.i.u.g.PublishedGradleVersions - Gradle version information cache is up-to-date. Trying to read.
2022-02-02 22:18:14,918 [Worker-7: Building] INFO  o.e.m.c.i.embedder.EclipseLogger - Using 'UTF-8' encoding to copy filtered resources.
2022-02-02 22:18:14,923 [Worker-7: Building] INFO  o.e.m.c.i.embedder.EclipseLogger - Copying 1 resource
2022-02-02 22:18:14,933 [Worker-7: Building] INFO  o.e.m.c.i.embedder.EclipseLogger - Copying 1 resource
2022-02-02 22:18:14,938 [Worker-7: Building] INFO  o.e.m.c.i.embedder.EclipseLogger - Using 'UTF-8' encoding to copy filtered resources.
2022-02-02 22:18:14,938 [Worker-7: Building] INFO  o.e.m.c.i.embedder.EclipseLogger - skip non existing resourceDirectory E:\Work\ideajava\GraduationProject\SecKill\SecKill\miaosha_1\src\test\resources
2022-02-02 22:20:21,163 [Worker-9: Updating Maven Project] INFO  o.e.m.c.i.p.ProjectConfigurationManager - Update started
2022-02-02 22:20:22,185 [Worker-9: Updating Maven Project] INFO  o.e.m.c.i.l.LifecycleMappingFactory - Using org.eclipse.m2e.jdt.JarLifecycleMapping lifecycle mapping for MavenProject: com.kirin:miaosha_1:0.0.1-SNAPSHOT @ E:\Work\ideajava\GraduationProject\SecKill\SecKill\miaosha_1\pom.xml.
2022-02-02 22:20:23,036 [Worker-9: Updating Maven Project] INFO  o.e.m.j.i.AbstractJavaProjectConfigurator - Adding source folder /miaosha_1/src/main/java
2022-02-02 22:20:23,038 [Worker-9: Updating Maven Project] INFO  o.e.m.j.i.AbstractJavaProjectConfigurator - Adding resource folder /miaosha_1/src/main/resources
2022-02-02 22:20:23,047 [Worker-9: Updating Maven Project] INFO  o.e.m.j.i.AbstractJavaProjectConfigurator - Adding resource folder /miaosha_1/src/main/resources
2022-02-02 22:20:23,048 [Worker-9: Updating Maven Project] INFO  o.e.m.j.i.AbstractJavaProjectConfigurator - Adding source folder /miaosha_1/src/test/java
2022-02-02 22:20:23,474 [Worker-9: Updating Maven Project] INFO  o.e.m.c.i.p.ProjectConfigurationManager - Update completed: 2 sec
2022-02-02 22:20:24,360 [Worker-3: Building] INFO  o.e.m.c.i.embedder.EclipseLogger - Using 'UTF-8' encoding to copy filtered resources.
2022-02-02 22:20:24,361 [Worker-3: Building] INFO  o.e.m.c.i.embedder.EclipseLogger - Copying 1 resource
2022-02-02 22:20:24,372 [Worker-3: Building] INFO  o.e.m.c.i.embedder.EclipseLogger - Copying 1 resource
2022-02-02 22:20:24,378 [Worker-3: Building] INFO  o.e.m.c.i.embedder.EclipseLogger - Using 'UTF-8' encoding to copy filtered resources.
2022-02-02 22:20:24,378 [Worker-3: Building] INFO  o.e.m.c.i.embedder.EclipseLogger - skip non existing resourceDirectory E:\Work\ideajava\GraduationProject\SecKill\SecKill\miaosha_1\src\test\resources
2022-02-03 15:50:38,538 [Worker-0: Loading available Gradle versions] INFO  o.e.b.c.i.u.g.PublishedGradleVersions - Gradle version information cache is up-to-date. Trying to read.
2022-02-03 15:50:40,789 [Worker-9: Building] INFO  o.e.m.c.i.embedder.EclipseLogger - Using 'UTF-8' encoding to copy filtered resources.
2022-02-03 15:50:40,794 [Worker-9: Building] INFO  o.e.m.c.i.embedder.EclipseLogger - Copying 1 resource
2022-02-03 15:50:40,807 [Worker-9: Building] INFO  o.e.m.c.i.embedder.EclipseLogger - Copying 1 resource
2022-02-03 15:50:40,817 [Worker-9: Building] INFO  o.e.m.c.i.embedder.EclipseLogger - Using 'UTF-8' encoding to copy filtered resources.
2022-02-03 15:50:40,818 [Worker-9: Building] INFO  o.e.m.c.i.embedder.EclipseLogger - skip non existing resourceDirectory E:\Work\ideajava\GraduationProject\SecKill\SecKill\miaosha_1\src\test\resources
2022-02-03 16:13:22,864 [Worker-26: Building] INFO  o.e.m.c.i.embedder.EclipseLogger - Using 'UTF-8' encoding to copy filtered resources.
2022-02-03 16:13:22,875 [Worker-26: Building] INFO  o.e.m.c.i.embedder.EclipseLogger - Copying 1 resource
2022-02-03 16:13:22,878 [Worker-26: Building] INFO  o.e.m.c.i.embedder.EclipseLogger - Copying 1 resource
2022-02-03 16:13:22,884 [Worker-26: Building] INFO  o.e.m.c.i.embedder.EclipseLogger - Using 'UTF-8' encoding to copy filtered resources.
2022-02-03 16:13:22,885 [Worker-26: Building] INFO  o.e.m.c.i.embedder.EclipseLogger - skip non existing resourceDirectory E:\Work\ideajava\GraduationProject\SecKill\SecKill\miaosha_1\src\test\resources
2022-02-03 16:13:33,762 [Worker-25: Building] INFO  o.e.m.c.i.embedder.EclipseLogger - Using 'UTF-8' encoding to copy filtered resources.
2022-02-03 16:13:33,763 [Worker-25: Building] INFO  o.e.m.c.i.embedder.EclipseLogger - Copying 1 resource
2022-02-03 16:13:33,765 [Worker-25: Building] INFO  o.e.m.c.i.embedder.EclipseLogger - Copying 1 resource
2022-02-03 16:13:33,767 [Worker-25: Building] INFO  o.e.m.c.i.embedder.EclipseLogger - Using 'UTF-8' encoding to copy filtered resources.
2022-02-03 16:13:33,767 [Worker-25: Building] INFO  o.e.m.c.i.embedder.EclipseLogger - skip non existing resourceDirectory E:\Work\ideajava\GraduationProject\SecKill\SecKill\miaosha_1\src\test\resources
2022-02-03 16:15:54,978 [Worker-25: Building] INFO  o.e.m.c.i.embedder.EclipseLogger - Using 'UTF-8' encoding to copy filtered resources.
2022-02-03 16:15:54,979 [Worker-25: Building] INFO  o.e.m.c.i.embedder.EclipseLogger - Copying 1 resource
2022-02-03 16:15:54,981 [Worker-25: Building] INFO  o.e.m.c.i.embedder.EclipseLogger - Copying 1 resource
2022-02-03 16:15:54,984 [Worker-25: Building] INFO  o.e.m.c.i.embedder.EclipseLogger - Using 'UTF-8' encoding to copy filtered resources.
2022-02-03 16:15:54,985 [Worker-25: Building] INFO  o.e.m.c.i.embedder.EclipseLogger - skip non existing resourceDirectory E:\Work\ideajava\GraduationProject\SecKill\SecKill\miaosha_1\src\test\resources
2022-02-03 16:16:27,313 [Worker-28: Building Workspace] INFO  o.e.m.c.i.l.LifecycleMappingFactory - Using org.eclipse.m2e.jdt.JarLifecycleMapping lifecycle mapping for MavenProject: com.kirin:miaosha_1:0.0.1-SNAPSHOT @ E:\Work\ideajava\GraduationProject\SecKill\SecKill\miaosha_1\pom.xml.
2022-02-03 16:16:28,695 [Worker-28: Building Workspace] INFO  o.e.m.c.i.e.AbstractTransferListenerAdapter - Downloading https://repo.maven.apache.org/maven2/org/mybatis/spring/boot/mybatis-spring-boot-starter/1.3.1/mybatis-spring-boot-starter-1.3.1.pom
2022-02-03 16:16:29,023 [Worker-28: Building Workspace] INFO  o.e.m.c.i.e.AbstractTransferListenerAdapter - Downloaded https://repo.maven.apache.org/maven2/org/mybatis/spring/boot/mybatis-spring-boot-starter/1.3.1/mybatis-spring-boot-starter-1.3.1.pom
2022-02-03 16:16:29,198 [Worker-28: Building Workspace] INFO  o.e.m.c.i.e.AbstractTransferListenerAdapter - Downloading https://repo.maven.apache.org/maven2/org/mybatis/spring/boot/mybatis-spring-boot/1.3.1/mybatis-spring-boot-1.3.1.pom
2022-02-03 16:16:29,443 [Worker-28: Building Workspace] INFO  o.e.m.c.i.e.AbstractTransferListenerAdapter - Downloaded https://repo.maven.apache.org/maven2/org/mybatis/spring/boot/mybatis-spring-boot/1.3.1/mybatis-spring-boot-1.3.1.pom
2022-02-03 16:16:29,642 [Worker-28: Building Workspace] INFO  o.e.m.c.i.e.AbstractTransferListenerAdapter - Downloading https://repo.maven.apache.org/maven2/org/springframework/boot/spring-boot-dependencies/1.5.6.RELEASE/spring-boot-dependencies-1.5.6.RELEASE.pom
2022-02-03 16:16:30,067 [Worker-28: Building Workspace] INFO  o.e.m.c.i.e.AbstractTransferListenerAdapter - Downloaded https://repo.maven.apache.org/maven2/org/springframework/boot/spring-boot-dependencies/1.5.6.RELEASE/spring-boot-dependencies-1.5.6.RELEASE.pom
2022-02-03 16:16:30,254 [Worker-28: Building Workspace] INFO  o.e.m.c.i.e.AbstractTransferListenerAdapter - Downloading https://repo.maven.apache.org/maven2/com/fasterxml/jackson/jackson-bom/2.8.9/jackson-bom-2.8.9.pom
2022-02-03 16:16:30,429 [Worker-28: Building Workspace] INFO  o.e.m.c.i.e.AbstractTransferListenerAdapter - Downloaded https://repo.maven.apache.org/maven2/com/fasterxml/jackson/jackson-bom/2.8.9/jackson-bom-2.8.9.pom
2022-02-03 16:16:30,600 [Worker-28: Building Workspace] INFO  o.e.m.c.i.e.AbstractTransferListenerAdapter - Downloading https://repo.maven.apache.org/maven2/org/springframework/spring-framework-bom/4.3.10.RELEASE/spring-framework-bom-4.3.10.RELEASE.pom
2022-02-03 16:16:30,789 [Worker-28: Building Workspace] INFO  o.e.m.c.i.e.AbstractTransferListenerAdapter - Downloaded https://repo.maven.apache.org/maven2/org/springframework/spring-framework-bom/4.3.10.RELEASE/spring-framework-bom-4.3.10.RELEASE.pom
2022-02-03 16:16:30,962 [Worker-28: Building Workspace] INFO  o.e.m.c.i.e.AbstractTransferListenerAdapter - Downloading https://repo.maven.apache.org/maven2/org/springframework/data/spring-data-releasetrain/Ingalls-SR6/spring-data-releasetrain-Ingalls-SR6.pom
2022-02-03 16:16:31,138 [Worker-28: Building Workspace] INFO  o.e.m.c.i.e.AbstractTransferListenerAdapter - Downloaded https://repo.maven.apache.org/maven2/org/springframework/data/spring-data-releasetrain/Ingalls-SR6/spring-data-releasetrain-Ingalls-SR6.pom
2022-02-03 16:16:31,311 [Worker-28: Building Workspace] INFO  o.e.m.c.i.e.AbstractTransferListenerAdapter - Downloading https://repo.maven.apache.org/maven2/org/springframework/data/build/spring-data-build/1.9.6.RELEASE/spring-data-build-1.9.6.RELEASE.pom
2022-02-03 16:16:31,497 [Worker-28: Building Workspace] INFO  o.e.m.c.i.e.AbstractTransferListenerAdapter - Downloaded https://repo.maven.apache.org/maven2/org/springframework/data/build/spring-data-build/1.9.6.RELEASE/spring-data-build-1.9.6.RELEASE.pom
2022-02-03 16:16:31,678 [Worker-28: Building Workspace] INFO  o.e.m.c.i.e.AbstractTransferListenerAdapter - Downloading https://repo.maven.apache.org/maven2/org/springframework/integration/spring-integration-bom/4.3.11.RELEASE/spring-integration-bom-4.3.11.RELEASE.pom
2022-02-03 16:16:31,992 [Worker-28: Building Workspace] INFO  o.e.m.c.i.e.AbstractTransferListenerAdapter - Downloaded https://repo.maven.apache.org/maven2/org/springframework/integration/spring-integration-bom/4.3.11.RELEASE/spring-integration-bom-4.3.11.RELEASE.pom
2022-02-03 16:16:32,188 [Worker-28: Building Workspace] INFO  o.e.m.c.i.e.AbstractTransferListenerAdapter - Downloading https://repo.maven.apache.org/maven2/org/springframework/boot/spring-boot-starter-jdbc/1.5.9.RELEASE/spring-boot-starter-jdbc-1.5.9.RELEASE.pom
2022-02-03 16:16:32,376 [Worker-28: Building Workspace] INFO  o.e.m.c.i.e.AbstractTransferListenerAdapter - Downloaded https://repo.maven.apache.org/maven2/org/springframework/boot/spring-boot-starter-jdbc/1.5.9.RELEASE/spring-boot-starter-jdbc-1.5.9.RELEASE.pom
2022-02-03 16:16:32,550 [Worker-28: Building Workspace] INFO  o.e.m.c.i.e.AbstractTransferListenerAdapter - Downloading https://repo.maven.apache.org/maven2/org/apache/tomcat/tomcat-jdbc/8.5.23/tomcat-jdbc-8.5.23.pom
2022-02-03 16:16:32,742 [Worker-28: Building Workspace] INFO  o.e.m.c.i.e.AbstractTransferListenerAdapter - Downloaded https://repo.maven.apache.org/maven2/org/apache/tomcat/tomcat-jdbc/8.5.23/tomcat-jdbc-8.5.23.pom
2022-02-03 16:16:32,914 [Worker-28: Building Workspace] INFO  o.e.m.c.i.e.AbstractTransferListenerAdapter - Downloading https://repo.maven.apache.org/maven2/org/apache/tomcat/tomcat-juli/8.5.23/tomcat-juli-8.5.23.pom
2022-02-03 16:16:33,108 [Worker-28: Building Workspace] INFO  o.e.m.c.i.e.AbstractTransferListenerAdapter - Downloaded https://repo.maven.apache.org/maven2/org/apache/tomcat/tomcat-juli/8.5.23/tomcat-juli-8.5.23.pom
2022-02-03 16:16:33,283 [Worker-28: Building Workspace] INFO  o.e.m.c.i.e.AbstractTransferListenerAdapter - Downloading https://repo.maven.apache.org/maven2/org/springframework/spring-jdbc/4.3.13.RELEASE/spring-jdbc-4.3.13.RELEASE.pom
2022-02-03 16:16:33,471 [Worker-28: Building Workspace] INFO  o.e.m.c.i.e.AbstractTransferListenerAdapter - Downloaded https://repo.maven.apache.org/maven2/org/springframework/spring-jdbc/4.3.13.RELEASE/spring-jdbc-4.3.13.RELEASE.pom
2022-02-03 16:16:33,643 [Worker-28: Building Workspace] INFO  o.e.m.c.i.e.AbstractTransferListenerAdapter - Downloading https://repo.maven.apache.org/maven2/org/springframework/spring-tx/4.3.13.RELEASE/spring-tx-4.3.13.RELEASE.pom
2022-02-03 16:16:33,830 [Worker-28: Building Workspace] INFO  o.e.m.c.i.e.AbstractTransferListenerAdapter - Downloaded https://repo.maven.apache.org/maven2/org/springframework/spring-tx/4.3.13.RELEASE/spring-tx-4.3.13.RELEASE.pom
2022-02-03 16:16:34,001 [Worker-28: Building Workspace] INFO  o.e.m.c.i.e.AbstractTransferListenerAdapter - Downloading https://repo.maven.apache.org/maven2/org/mybatis/spring/boot/mybatis-spring-boot-autoconfigure/1.3.1/mybatis-spring-boot-autoconfigure-1.3.1.pom
2022-02-03 16:16:34,180 [Worker-28: Building Workspace] INFO  o.e.m.c.i.e.AbstractTransferListenerAdapter - Downloaded https://repo.maven.apache.org/maven2/org/mybatis/spring/boot/mybatis-spring-boot-autoconfigure/1.3.1/mybatis-spring-boot-autoconfigure-1.3.1.pom
2022-02-03 16:16:34,363 [Worker-28: Building Workspace] INFO  o.e.m.c.i.e.AbstractTransferListenerAdapter - Downloading https://repo.maven.apache.org/maven2/org/mybatis/mybatis/3.4.5/mybatis-3.4.5.pom
2022-02-03 16:16:34,538 [Worker-28: Building Workspace] INFO  o.e.m.c.i.e.AbstractTransferListenerAdapter - Downloaded https://repo.maven.apache.org/maven2/org/mybatis/mybatis/3.4.5/mybatis-3.4.5.pom
2022-02-03 16:16:34,721 [Worker-28: Building Workspace] INFO  o.e.m.c.i.e.AbstractTransferListenerAdapter - Downloading https://repo.maven.apache.org/maven2/org/mybatis/mybatis-spring/1.3.1/mybatis-spring-1.3.1.pom
2022-02-03 16:16:34,893 [Worker-28: Building Workspace] INFO  o.e.m.c.i.e.AbstractTransferListenerAdapter - Downloaded https://repo.maven.apache.org/maven2/org/mybatis/mybatis-spring/1.3.1/mybatis-spring-1.3.1.pom
2022-02-03 16:16:35,093 [Worker-28: Building Workspace] INFO  o.e.m.c.i.e.AbstractTransferListenerAdapter - Downloading https://repo.maven.apache.org/maven2/org/mybatis/mybatis-parent/28/mybatis-parent-28.pom
2022-02-03 16:16:35,358 [Worker-28: Building Workspace] INFO  o.e.m.c.i.e.AbstractTransferListenerAdapter - Downloaded https://repo.maven.apache.org/maven2/org/mybatis/mybatis-parent/28/mybatis-parent-28.pom
2022-02-03 16:16:35,591 [AetherRepositoryConnector-repo.maven.apache.org-0-1] INFO  o.e.m.c.i.e.AbstractTransferListenerAdapter - Downloading https://repo.maven.apache.org/maven2/org/springframework/boot/spring-boot-starter-jdbc/1.5.9.RELEASE/spring-boot-starter-jdbc-1.5.9.RELEASE.jar
2022-02-03 16:16:35,762 [AetherRepositoryConnector-repo.maven.apache.org-0-0] INFO  o.e.m.c.i.e.AbstractTransferListenerAdapter - Downloading https://repo.maven.apache.org/maven2/org/mybatis/spring/boot/mybatis-spring-boot-starter/1.3.1/mybatis-spring-boot-starter-1.3.1.jar
2022-02-03 16:16:35,773 [AetherRepositoryConnector-repo.maven.apache.org-0-2] INFO  o.e.m.c.i.e.AbstractTransferListenerAdapter - Downloading https://repo.maven.apache.org/maven2/org/apache/tomcat/tomcat-jdbc/8.5.23/tomcat-jdbc-8.5.23.jar
2022-02-03 16:16:35,951 [AetherRepositoryConnector-repo.maven.apache.org-0-4] INFO  o.e.m.c.i.e.AbstractTransferListenerAdapter - Downloading https://repo.maven.apache.org/maven2/org/springframework/spring-jdbc/4.3.13.RELEASE/spring-jdbc-4.3.13.RELEASE.jar
2022-02-03 16:16:35,951 [AetherRepositoryConnector-repo.maven.apache.org-0-3] INFO  o.e.m.c.i.e.AbstractTransferListenerAdapter - Downloading https://repo.maven.apache.org/maven2/org/apache/tomcat/tomcat-juli/8.5.23/tomcat-juli-8.5.23.jar
2022-02-03 16:16:35,972 [AetherRepositoryConnector-repo.maven.apache.org-0-1] INFO  o.e.m.c.i.e.AbstractTransferListenerAdapter - Downloaded https://repo.maven.apache.org/maven2/org/springframework/boot/spring-boot-starter-jdbc/1.5.9.RELEASE/spring-boot-starter-jdbc-1.5.9.RELEASE.jar
2022-02-03 16:16:36,127 [AetherRepositoryConnector-repo.maven.apache.org-0-0] INFO  o.e.m.c.i.e.AbstractTransferListenerAdapter - Downloaded https://repo.maven.apache.org/maven2/org/mybatis/spring/boot/mybatis-spring-boot-starter/1.3.1/mybatis-spring-boot-starter-1.3.1.jar
2022-02-03 16:16:36,306 [AetherRepositoryConnector-repo.maven.apache.org-0-2] INFO  o.e.m.c.i.e.AbstractTransferListenerAdapter - Downloaded https://repo.maven.apache.org/maven2/org/apache/tomcat/tomcat-jdbc/8.5.23/tomcat-jdbc-8.5.23.jar
2022-02-03 16:16:36,306 [AetherRepositoryConnector-repo.maven.apache.org-0-1] INFO  o.e.m.c.i.e.AbstractTransferListenerAdapter - Downloading https://repo.maven.apache.org/maven2/org/springframework/spring-tx/4.3.13.RELEASE/spring-tx-4.3.13.RELEASE.jar
2022-02-03 16:16:36,365 [AetherRepositoryConnector-repo.maven.apache.org-0-0] INFO  o.e.m.c.i.e.AbstractTransferListenerAdapter - Downloading https://repo.maven.apache.org/maven2/org/mybatis/spring/boot/mybatis-spring-boot-autoconfigure/1.3.1/mybatis-spring-boot-autoconfigure-1.3.1.jar
2022-02-03 16:16:36,368 [AetherRepositoryConnector-repo.maven.apache.org-0-3] INFO  o.e.m.c.i.e.AbstractTransferListenerAdapter - Downloaded https://repo.maven.apache.org/maven2/org/apache/tomcat/tomcat-juli/8.5.23/tomcat-juli-8.5.23.jar
2022-02-03 16:16:36,485 [AetherRepositoryConnector-repo.maven.apache.org-0-4] INFO  o.e.m.c.i.e.AbstractTransferListenerAdapter - Downloaded https://repo.maven.apache.org/maven2/org/springframework/spring-jdbc/4.3.13.RELEASE/spring-jdbc-4.3.13.RELEASE.jar
2022-02-03 16:16:36,485 [AetherRepositoryConnector-repo.maven.apache.org-0-2] INFO  o.e.m.c.i.e.AbstractTransferListenerAdapter - Downloading https://repo.maven.apache.org/maven2/org/mybatis/mybatis/3.4.5/mybatis-3.4.5.jar
2022-02-03 16:16:36,706 [AetherRepositoryConnector-repo.maven.apache.org-0-3] INFO  o.e.m.c.i.e.AbstractTransferListenerAdapter - Downloading https://repo.maven.apache.org/maven2/org/mybatis/mybatis-spring/1.3.1/mybatis-spring-1.3.1.jar
2022-02-03 16:16:36,709 [AetherRepositoryConnector-repo.maven.apache.org-0-0] INFO  o.e.m.c.i.e.AbstractTransferListenerAdapter - Downloaded https://repo.maven.apache.org/maven2/org/mybatis/spring/boot/mybatis-spring-boot-autoconfigure/1.3.1/mybatis-spring-boot-autoconfigure-1.3.1.jar
2022-02-03 16:16:36,710 [AetherRepositoryConnector-repo.maven.apache.org-0-1] INFO  o.e.m.c.i.e.AbstractTransferListenerAdapter - Downloaded https://repo.maven.apache.org/maven2/org/springframework/spring-tx/4.3.13.RELEASE/spring-tx-4.3.13.RELEASE.jar
2022-02-03 16:16:36,883 [AetherRepositoryConnector-repo.maven.apache.org-0-3] INFO  o.e.m.c.i.e.AbstractTransferListenerAdapter - Downloaded https://repo.maven.apache.org/maven2/org/mybatis/mybatis-spring/1.3.1/mybatis-spring-1.3.1.jar
2022-02-03 16:16:37,056 [AetherRepositoryConnector-repo.maven.apache.org-0-2] INFO  o.e.m.c.i.e.AbstractTransferListenerAdapter - Downloaded https://repo.maven.apache.org/maven2/org/mybatis/mybatis/3.4.5/mybatis-3.4.5.jar
2022-02-03 16:16:37,842 [Worker-28: Building Workspace] INFO  o.e.m.c.i.l.LifecycleMappingFactory - Using org.eclipse.m2e.jdt.JarLifecycleMapping lifecycle mapping for MavenProject: com.kirin:miaosha_1:0.0.1-SNAPSHOT @ E:\Work\ideajava\GraduationProject\SecKill\SecKill\miaosha_1\pom.xml.
2022-02-03 16:16:38,340 [Worker-28: Building Workspace] INFO  o.e.m.c.i.embedder.EclipseLogger - Using 'UTF-8' encoding to copy filtered resources.
2022-02-03 16:16:38,346 [Worker-28: Building Workspace] INFO  o.e.m.c.i.embedder.EclipseLogger - Copying 1 resource
2022-02-03 16:16:38,358 [Worker-28: Building Workspace] INFO  o.e.m.c.i.embedder.EclipseLogger - Copying 0 resource
2022-02-03 16:16:38,361 [Worker-28: Building Workspace] INFO  o.e.m.c.i.embedder.EclipseLogger - Using 'UTF-8' encoding to copy filtered resources.
2022-02-03 16:16:38,361 [Worker-28: Building Workspace] INFO  o.e.m.c.i.embedder.EclipseLogger - skip non existing resourceDirectory E:\Work\ideajava\GraduationProject\SecKill\SecKill\miaosha_1\src\test\resources
2022-02-03 16:16:40,150 [Worker-25: Download sources and javadoc] INFO  o.e.m.c.i.e.AbstractTransferListenerAdapter - Downloading https://repo.maven.apache.org/maven2/org/mybatis/spring/boot/mybatis-spring-boot-starter/1.3.1/mybatis-spring-boot-starter-1.3.1-sources.jar
2022-02-03 16:16:40,495 [Worker-25: Download sources and javadoc] INFO  o.e.m.c.i.e.AbstractTransferListenerAdapter - Downloaded https://repo.maven.apache.org/maven2/org/mybatis/spring/boot/mybatis-spring-boot-starter/1.3.1/mybatis-spring-boot-starter-1.3.1-sources.jar
2022-02-03 16:16:40,602 [Worker-25: Download sources and javadoc] INFO  o.e.m.j.internal.DownloadSourcesJob - Downloaded sources for org.mybatis.spring.boot:mybatis-spring-boot-starter:1.3.1
2022-02-03 16:16:41,319 [Worker-25: Download sources and javadoc] INFO  o.e.m.c.i.e.AbstractTransferListenerAdapter - Downloading https://repo.maven.apache.org/maven2/org/springframework/boot/spring-boot-starter-jdbc/1.5.9.RELEASE/spring-boot-starter-jdbc-1.5.9.RELEASE-sources.jar
2022-02-03 16:16:42,268 [Worker-25: Download sources and javadoc] INFO  o.e.m.c.i.e.AbstractTransferListenerAdapter - Downloaded https://repo.maven.apache.org/maven2/org/springframework/boot/spring-boot-starter-jdbc/1.5.9.RELEASE/spring-boot-starter-jdbc-1.5.9.RELEASE-sources.jar
2022-02-03 16:16:42,336 [Worker-25: Download sources and javadoc] INFO  o.e.m.j.internal.DownloadSourcesJob - Downloaded sources for org.springframework.boot:spring-boot-starter-jdbc:1.5.9.RELEASE
2022-02-03 16:16:43,037 [Worker-25: Download sources and javadoc] INFO  o.e.m.c.i.e.AbstractTransferListenerAdapter - Downloading https://repo.maven.apache.org/maven2/org/apache/tomcat/tomcat-jdbc/8.5.23/tomcat-jdbc-8.5.23-sources.jar
2022-02-03 16:16:43,463 [Worker-25: Download sources and javadoc] INFO  o.e.m.c.i.e.AbstractTransferListenerAdapter - Downloaded https://repo.maven.apache.org/maven2/org/apache/tomcat/tomcat-jdbc/8.5.23/tomcat-jdbc-8.5.23-sources.jar
2022-02-03 16:16:43,520 [Worker-25: Download sources and javadoc] INFO  o.e.m.j.internal.DownloadSourcesJob - Downloaded sources for org.apache.tomcat:tomcat-jdbc:8.5.23
2022-02-03 16:16:44,238 [Worker-25: Download sources and javadoc] INFO  o.e.m.c.i.e.AbstractTransferListenerAdapter - Downloading https://repo.maven.apache.org/maven2/org/apache/tomcat/tomcat-juli/8.5.23/tomcat-juli-8.5.23-sources.jar
2022-02-03 16:16:44,618 [Worker-25: Download sources and javadoc] INFO  o.e.m.c.i.e.AbstractTransferListenerAdapter - Downloaded https://repo.maven.apache.org/maven2/org/apache/tomcat/tomcat-juli/8.5.23/tomcat-juli-8.5.23-sources.jar
2022-02-03 16:16:44,668 [Worker-25: Download sources and javadoc] INFO  o.e.m.j.internal.DownloadSourcesJob - Downloaded sources for org.apache.tomcat:tomcat-juli:8.5.23
2022-02-03 16:16:45,395 [Worker-25: Download sources and javadoc] INFO  o.e.m.c.i.e.AbstractTransferListenerAdapter - Downloading https://repo.maven.apache.org/maven2/org/springframework/spring-jdbc/4.3.13.RELEASE/spring-jdbc-4.3.13.RELEASE-sources.jar
2022-02-03 16:16:47,013 [Worker-25: Download sources and javadoc] INFO  o.e.m.c.i.e.AbstractTransferListenerAdapter - Downloaded https://repo.maven.apache.org/maven2/org/springframework/spring-jdbc/4.3.13.RELEASE/spring-jdbc-4.3.13.RELEASE-sources.jar
2022-02-03 16:16:47,057 [Worker-25: Download sources and javadoc] INFO  o.e.m.j.internal.DownloadSourcesJob - Downloaded sources for org.springframework:spring-jdbc:4.3.13.RELEASE
2022-02-03 16:16:47,695 [Worker-25: Download sources and javadoc] INFO  o.e.m.c.i.e.AbstractTransferListenerAdapter - Downloading https://repo.maven.apache.org/maven2/org/springframework/spring-tx/4.3.13.RELEASE/spring-tx-4.3.13.RELEASE-sources.jar
2022-02-03 16:16:48,417 [Worker-25: Download sources and javadoc] INFO  o.e.m.c.i.e.AbstractTransferListenerAdapter - Downloaded https://repo.maven.apache.org/maven2/org/springframework/spring-tx/4.3.13.RELEASE/spring-tx-4.3.13.RELEASE-sources.jar
2022-02-03 16:16:48,477 [Worker-25: Download sources and javadoc] INFO  o.e.m.j.internal.DownloadSourcesJob - Downloaded sources for org.springframework:spring-tx:4.3.13.RELEASE
2022-02-03 16:16:49,338 [Worker-25: Download sources and javadoc] INFO  o.e.m.c.i.e.AbstractTransferListenerAdapter - Downloading https://repo.maven.apache.org/maven2/org/mybatis/spring/boot/mybatis-spring-boot-autoconfigure/1.3.1/mybatis-spring-boot-autoconfigure-1.3.1-sources.jar
2022-02-03 16:16:49,698 [Worker-25: Download sources and javadoc] INFO  o.e.m.c.i.e.AbstractTransferListenerAdapter - Downloaded https://repo.maven.apache.org/maven2/org/mybatis/spring/boot/mybatis-spring-boot-autoconfigure/1.3.1/mybatis-spring-boot-autoconfigure-1.3.1-sources.jar
2022-02-03 16:16:49,755 [Worker-25: Download sources and javadoc] INFO  o.e.m.j.internal.DownloadSourcesJob - Downloaded sources for org.mybatis.spring.boot:mybatis-spring-boot-autoconfigure:1.3.1
2022-02-03 16:16:50,486 [Worker-25: Download sources and javadoc] INFO  o.e.m.c.i.e.AbstractTransferListenerAdapter - Downloading https://repo.maven.apache.org/maven2/org/mybatis/mybatis/3.4.5/mybatis-3.4.5-sources.jar
2022-02-03 16:16:51,498 [Worker-25: Download sources and javadoc] INFO  o.e.m.c.i.e.AbstractTransferListenerAdapter - Downloaded https://repo.maven.apache.org/maven2/org/mybatis/mybatis/3.4.5/mybatis-3.4.5-sources.jar
2022-02-03 16:16:51,563 [Worker-25: Download sources and javadoc] INFO  o.e.m.j.internal.DownloadSourcesJob - Downloaded sources for org.mybatis:mybatis:3.4.5
2022-02-03 16:16:52,243 [Worker-25: Download sources and javadoc] INFO  o.e.m.c.i.e.AbstractTransferListenerAdapter - Downloading https://repo.maven.apache.org/maven2/org/mybatis/mybatis-spring/1.3.1/mybatis-spring-1.3.1-sources.jar
2022-02-03 16:16:52,605 [Worker-25: Download sources and javadoc] INFO  o.e.m.c.i.e.AbstractTransferListenerAdapter - Downloaded https://repo.maven.apache.org/maven2/org/mybatis/mybatis-spring/1.3.1/mybatis-spring-1.3.1-sources.jar
2022-02-03 16:16:52,666 [Worker-25: Download sources and javadoc] INFO  o.e.m.j.internal.DownloadSourcesJob - Downloaded sources for org.mybatis:mybatis-spring:1.3.1
2022-02-03 16:16:53,069 [Worker-30: Building] INFO  o.e.m.c.i.embedder.EclipseLogger - Using 'UTF-8' encoding to copy filtered resources.
2022-02-03 16:16:53,070 [Worker-30: Building] INFO  o.e.m.c.i.embedder.EclipseLogger - Copying 1 resource
2022-02-03 16:16:53,072 [Worker-30: Building] INFO  o.e.m.c.i.embedder.EclipseLogger - Copying 1 resource
2022-02-03 16:16:53,077 [Worker-30: Building] INFO  o.e.m.c.i.embedder.EclipseLogger - Using 'UTF-8' encoding to copy filtered resources.
2022-02-03 16:16:53,077 [Worker-30: Building] INFO  o.e.m.c.i.embedder.EclipseLogger - skip non existing resourceDirectory E:\Work\ideajava\GraduationProject\SecKill\SecKill\miaosha_1\src\test\resources
2022-02-03 17:06:35,388 [Worker-42: Building] INFO  o.e.m.c.i.embedder.EclipseLogger - Using 'UTF-8' encoding to copy filtered resources.
2022-02-03 17:06:35,396 [Worker-42: Building] INFO  o.e.m.c.i.embedder.EclipseLogger - Copying 1 resource
2022-02-03 17:06:35,400 [Worker-42: Building] INFO  o.e.m.c.i.embedder.EclipseLogger - Copying 1 resource
2022-02-03 17:06:35,402 [Worker-42: Building] INFO  o.e.m.c.i.embedder.EclipseLogger - Using 'UTF-8' encoding to copy filtered resources.
2022-02-03 17:06:35,403 [Worker-42: Building] INFO  o.e.m.c.i.embedder.EclipseLogger - skip non existing resourceDirectory E:\Work\ideajava\GraduationProject\SecKill\SecKill\miaosha_1\src\test\resources
2022-02-03 17:10:49,032 [Worker-46: Building] INFO  o.e.m.c.i.embedder.EclipseLogger - Using 'UTF-8' encoding to copy filtered resources.
2022-02-03 17:10:49,034 [Worker-46: Building] INFO  o.e.m.c.i.embedder.EclipseLogger - Copying 1 resource
2022-02-03 17:10:49,036 [Worker-46: Building] INFO  o.e.m.c.i.embedder.EclipseLogger - Copying 1 resource
2022-02-03 17:10:49,039 [Worker-46: Building] INFO  o.e.m.c.i.embedder.EclipseLogger - Using 'UTF-8' encoding to copy filtered resources.
2022-02-03 17:10:49,040 [Worker-46: Building] INFO  o.e.m.c.i.embedder.EclipseLogger - skip non existing resourceDirectory E:\Work\ideajava\GraduationProject\SecKill\SecKill\miaosha_1\src\test\resources
2022-02-03 17:20:02,577 [Worker-50: Building] INFO  o.e.m.c.i.embedder.EclipseLogger - Using 'UTF-8' encoding to copy filtered resources.
2022-02-03 17:20:02,578 [Worker-50: Building] INFO  o.e.m.c.i.embedder.EclipseLogger - Copying 1 resource
2022-02-03 17:20:02,583 [Worker-50: Building] INFO  o.e.m.c.i.embedder.EclipseLogger - Copying 1 resource
2022-02-03 17:20:02,586 [Worker-50: Building] INFO  o.e.m.c.i.embedder.EclipseLogger - Using 'UTF-8' encoding to copy filtered resources.
2022-02-03 17:20:02,587 [Worker-50: Building] INFO  o.e.m.c.i.embedder.EclipseLogger - skip non existing resourceDirectory E:\Work\ideajava\GraduationProject\SecKill\SecKill\miaosha_1\src\test\resources
2022-02-03 17:23:15,360 [Start Help Server] INFO  org.eclipse.jetty.util.log - Logging initialized @5583667ms to org.eclipse.jetty.util.log.Slf4jLog
2022-02-03 17:23:15,503 [Start Help Server] INFO  org.eclipse.jetty.server.Server - jetty-9.4.35.v20201120; built: 2020-11-27T20:36:51.615Z; git: bdc54f03a5e0a7e280fab27f55c3c75ee8da89fb; jvm 15.0.1+9-18
2022-02-03 17:23:15,523 [Start Help Server] INFO  org.eclipse.jetty.server.session - DefaultSessionIdManager workerName=node0
2022-02-03 17:23:15,524 [Start Help Server] INFO  org.eclipse.jetty.server.session - No SessionScavenger set, using defaults
2022-02-03 17:23:15,525 [Start Help Server] INFO  org.eclipse.jetty.server.session - node0 Scavenging every 660000ms
2022-02-03 17:23:15,553 [Start Help Server] INFO  o.e.j.server.handler.ContextHandler - Started o.e.j.s.ServletContextHandler@255ea826{/help,null,AVAILABLE}
2022-02-03 17:23:15,577 [Start Help Server] INFO  o.e.jetty.server.AbstractConnector - Started ServerConnector@c9315ff{HTTP/1.1, (http/1.1)}{127.0.0.1:51257}
2022-02-03 17:23:15,577 [Start Help Server] INFO  org.eclipse.jetty.server.Server - Started @5583886ms
2022-02-03 17:23:15,577 [Start Help Server] INFO  org.eclipse.jetty.server.session - node0 Scavenging every 660000ms
2022-02-03 17:36:11,227 [Worker-54: Launching MainApplication] INFO  o.e.m.c.i.l.LifecycleMappingFactory - Using org.eclipse.m2e.jdt.JarLifecycleMapping lifecycle mapping for MavenProject: com.kirin:miaosha_1:0.0.1-SNAPSHOT @ E:\Work\ideajava\GraduationProject\SecKill\SecKill\miaosha_1\pom.xml.
2022-02-03 17:36:12,512 [Worker-54: Launching MainApplication] INFO  o.e.m.c.i.e.AbstractTransferListenerAdapter - Downloading https://repo.maven.apache.org/maven2/mysql/mysql-connector-java/5.1.44/mysql-connector-java-5.1.44.pom
2022-02-03 17:36:12,905 [Worker-54: Launching MainApplication] INFO  o.e.m.c.i.e.AbstractTransferListenerAdapter - Downloaded https://repo.maven.apache.org/maven2/mysql/mysql-connector-java/5.1.44/mysql-connector-java-5.1.44.pom
2022-02-03 17:36:13,077 [Worker-54: Launching MainApplication] INFO  o.e.m.c.i.e.AbstractTransferListenerAdapter - Downloading https://repo.maven.apache.org/maven2/com/alibaba/druid/1.0.5/druid-1.0.5.pom
2022-02-03 17:36:13,320 [Worker-54: Launching MainApplication] INFO  o.e.m.c.i.e.AbstractTransferListenerAdapter - Downloaded https://repo.maven.apache.org/maven2/com/alibaba/druid/1.0.5/druid-1.0.5.pom
2022-02-03 17:36:13,606 [AetherRepositoryConnector-repo.maven.apache.org-1-1] INFO  o.e.m.c.i.e.AbstractTransferListenerAdapter - Downloading https://repo.maven.apache.org/maven2/com/alibaba/druid/1.0.5/druid-1.0.5.jar
2022-02-03 17:36:13,994 [AetherRepositoryConnector-repo.maven.apache.org-1-0] INFO  o.e.m.c.i.e.AbstractTransferListenerAdapter - Downloading https://repo.maven.apache.org/maven2/mysql/mysql-connector-java/5.1.44/mysql-connector-java-5.1.44.jar
2022-02-03 17:36:14,892 [AetherRepositoryConnector-repo.maven.apache.org-1-0] INFO  o.e.m.c.i.e.AbstractTransferListenerAdapter - Downloaded https://repo.maven.apache.org/maven2/mysql/mysql-connector-java/5.1.44/mysql-connector-java-5.1.44.jar
2022-02-03 17:36:15,058 [AetherRepositoryConnector-repo.maven.apache.org-1-1] INFO  o.e.m.c.i.e.AbstractTransferListenerAdapter - Downloaded https://repo.maven.apache.org/maven2/com/alibaba/druid/1.0.5/druid-1.0.5.jar
2022-02-03 17:36:15,585 [Worker-54: Launching MainApplication] INFO  o.e.m.c.i.embedder.EclipseLogger - Using 'UTF-8' encoding to copy filtered resources.
2022-02-03 17:36:15,589 [Worker-54: Launching MainApplication] INFO  o.e.m.c.i.embedder.EclipseLogger - Copying 1 resource
2022-02-03 17:36:15,599 [Worker-54: Launching MainApplication] INFO  o.e.m.c.i.embedder.EclipseLogger - Copying 1 resource
2022-02-03 17:36:15,601 [Worker-54: Launching MainApplication] INFO  o.e.m.c.i.embedder.EclipseLogger - Using 'UTF-8' encoding to copy filtered resources.
2022-02-03 17:36:15,601 [Worker-54: Launching MainApplication] INFO  o.e.m.c.i.embedder.EclipseLogger - skip non existing resourceDirectory E:\Work\ideajava\GraduationProject\SecKill\SecKill\miaosha_1\src\test\resources
2022-02-03 17:36:16,289 [Worker-56: Building] INFO  o.e.m.c.i.embedder.EclipseLogger - Using 'UTF-8' encoding to copy filtered resources.
2022-02-03 17:36:16,291 [Worker-56: Building] INFO  o.e.m.c.i.embedder.EclipseLogger - Copying 1 resource
2022-02-03 17:36:16,293 [Worker-56: Building] INFO  o.e.m.c.i.embedder.EclipseLogger - Copying 1 resource
2022-02-03 17:36:16,299 [Worker-56: Building] INFO  o.e.m.c.i.embedder.EclipseLogger - Using 'UTF-8' encoding to copy filtered resources.
2022-02-03 17:36:16,299 [Worker-56: Building] INFO  o.e.m.c.i.embedder.EclipseLogger - skip non existing resourceDirectory E:\Work\ideajava\GraduationProject\SecKill\SecKill\miaosha_1\src\test\resources
2022-02-03 17:36:17,153 [Worker-57: Download sources and javadoc] INFO  o.e.m.c.i.e.AbstractTransferListenerAdapter - Downloading https://repo.maven.apache.org/maven2/mysql/mysql-connector-java/5.1.44/mysql-connector-java-5.1.44-sources.jar
2022-02-03 17:36:18,348 [Worker-57: Download sources and javadoc] INFO  o.e.m.c.i.e.AbstractTransferListenerAdapter - Downloaded https://repo.maven.apache.org/maven2/mysql/mysql-connector-java/5.1.44/mysql-connector-java-5.1.44-sources.jar
2022-02-03 17:36:18,396 [Worker-57: Download sources and javadoc] INFO  o.e.m.j.internal.DownloadSourcesJob - Downloaded sources for mysql:mysql-connector-java:5.1.44
2022-02-03 17:36:19,240 [Worker-57: Download sources and javadoc] INFO  o.e.m.c.i.e.AbstractTransferListenerAdapter - Downloading https://repo.maven.apache.org/maven2/com/alibaba/druid/1.0.5/druid-1.0.5-sources.jar
2022-02-03 17:36:20,627 [Worker-57: Download sources and javadoc] INFO  o.e.m.c.i.e.AbstractTransferListenerAdapter - Downloaded https://repo.maven.apache.org/maven2/com/alibaba/druid/1.0.5/druid-1.0.5-sources.jar
2022-02-03 17:36:20,669 [Worker-57: Download sources and javadoc] INFO  o.e.m.j.internal.DownloadSourcesJob - Downloaded sources for com.alibaba:druid:1.0.5
2022-02-03 17:36:20,674 [Worker-57: Download sources and javadoc] INFO  o.e.m.j.internal.DownloadSourcesJob - Downloaded sources for mysql:mysql-connector-java:5.1.44
2022-02-03 17:36:20,678 [Worker-57: Download sources and javadoc] INFO  o.e.m.j.internal.DownloadSourcesJob - Downloaded sources for com.alibaba:druid:1.0.5
2022-02-03 17:36:20,683 [Worker-57: Download sources and javadoc] INFO  o.e.m.j.internal.DownloadSourcesJob - Downloaded sources for mysql:mysql-connector-java:5.1.44
2022-02-03 17:36:20,687 [Worker-57: Download sources and javadoc] INFO  o.e.m.j.internal.DownloadSourcesJob - Downloaded sources for com.alibaba:druid:1.0.5
2022-02-03 17:36:20,694 [Worker-57: Download sources and javadoc] INFO  o.e.m.j.internal.DownloadSourcesJob - Downloaded sources for mysql:mysql-connector-java:5.1.44
2022-02-03 17:36:20,698 [Worker-57: Download sources and javadoc] INFO  o.e.m.j.internal.DownloadSourcesJob - Downloaded sources for com.alibaba:druid:1.0.5
2022-02-03 17:36:21,082 [Worker-58: Building] INFO  o.e.m.c.i.embedder.EclipseLogger - Using 'UTF-8' encoding to copy filtered resources.
2022-02-03 17:36:21,082 [Worker-58: Building] INFO  o.e.m.c.i.embedder.EclipseLogger - Copying 0 resource
2022-02-03 17:36:21,082 [Worker-58: Building] INFO  o.e.m.c.i.embedder.EclipseLogger - Copying 0 resource
2022-02-03 17:36:21,084 [Worker-58: Building] INFO  o.e.m.c.i.embedder.EclipseLogger - Using 'UTF-8' encoding to copy filtered resources.
2022-02-03 17:36:21,085 [Worker-58: Building] INFO  o.e.m.c.i.embedder.EclipseLogger - skip non existing resourceDirectory E:\Work\ideajava\GraduationProject\SecKill\SecKill\miaosha_1\src\test\resources
2022-02-03 17:49:53,429 [Worker-61: Building] INFO  o.e.m.c.i.embedder.EclipseLogger - Using 'UTF-8' encoding to copy filtered resources.
2022-02-03 17:49:53,430 [Worker-61: Building] INFO  o.e.m.c.i.embedder.EclipseLogger - Copying 1 resource
2022-02-03 17:49:53,432 [Worker-61: Building] INFO  o.e.m.c.i.embedder.EclipseLogger - Copying 1 resource
2022-02-03 17:49:53,434 [Worker-61: Building] INFO  o.e.m.c.i.embedder.EclipseLogger - Using 'UTF-8' encoding to copy filtered resources.
2022-02-03 17:49:53,434 [Worker-61: Building] INFO  o.e.m.c.i.embedder.EclipseLogger - skip non existing resourceDirectory E:\Work\ideajava\GraduationProject\SecKill\SecKill\miaosha_1\src\test\resources
2022-02-03 23:32:41,612 [Worker-144: Building] INFO  o.e.m.c.i.embedder.EclipseLogger - Using 'UTF-8' encoding to copy filtered resources.
2022-02-03 23:32:41,619 [Worker-144: Building] INFO  o.e.m.c.i.embedder.EclipseLogger - Copying 1 resource
2022-02-03 23:32:41,624 [Worker-144: Building] INFO  o.e.m.c.i.embedder.EclipseLogger - Copying 1 resource
2022-02-03 23:32:41,629 [Worker-144: Building] INFO  o.e.m.c.i.embedder.EclipseLogger - Using 'UTF-8' encoding to copy filtered resources.
2022-02-03 23:32:41,629 [Worker-144: Building] INFO  o.e.m.c.i.embedder.EclipseLogger - skip non existing resourceDirectory E:\Work\ideajava\GraduationProject\SecKill\SecKill\miaosha_1\src\test\resources
2022-02-03 23:32:43,030 [Stop Help Server] INFO  o.e.jetty.server.AbstractConnector - Stopped ServerConnector@c9315ff{HTTP/1.1, (http/1.1)}{127.0.0.1:0}
2022-02-03 23:32:43,030 [Stop Help Server] INFO  org.eclipse.jetty.server.session - node0 Stopped scavenging
2022-02-03 23:32:43,054 [Stop Help Server] INFO  o.e.j.server.handler.ContextHandler - Stopped o.e.j.s.ServletContextHandler@255ea826{/help,null,STOPPED}
2022-02-04 16:37:20,033 [Worker-1: Loading available Gradle versions] INFO  o.e.b.c.i.u.g.PublishedGradleVersions - Gradle version information cache is out-of-date. Trying to update.
2022-02-05 00:16:56,997 [Worker-17: Building] INFO  o.e.m.c.i.embedder.EclipseLogger - Using 'UTF-8' encoding to copy filtered resources.
2022-02-05 00:16:57,005 [Worker-17: Building] INFO  o.e.m.c.i.embedder.EclipseLogger - Copying 1 resource
2022-02-05 00:16:57,025 [Worker-17: Building] INFO  o.e.m.c.i.embedder.EclipseLogger - Copying 1 resource
2022-02-05 00:16:57,030 [Worker-17: Building] INFO  o.e.m.c.i.embedder.EclipseLogger - Using 'UTF-8' encoding to copy filtered resources.
2022-02-05 00:16:57,030 [Worker-17: Building] INFO  o.e.m.c.i.embedder.EclipseLogger - skip non existing resourceDirectory E:\Work\ideajava\GraduationProject\SecKill\SecKill\miaosha_1\src\test\resources
2022-02-06 17:12:31,754 [Worker-3: Loading available Gradle versions] INFO  o.e.b.c.i.u.g.PublishedGradleVersions - Gradle version information cache is out-of-date. Trying to update.
2022-02-06 17:31:09,696 [Worker-9: Launching MainApplication] INFO  o.e.m.c.i.embedder.EclipseLogger - Using 'UTF-8' encoding to copy filtered resources.
2022-02-06 17:31:09,702 [Worker-9: Launching MainApplication] INFO  o.e.m.c.i.embedder.EclipseLogger - Copying 1 resource
2022-02-06 17:31:09,714 [Worker-9: Launching MainApplication] INFO  o.e.m.c.i.embedder.EclipseLogger - Copying 1 resource
2022-02-06 17:31:09,717 [Worker-9: Launching MainApplication] INFO  o.e.m.c.i.embedder.EclipseLogger - Using 'UTF-8' encoding to copy filtered resources.
2022-02-06 17:31:09,717 [Worker-9: Launching MainApplication] INFO  o.e.m.c.i.embedder.EclipseLogger - skip non existing resourceDirectory E:\Work\ideajava\GraduationProject\SecKill\SecKill\miaosha_1\src\test\resources
2022-02-06 17:35:54,395 [Worker-20: Launching MainApplication] INFO  o.e.m.c.i.embedder.EclipseLogger - Using 'UTF-8' encoding to copy filtered resources.
2022-02-06 17:35:54,399 [Worker-20: Launching MainApplication] INFO  o.e.m.c.i.embedder.EclipseLogger - Copying 1 resource
2022-02-06 17:35:54,401 [Worker-20: Launching MainApplication] INFO  o.e.m.c.i.embedder.EclipseLogger - Copying 1 resource
2022-02-06 17:35:54,404 [Worker-20: Launching MainApplication] INFO  o.e.m.c.i.embedder.EclipseLogger - Using 'UTF-8' encoding to copy filtered resources.
2022-02-06 17:35:54,405 [Worker-20: Launching MainApplication] INFO  o.e.m.c.i.embedder.EclipseLogger - skip non existing resourceDirectory E:\Work\ideajava\GraduationProject\SecKill\SecKill\miaosha_1\src\test\resources
2022-02-06 17:37:31,496 [Worker-25: Building] INFO  o.e.m.c.i.embedder.EclipseLogger - Using 'UTF-8' encoding to copy filtered resources.
2022-02-06 17:37:31,497 [Worker-25: Building] INFO  o.e.m.c.i.embedder.EclipseLogger - Copying 1 resource
2022-02-06 17:37:31,499 [Worker-25: Building] INFO  o.e.m.c.i.embedder.EclipseLogger - Copying 1 resource
2022-02-06 17:37:31,501 [Worker-25: Building] INFO  o.e.m.c.i.embedder.EclipseLogger - Using 'UTF-8' encoding to copy filtered resources.
2022-02-06 17:37:31,501 [Worker-25: Building] INFO  o.e.m.c.i.embedder.EclipseLogger - skip non existing resourceDirectory E:\Work\ideajava\GraduationProject\SecKill\SecKill\miaosha_1\src\test\resources
2022-02-06 19:29:40,635 [Worker-49: Launching MainApplication] INFO  o.e.m.c.i.embedder.EclipseLogger - Using 'UTF-8' encoding to copy filtered resources.
2022-02-06 19:29:40,646 [Worker-49: Launching MainApplication] INFO  o.e.m.c.i.embedder.EclipseLogger - Copying 1 resource
2022-02-06 19:29:40,649 [Worker-49: Launching MainApplication] INFO  o.e.m.c.i.embedder.EclipseLogger - Copying 0 resource
2022-02-06 19:29:40,651 [Worker-49: Launching MainApplication] INFO  o.e.m.c.i.embedder.EclipseLogger - Using 'UTF-8' encoding to copy filtered resources.
2022-02-06 19:29:40,651 [Worker-49: Launching MainApplication] INFO  o.e.m.c.i.embedder.EclipseLogger - skip non existing resourceDirectory E:\Work\ideajava\GraduationProject\SecKill\SecKill\miaosha_1\src\test\resources
2022-02-06 21:18:02,274 [Worker-67: Building] INFO  o.e.m.c.i.l.LifecycleMappingFactory - Using org.eclipse.m2e.jdt.JarLifecycleMapping lifecycle mapping for MavenProject: com.kirin:miaosha_1:0.0.1-SNAPSHOT @ E:\Work\ideajava\GraduationProject\SecKill\SecKill\miaosha_1\pom.xml.
2022-02-06 21:18:03,258 [Worker-67: Building] INFO  o.e.m.c.i.embedder.EclipseLogger - Using 'UTF-8' encoding to copy filtered resources.
2022-02-06 21:18:03,260 [Worker-67: Building] INFO  o.e.m.c.i.embedder.EclipseLogger - Copying 0 resource
2022-02-06 21:18:03,261 [Worker-67: Building] INFO  o.e.m.c.i.embedder.EclipseLogger - Copying 0 resource
2022-02-06 21:18:03,263 [Worker-67: Building] INFO  o.e.m.c.i.embedder.EclipseLogger - Using 'UTF-8' encoding to copy filtered resources.
2022-02-06 21:18:03,264 [Worker-67: Building] INFO  o.e.m.c.i.embedder.EclipseLogger - skip non existing resourceDirectory E:\Work\ideajava\GraduationProject\SecKill\SecKill\miaosha_1\src\test\resources
2022-02-06 21:34:10,339 [Worker-72: Building] INFO  o.e.m.c.i.embedder.EclipseLogger - Using 'UTF-8' encoding to copy filtered resources.
2022-02-06 21:34:10,341 [Worker-72: Building] INFO  o.e.m.c.i.embedder.EclipseLogger - Copying 1 resource
2022-02-06 21:34:10,356 [Worker-72: Building] INFO  o.e.m.c.i.embedder.EclipseLogger - Copying 1 resource
2022-02-06 21:34:10,359 [Worker-72: Building] INFO  o.e.m.c.i.embedder.EclipseLogger - Using 'UTF-8' encoding to copy filtered resources.
2022-02-06 21:34:10,359 [Worker-72: Building] INFO  o.e.m.c.i.embedder.EclipseLogger - skip non existing resourceDirectory E:\Work\ideajava\GraduationProject\SecKill\SecKill\miaosha_1\src\test\resources
2022-02-06 21:34:33,556 [Worker-75: Building] INFO  o.e.m.c.i.embedder.EclipseLogger - Using 'UTF-8' encoding to copy filtered resources.
2022-02-06 21:34:33,557 [Worker-75: Building] INFO  o.e.m.c.i.embedder.EclipseLogger - Copying 1 resource
2022-02-06 21:34:33,560 [Worker-75: Building] INFO  o.e.m.c.i.embedder.EclipseLogger - Copying 1 resource
2022-02-06 21:34:33,563 [Worker-75: Building] INFO  o.e.m.c.i.embedder.EclipseLogger - Using 'UTF-8' encoding to copy filtered resources.
2022-02-06 21:34:33,564 [Worker-75: Building] INFO  o.e.m.c.i.embedder.EclipseLogger - skip non existing resourceDirectory E:\Work\ideajava\GraduationProject\SecKill\SecKill\miaosha_1\src\test\resources
2022-02-06 21:34:41,290 [Worker-72: Building] INFO  o.e.m.c.i.embedder.EclipseLogger - Using 'UTF-8' encoding to copy filtered resources.
2022-02-06 21:34:41,291 [Worker-72: Building] INFO  o.e.m.c.i.embedder.EclipseLogger - Copying 1 resource
2022-02-06 21:34:41,297 [Worker-72: Building] INFO  o.e.m.c.i.embedder.EclipseLogger - Copying 1 resource
2022-02-06 21:34:41,302 [Worker-72: Building] INFO  o.e.m.c.i.embedder.EclipseLogger - Using 'UTF-8' encoding to copy filtered resources.
2022-02-06 21:34:41,302 [Worker-72: Building] INFO  o.e.m.c.i.embedder.EclipseLogger - skip non existing resourceDirectory E:\Work\ideajava\GraduationProject\SecKill\SecKill\miaosha_1\src\test\resources
2022-02-06 21:36:05,565 [Worker-75: Building] INFO  o.e.m.c.i.embedder.EclipseLogger - Using 'UTF-8' encoding to copy filtered resources.
2022-02-06 21:36:05,567 [Worker-75: Building] INFO  o.e.m.c.i.embedder.EclipseLogger - Copying 1 resource
2022-02-06 21:36:05,571 [Worker-75: Building] INFO  o.e.m.c.i.embedder.EclipseLogger - Copying 1 resource
2022-02-06 21:36:05,572 [Worker-75: Building] INFO  o.e.m.c.i.embedder.EclipseLogger - Using 'UTF-8' encoding to copy filtered resources.
2022-02-06 21:36:05,572 [Worker-75: Building] INFO  o.e.m.c.i.embedder.EclipseLogger - skip non existing resourceDirectory E:\Work\ideajava\GraduationProject\SecKill\SecKill\miaosha_1\src\test\resources
2022-02-06 21:43:56,324 [Worker-80: Building] INFO  o.e.m.c.i.embedder.EclipseLogger - Using 'UTF-8' encoding to copy filtered resources.
2022-02-06 21:43:56,325 [Worker-80: Building] INFO  o.e.m.c.i.embedder.EclipseLogger - Copying 1 resource
2022-02-06 21:43:56,327 [Worker-80: Building] INFO  o.e.m.c.i.embedder.EclipseLogger - Copying 1 resource
2022-02-06 21:43:56,331 [Worker-80: Building] INFO  o.e.m.c.i.embedder.EclipseLogger - Using 'UTF-8' encoding to copy filtered resources.
2022-02-06 21:43:56,331 [Worker-80: Building] INFO  o.e.m.c.i.embedder.EclipseLogger - skip non existing resourceDirectory E:\Work\ideajava\GraduationProject\SecKill\SecKill\miaosha_1\src\test\resources
2022-02-06 21:56:22,577 [Worker-85: Building] INFO  o.e.m.c.i.embedder.EclipseLogger - Using 'UTF-8' encoding to copy filtered resources.
2022-02-06 21:56:22,579 [Worker-85: Building] INFO  o.e.m.c.i.embedder.EclipseLogger - Copying 1 resource
2022-02-06 21:56:22,584 [Worker-85: Building] INFO  o.e.m.c.i.embedder.EclipseLogger - Copying 1 resource
2022-02-06 21:56:22,587 [Worker-85: Building] INFO  o.e.m.c.i.embedder.EclipseLogger - Using 'UTF-8' encoding to copy filtered resources.
2022-02-06 21:56:22,587 [Worker-85: Building] INFO  o.e.m.c.i.embedder.EclipseLogger - skip non existing resourceDirectory E:\Work\ideajava\GraduationProject\SecKill\SecKill\miaosha_1\src\test\resources
2022-02-06 21:56:46,804 [Worker-83: Building] INFO  o.e.m.c.i.embedder.EclipseLogger - Using 'UTF-8' encoding to copy filtered resources.
2022-02-06 21:56:46,806 [Worker-83: Building] INFO  o.e.m.c.i.embedder.EclipseLogger - Copying 1 resource
2022-02-06 21:56:46,808 [Worker-83: Building] INFO  o.e.m.c.i.embedder.EclipseLogger - Copying 1 resource
2022-02-06 21:56:46,813 [Worker-83: Building] INFO  o.e.m.c.i.embedder.EclipseLogger - Using 'UTF-8' encoding to copy filtered resources.
2022-02-06 21:56:46,813 [Worker-83: Building] INFO  o.e.m.c.i.embedder.EclipseLogger - skip non existing resourceDirectory E:\Work\ideajava\GraduationProject\SecKill\SecKill\miaosha_1\src\test\resources
2022-02-06 22:02:51,640 [Worker-50: Building] INFO  o.e.m.c.i.l.LifecycleMappingFactory - Using org.eclipse.m2e.jdt.JarLifecycleMapping lifecycle mapping for MavenProject: com.kirin:miaosha_1:0.0.1-SNAPSHOT @ E:\Work\ideajava\GraduationProject\SecKill\SecKill\miaosha_1\pom.xml.
2022-02-06 22:02:54,802 [Worker-50: Building] INFO  o.e.m.c.i.e.AbstractTransferListenerAdapter - Downloading https://repo.maven.apache.org/maven2/com/alibaba/fastjson/1.2.38/fastjson-1.2.38.pom
2022-02-06 22:02:55,807 [Worker-50: Building] INFO  o.e.m.c.i.e.AbstractTransferListenerAdapter - Downloaded https://repo.maven.apache.org/maven2/com/alibaba/fastjson/1.2.38/fastjson-1.2.38.pom
2022-02-06 22:02:56,123 [Worker-50: Building] INFO  o.e.m.c.i.e.AbstractTransferListenerAdapter - Downloading https://repo.maven.apache.org/maven2/com/alibaba/fastjson/1.2.38/fastjson-1.2.38.jar
2022-02-06 22:03:22,868 [Worker-50: Building] INFO  o.e.m.c.i.e.AbstractTransferListenerAdapter - Downloaded https://repo.maven.apache.org/maven2/com/alibaba/fastjson/1.2.38/fastjson-1.2.38.jar
2022-02-06 22:03:23,370 [Worker-50: Building] INFO  o.e.m.c.i.embedder.EclipseLogger - Using 'UTF-8' encoding to copy filtered resources.
2022-02-06 22:03:23,372 [Worker-50: Building] INFO  o.e.m.c.i.embedder.EclipseLogger - Copying 0 resource
2022-02-06 22:03:23,372 [Worker-50: Building] INFO  o.e.m.c.i.embedder.EclipseLogger - Copying 0 resource
2022-02-06 22:03:23,374 [Worker-50: Building] INFO  o.e.m.c.i.embedder.EclipseLogger - Using 'UTF-8' encoding to copy filtered resources.
2022-02-06 22:03:23,374 [Worker-50: Building] INFO  o.e.m.c.i.embedder.EclipseLogger - skip non existing resourceDirectory E:\Work\ideajava\GraduationProject\SecKill\SecKill\miaosha_1\src\test\resources
2022-02-06 22:03:24,904 [Worker-85: Building] INFO  o.e.m.c.i.embedder.EclipseLogger - Using 'UTF-8' encoding to copy filtered resources.
2022-02-06 22:03:24,905 [Worker-85: Building] INFO  o.e.m.c.i.embedder.EclipseLogger - Copying 1 resource
2022-02-06 22:03:24,916 [Worker-85: Building] INFO  o.e.m.c.i.embedder.EclipseLogger - Copying 1 resource
2022-02-06 22:03:24,923 [Worker-85: Building] INFO  o.e.m.c.i.embedder.EclipseLogger - Using 'UTF-8' encoding to copy filtered resources.
2022-02-06 22:03:24,923 [Worker-85: Building] INFO  o.e.m.c.i.embedder.EclipseLogger - skip non existing resourceDirectory E:\Work\ideajava\GraduationProject\SecKill\SecKill\miaosha_1\src\test\resources
2022-02-06 22:03:25,954 [Worker-84: Download sources and javadoc] INFO  o.e.m.c.i.e.AbstractTransferListenerAdapter - Downloading https://repo.maven.apache.org/maven2/redis/clients/jedis/2.9.0/jedis-2.9.0-sources.jar
2022-02-06 22:03:27,706 [Worker-84: Download sources and javadoc] INFO  o.e.m.c.i.e.AbstractTransferListenerAdapter - Downloaded https://repo.maven.apache.org/maven2/redis/clients/jedis/2.9.0/jedis-2.9.0-sources.jar
2022-02-06 22:03:27,836 [Worker-84: Download sources and javadoc] INFO  o.e.m.j.internal.DownloadSourcesJob - Downloaded sources for redis.clients:jedis:2.9.0
2022-02-06 22:03:29,916 [Worker-84: Download sources and javadoc] INFO  o.e.m.c.i.e.AbstractTransferListenerAdapter - Downloading https://repo.maven.apache.org/maven2/org/apache/commons/commons-pool2/2.4.3/commons-pool2-2.4.3-sources.jar
2022-02-06 22:03:31,610 [Worker-84: Download sources and javadoc] INFO  o.e.m.c.i.e.AbstractTransferListenerAdapter - Downloaded https://repo.maven.apache.org/maven2/org/apache/commons/commons-pool2/2.4.3/commons-pool2-2.4.3-sources.jar
2022-02-06 22:03:31,856 [Worker-84: Download sources and javadoc] INFO  o.e.m.j.internal.DownloadSourcesJob - Downloaded sources for org.apache.commons:commons-pool2:2.4.3
2022-02-06 22:03:33,175 [Worker-84: Download sources and javadoc] INFO  o.e.m.c.i.e.AbstractTransferListenerAdapter - Downloading https://repo.maven.apache.org/maven2/com/alibaba/fastjson/1.2.38/fastjson-1.2.38-sources.jar
2022-02-06 22:03:34,569 [Worker-84: Download sources and javadoc] INFO  o.e.m.c.i.e.AbstractTransferListenerAdapter - Downloaded https://repo.maven.apache.org/maven2/com/alibaba/fastjson/1.2.38/fastjson-1.2.38-sources.jar
2022-02-06 22:03:34,636 [Worker-84: Download sources and javadoc] INFO  o.e.m.j.internal.DownloadSourcesJob - Downloaded sources for com.alibaba:fastjson:1.2.38
2022-02-06 22:03:35,130 [Worker-85: Building] INFO  o.e.m.c.i.embedder.EclipseLogger - Using 'UTF-8' encoding to copy filtered resources.
2022-02-06 22:03:35,130 [Worker-85: Building] INFO  o.e.m.c.i.embedder.EclipseLogger - Copying 0 resource
2022-02-06 22:03:35,131 [Worker-85: Building] INFO  o.e.m.c.i.embedder.EclipseLogger - Copying 0 resource
2022-02-06 22:03:35,133 [Worker-85: Building] INFO  o.e.m.c.i.embedder.EclipseLogger - Using 'UTF-8' encoding to copy filtered resources.
2022-02-06 22:03:35,133 [Worker-85: Building] INFO  o.e.m.c.i.embedder.EclipseLogger - skip non existing resourceDirectory E:\Work\ideajava\GraduationProject\SecKill\SecKill\miaosha_1\src\test\resources
2022-02-06 22:03:43,326 [Worker-87: Building] INFO  o.e.m.c.i.embedder.EclipseLogger - Using 'UTF-8' encoding to copy filtered resources.
2022-02-06 22:03:43,327 [Worker-87: Building] INFO  o.e.m.c.i.embedder.EclipseLogger - Copying 1 resource
2022-02-06 22:03:43,329 [Worker-87: Building] INFO  o.e.m.c.i.embedder.EclipseLogger - Copying 1 resource
2022-02-06 22:03:43,331 [Worker-87: Building] INFO  o.e.m.c.i.embedder.EclipseLogger - Using 'UTF-8' encoding to copy filtered resources.
2022-02-06 22:03:43,331 [Worker-87: Building] INFO  o.e.m.c.i.embedder.EclipseLogger - skip non existing resourceDirectory E:\Work\ideajava\GraduationProject\SecKill\SecKill\miaosha_1\src\test\resources
2022-02-06 22:04:29,755 [Worker-50: Building] INFO  o.e.m.c.i.embedder.EclipseLogger - Using 'UTF-8' encoding to copy filtered resources.
2022-02-06 22:04:29,756 [Worker-50: Building] INFO  o.e.m.c.i.embedder.EclipseLogger - Copying 1 resource
2022-02-06 22:04:29,758 [Worker-50: Building] INFO  o.e.m.c.i.embedder.EclipseLogger - Copying 1 resource
2022-02-06 22:04:29,760 [Worker-50: Building] INFO  o.e.m.c.i.embedder.EclipseLogger - Using 'UTF-8' encoding to copy filtered resources.
2022-02-06 22:04:29,761 [Worker-50: Building] INFO  o.e.m.c.i.embedder.EclipseLogger - skip non existing resourceDirectory E:\Work\ideajava\GraduationProject\SecKill\SecKill\miaosha_1\src\test\resources
2022-02-06 22:04:38,515 [Worker-83: Building] INFO  o.e.m.c.i.embedder.EclipseLogger - Using 'UTF-8' encoding to copy filtered resources.
2022-02-06 22:04:38,517 [Worker-83: Building] INFO  o.e.m.c.i.embedder.EclipseLogger - Copying 1 resource
2022-02-06 22:04:38,519 [Worker-83: Building] INFO  o.e.m.c.i.embedder.EclipseLogger - Copying 1 resource
2022-02-06 22:04:38,521 [Worker-83: Building] INFO  o.e.m.c.i.embedder.EclipseLogger - Using 'UTF-8' encoding to copy filtered resources.
2022-02-06 22:04:38,521 [Worker-83: Building] INFO  o.e.m.c.i.embedder.EclipseLogger - skip non existing resourceDirectory E:\Work\ideajava\GraduationProject\SecKill\SecKill\miaosha_1\src\test\resources
2022-02-06 22:04:40,035 [Worker-85: Building] INFO  o.e.m.c.i.embedder.EclipseLogger - Using 'UTF-8' encoding to copy filtered resources.
2022-02-06 22:04:40,036 [Worker-85: Building] INFO  o.e.m.c.i.embedder.EclipseLogger - Copying 1 resource
2022-02-06 22:04:40,038 [Worker-85: Building] INFO  o.e.m.c.i.embedder.EclipseLogger - Copying 1 resource
2022-02-06 22:04:40,039 [Worker-85: Building] INFO  o.e.m.c.i.embedder.EclipseLogger - Using 'UTF-8' encoding to copy filtered resources.
2022-02-06 22:04:40,039 [Worker-85: Building] INFO  o.e.m.c.i.embedder.EclipseLogger - skip non existing resourceDirectory E:\Work\ideajava\GraduationProject\SecKill\SecKill\miaosha_1\src\test\resources
2022-02-06 22:04:42,006 [Worker-87: Building] INFO  o.e.m.c.i.embedder.EclipseLogger - Using 'UTF-8' encoding to copy filtered resources.
2022-02-06 22:04:42,006 [Worker-87: Building] INFO  o.e.m.c.i.embedder.EclipseLogger - Copying 1 resource
2022-02-06 22:04:42,008 [Worker-87: Building] INFO  o.e.m.c.i.embedder.EclipseLogger - Copying 0 resource
2022-02-06 22:04:42,011 [Worker-87: Building] INFO  o.e.m.c.i.embedder.EclipseLogger - Using 'UTF-8' encoding to copy filtered resources.
2022-02-06 22:04:42,011 [Worker-87: Building] INFO  o.e.m.c.i.embedder.EclipseLogger - skip non existing resourceDirectory E:\Work\ideajava\GraduationProject\SecKill\SecKill\miaosha_1\src\test\resources
2022-02-06 22:04:46,594 [Worker-87: Building] INFO  o.e.m.c.i.embedder.EclipseLogger - Using 'UTF-8' encoding to copy filtered resources.
2022-02-06 22:04:46,595 [Worker-87: Building] INFO  o.e.m.c.i.embedder.EclipseLogger - Copying 1 resource
2022-02-06 22:04:46,597 [Worker-87: Building] INFO  o.e.m.c.i.embedder.EclipseLogger - Copying 1 resource
2022-02-06 22:04:46,598 [Worker-87: Building] INFO  o.e.m.c.i.embedder.EclipseLogger - Using 'UTF-8' encoding to copy filtered resources.
2022-02-06 22:04:46,599 [Worker-87: Building] INFO  o.e.m.c.i.embedder.EclipseLogger - skip non existing resourceDirectory E:\Work\ideajava\GraduationProject\SecKill\SecKill\miaosha_1\src\test\resources
2022-02-06 22:21:04,023 [Worker-89: Building] INFO  o.e.m.c.i.embedder.EclipseLogger - Using 'UTF-8' encoding to copy filtered resources.
2022-02-06 22:21:04,024 [Worker-89: Building] INFO  o.e.m.c.i.embedder.EclipseLogger - Copying 1 resource
2022-02-06 22:21:04,026 [Worker-89: Building] INFO  o.e.m.c.i.embedder.EclipseLogger - Copying 1 resource
2022-02-06 22:21:04,028 [Worker-89: Building] INFO  o.e.m.c.i.embedder.EclipseLogger - Using 'UTF-8' encoding to copy filtered resources.
2022-02-06 22:21:04,028 [Worker-89: Building] INFO  o.e.m.c.i.embedder.EclipseLogger - skip non existing resourceDirectory E:\Work\ideajava\GraduationProject\SecKill\SecKill\miaosha_1\src\test\resources
2022-02-06 22:21:14,502 [Worker-86: Building] INFO  o.e.m.c.i.embedder.EclipseLogger - Using 'UTF-8' encoding to copy filtered resources.
2022-02-06 22:21:14,503 [Worker-86: Building] INFO  o.e.m.c.i.embedder.EclipseLogger - Copying 1 resource
2022-02-06 22:21:14,505 [Worker-86: Building] INFO  o.e.m.c.i.embedder.EclipseLogger - Copying 1 resource
2022-02-06 22:21:14,509 [Worker-86: Building] INFO  o.e.m.c.i.embedder.EclipseLogger - Using 'UTF-8' encoding to copy filtered resources.
2022-02-06 22:21:14,509 [Worker-86: Building] INFO  o.e.m.c.i.embedder.EclipseLogger - skip non existing resourceDirectory E:\Work\ideajava\GraduationProject\SecKill\SecKill\miaosha_1\src\test\resources
2022-02-06 22:21:21,121 [Worker-89: Building] INFO  o.e.m.c.i.embedder.EclipseLogger - Using 'UTF-8' encoding to copy filtered resources.
2022-02-06 22:21:21,123 [Worker-89: Building] INFO  o.e.m.c.i.embedder.EclipseLogger - Copying 1 resource
2022-02-06 22:21:21,127 [Worker-89: Building] INFO  o.e.m.c.i.embedder.EclipseLogger - Copying 1 resource
2022-02-06 22:21:21,132 [Worker-89: Building] INFO  o.e.m.c.i.embedder.EclipseLogger - Using 'UTF-8' encoding to copy filtered resources.
2022-02-06 22:21:21,132 [Worker-89: Building] INFO  o.e.m.c.i.embedder.EclipseLogger - skip non existing resourceDirectory E:\Work\ideajava\GraduationProject\SecKill\SecKill\miaosha_1\src\test\resources
2022-02-06 22:22:36,685 [Worker-90: Building] INFO  o.e.m.c.i.embedder.EclipseLogger - Using 'UTF-8' encoding to copy filtered resources.
2022-02-06 22:22:36,685 [Worker-90: Building] INFO  o.e.m.c.i.embedder.EclipseLogger - Copying 1 resource
2022-02-06 22:22:36,688 [Worker-90: Building] INFO  o.e.m.c.i.embedder.EclipseLogger - Copying 1 resource
2022-02-06 22:22:36,690 [Worker-90: Building] INFO  o.e.m.c.i.embedder.EclipseLogger - Using 'UTF-8' encoding to copy filtered resources.
2022-02-06 22:22:36,690 [Worker-90: Building] INFO  o.e.m.c.i.embedder.EclipseLogger - skip non existing resourceDirectory E:\Work\ideajava\GraduationProject\SecKill\SecKill\miaosha_1\src\test\resources
2022-02-06 22:23:10,770 [Worker-85: Building] INFO  o.e.m.c.i.embedder.EclipseLogger - Using 'UTF-8' encoding to copy filtered resources.
2022-02-06 22:23:10,771 [Worker-85: Building] INFO  o.e.m.c.i.embedder.EclipseLogger - Copying 1 resource
2022-02-06 22:23:10,773 [Worker-85: Building] INFO  o.e.m.c.i.embedder.EclipseLogger - Copying 1 resource
2022-02-06 22:23:10,776 [Worker-85: Building] INFO  o.e.m.c.i.embedder.EclipseLogger - Using 'UTF-8' encoding to copy filtered resources.
2022-02-06 22:23:10,776 [Worker-85: Building] INFO  o.e.m.c.i.embedder.EclipseLogger - skip non existing resourceDirectory E:\Work\ideajava\GraduationProject\SecKill\SecKill\miaosha_1\src\test\resources
2022-02-06 22:23:54,018 [Worker-88: Building] INFO  o.e.m.c.i.embedder.EclipseLogger - Using 'UTF-8' encoding to copy filtered resources.
2022-02-06 22:23:54,019 [Worker-88: Building] INFO  o.e.m.c.i.embedder.EclipseLogger - Copying 1 resource
2022-02-06 22:23:54,021 [Worker-88: Building] INFO  o.e.m.c.i.embedder.EclipseLogger - Copying 1 resource
2022-02-06 22:23:54,022 [Worker-88: Building] INFO  o.e.m.c.i.embedder.EclipseLogger - Using 'UTF-8' encoding to copy filtered resources.
2022-02-06 22:23:54,022 [Worker-88: Building] INFO  o.e.m.c.i.embedder.EclipseLogger - skip non existing resourceDirectory E:\Work\ideajava\GraduationProject\SecKill\SecKill\miaosha_1\src\test\resources
2022-02-06 22:23:55,779 [Worker-88: Building] INFO  o.e.m.c.i.embedder.EclipseLogger - Using 'UTF-8' encoding to copy filtered resources.
2022-02-06 22:23:55,779 [Worker-88: Building] INFO  o.e.m.c.i.embedder.EclipseLogger - Copying 1 resource
2022-02-06 22:23:55,781 [Worker-88: Building] INFO  o.e.m.c.i.embedder.EclipseLogger - Copying 1 resource
2022-02-06 22:23:55,783 [Worker-88: Building] INFO  o.e.m.c.i.embedder.EclipseLogger - Using 'UTF-8' encoding to copy filtered resources.
2022-02-06 22:23:55,783 [Worker-88: Building] INFO  o.e.m.c.i.embedder.EclipseLogger - skip non existing resourceDirectory E:\Work\ideajava\GraduationProject\SecKill\SecKill\miaosha_1\src\test\resources
2022-02-06 22:24:10,469 [Worker-88: Building] INFO  o.e.m.c.i.embedder.EclipseLogger - Using 'UTF-8' encoding to copy filtered resources.
2022-02-06 22:24:10,470 [Worker-88: Building] INFO  o.e.m.c.i.embedder.EclipseLogger - Copying 1 resource
2022-02-06 22:24:10,472 [Worker-88: Building] INFO  o.e.m.c.i.embedder.EclipseLogger - Copying 1 resource
2022-02-06 22:24:10,474 [Worker-88: Building] INFO  o.e.m.c.i.embedder.EclipseLogger - Using 'UTF-8' encoding to copy filtered resources.
2022-02-06 22:24:10,474 [Worker-88: Building] INFO  o.e.m.c.i.embedder.EclipseLogger - skip non existing resourceDirectory E:\Work\ideajava\GraduationProject\SecKill\SecKill\miaosha_1\src\test\resources
2022-02-06 22:24:37,613 [Worker-89: Building] INFO  o.e.m.c.i.embedder.EclipseLogger - Using 'UTF-8' encoding to copy filtered resources.
2022-02-06 22:24:37,614 [Worker-89: Building] INFO  o.e.m.c.i.embedder.EclipseLogger - Copying 1 resource
2022-02-06 22:24:37,616 [Worker-89: Building] INFO  o.e.m.c.i.embedder.EclipseLogger - Copying 1 resource
2022-02-06 22:24:37,618 [Worker-89: Building] INFO  o.e.m.c.i.embedder.EclipseLogger - Using 'UTF-8' encoding to copy filtered resources.
2022-02-06 22:24:37,618 [Worker-89: Building] INFO  o.e.m.c.i.embedder.EclipseLogger - skip non existing resourceDirectory E:\Work\ideajava\GraduationProject\SecKill\SecKill\miaosha_1\src\test\resources
2022-02-06 22:24:55,846 [Worker-86: Building] INFO  o.e.m.c.i.embedder.EclipseLogger - Using 'UTF-8' encoding to copy filtered resources.
2022-02-06 22:24:55,847 [Worker-86: Building] INFO  o.e.m.c.i.embedder.EclipseLogger - Copying 1 resource
2022-02-06 22:24:55,849 [Worker-86: Building] INFO  o.e.m.c.i.embedder.EclipseLogger - Copying 1 resource
2022-02-06 22:24:55,851 [Worker-86: Building] INFO  o.e.m.c.i.embedder.EclipseLogger - Using 'UTF-8' encoding to copy filtered resources.
2022-02-06 22:24:55,851 [Worker-86: Building] INFO  o.e.m.c.i.embedder.EclipseLogger - skip non existing resourceDirectory E:\Work\ideajava\GraduationProject\SecKill\SecKill\miaosha_1\src\test\resources
2022-02-06 22:25:23,610 [Worker-93: Building] INFO  o.e.m.c.i.embedder.EclipseLogger - Using 'UTF-8' encoding to copy filtered resources.
2022-02-06 22:25:23,611 [Worker-93: Building] INFO  o.e.m.c.i.embedder.EclipseLogger - Copying 1 resource
2022-02-06 22:25:23,615 [Worker-93: Building] INFO  o.e.m.c.i.embedder.EclipseLogger - Copying 1 resource
2022-02-06 22:25:23,620 [Worker-93: Building] INFO  o.e.m.c.i.embedder.EclipseLogger - Using 'UTF-8' encoding to copy filtered resources.
2022-02-06 22:25:23,621 [Worker-93: Building] INFO  o.e.m.c.i.embedder.EclipseLogger - skip non existing resourceDirectory E:\Work\ideajava\GraduationProject\SecKill\SecKill\miaosha_1\src\test\resources
2022-02-06 22:25:48,170 [Worker-89: Building] INFO  o.e.m.c.i.embedder.EclipseLogger - Using 'UTF-8' encoding to copy filtered resources.
2022-02-06 22:25:48,171 [Worker-89: Building] INFO  o.e.m.c.i.embedder.EclipseLogger - Copying 1 resource
2022-02-06 22:25:48,173 [Worker-89: Building] INFO  o.e.m.c.i.embedder.EclipseLogger - Copying 1 resource
2022-02-06 22:25:48,175 [Worker-89: Building] INFO  o.e.m.c.i.embedder.EclipseLogger - Using 'UTF-8' encoding to copy filtered resources.
2022-02-06 22:25:48,175 [Worker-89: Building] INFO  o.e.m.c.i.embedder.EclipseLogger - skip non existing resourceDirectory E:\Work\ideajava\GraduationProject\SecKill\SecKill\miaosha_1\src\test\resources
2022-02-06 22:25:49,290 [Worker-93: Building] INFO  o.e.m.c.i.embedder.EclipseLogger - Using 'UTF-8' encoding to copy filtered resources.
2022-02-06 22:25:49,291 [Worker-93: Building] INFO  o.e.m.c.i.embedder.EclipseLogger - Copying 1 resource
2022-02-06 22:25:49,293 [Worker-93: Building] INFO  o.e.m.c.i.embedder.EclipseLogger - Copying 1 resource
2022-02-06 22:25:49,295 [Worker-93: Building] INFO  o.e.m.c.i.embedder.EclipseLogger - Using 'UTF-8' encoding to copy filtered resources.
2022-02-06 22:25:49,295 [Worker-93: Building] INFO  o.e.m.c.i.embedder.EclipseLogger - skip non existing resourceDirectory E:\Work\ideajava\GraduationProject\SecKill\SecKill\miaosha_1\src\test\resources
2022-02-06 22:25:54,105 [Worker-85: Building] INFO  o.e.m.c.i.embedder.EclipseLogger - Using 'UTF-8' encoding to copy filtered resources.
2022-02-06 22:25:54,106 [Worker-85: Building] INFO  o.e.m.c.i.embedder.EclipseLogger - Copying 1 resource
2022-02-06 22:25:54,107 [Worker-85: Building] INFO  o.e.m.c.i.embedder.EclipseLogger - Copying 1 resource
2022-02-06 22:25:54,108 [Worker-85: Building] INFO  o.e.m.c.i.embedder.EclipseLogger - Using 'UTF-8' encoding to copy filtered resources.
2022-02-06 22:25:54,109 [Worker-85: Building] INFO  o.e.m.c.i.embedder.EclipseLogger - skip non existing resourceDirectory E:\Work\ideajava\GraduationProject\SecKill\SecKill\miaosha_1\src\test\resources
2022-02-06 22:25:56,327 [Worker-88: Building] INFO  o.e.m.c.i.embedder.EclipseLogger - Using 'UTF-8' encoding to copy filtered resources.
2022-02-06 22:25:56,328 [Worker-88: Building] INFO  o.e.m.c.i.embedder.EclipseLogger - Copying 1 resource
2022-02-06 22:25:56,330 [Worker-88: Building] INFO  o.e.m.c.i.embedder.EclipseLogger - Copying 1 resource
2022-02-06 22:25:56,332 [Worker-88: Building] INFO  o.e.m.c.i.embedder.EclipseLogger - Using 'UTF-8' encoding to copy filtered resources.
2022-02-06 22:25:56,332 [Worker-88: Building] INFO  o.e.m.c.i.embedder.EclipseLogger - skip non existing resourceDirectory E:\Work\ideajava\GraduationProject\SecKill\SecKill\miaosha_1\src\test\resources
2022-02-06 22:26:06,229 [Worker-88: Building] INFO  o.e.m.c.i.embedder.EclipseLogger - Using 'UTF-8' encoding to copy filtered resources.
2022-02-06 22:26:06,230 [Worker-88: Building] INFO  o.e.m.c.i.embedder.EclipseLogger - Copying 1 resource
2022-02-06 22:26:06,232 [Worker-88: Building] INFO  o.e.m.c.i.embedder.EclipseLogger - Copying 1 resource
2022-02-06 22:26:06,233 [Worker-88: Building] INFO  o.e.m.c.i.embedder.EclipseLogger - Using 'UTF-8' encoding to copy filtered resources.
2022-02-06 22:26:06,233 [Worker-88: Building] INFO  o.e.m.c.i.embedder.EclipseLogger - skip non existing resourceDirectory E:\Work\ideajava\GraduationProject\SecKill\SecKill\miaosha_1\src\test\resources
2022-02-06 22:39:27,778 [Worker-88: Building] INFO  o.e.m.c.i.embedder.EclipseLogger - Using 'UTF-8' encoding to copy filtered resources.
2022-02-06 22:39:27,780 [Worker-88: Building] INFO  o.e.m.c.i.embedder.EclipseLogger - Copying 1 resource
2022-02-06 22:39:27,782 [Worker-88: Building] INFO  o.e.m.c.i.embedder.EclipseLogger - Copying 1 resource
2022-02-06 22:39:27,783 [Worker-88: Building] INFO  o.e.m.c.i.embedder.EclipseLogger - Using 'UTF-8' encoding to copy filtered resources.
2022-02-06 22:39:27,784 [Worker-88: Building] INFO  o.e.m.c.i.embedder.EclipseLogger - skip non existing resourceDirectory E:\Work\ideajava\GraduationProject\SecKill\SecKill\miaosha_1\src\test\resources
2022-02-06 22:39:39,322 [Worker-99: Launching MainApplication] INFO  o.e.m.c.i.embedder.EclipseLogger - Using 'UTF-8' encoding to copy filtered resources.
2022-02-06 22:39:39,323 [Worker-99: Launching MainApplication] INFO  o.e.m.c.i.embedder.EclipseLogger - Copying 1 resource
2022-02-06 22:39:39,326 [Worker-99: Launching MainApplication] INFO  o.e.m.c.i.embedder.EclipseLogger - Copying 1 resource
2022-02-06 22:39:39,327 [Worker-99: Launching MainApplication] INFO  o.e.m.c.i.embedder.EclipseLogger - Using 'UTF-8' encoding to copy filtered resources.
2022-02-06 22:39:39,328 [Worker-99: Launching MainApplication] INFO  o.e.m.c.i.embedder.EclipseLogger - skip non existing resourceDirectory E:\Work\ideajava\GraduationProject\SecKill\SecKill\miaosha_1\src\test\resources
2022-02-06 22:41:22,550 [Worker-101: Building] INFO  o.e.m.c.i.embedder.EclipseLogger - Using 'UTF-8' encoding to copy filtered resources.
2022-02-06 22:41:22,551 [Worker-101: Building] INFO  o.e.m.c.i.embedder.EclipseLogger - Copying 1 resource
2022-02-06 22:41:22,552 [Worker-101: Building] INFO  o.e.m.c.i.embedder.EclipseLogger - Copying 1 resource
2022-02-06 22:41:22,554 [Worker-101: Building] INFO  o.e.m.c.i.embedder.EclipseLogger - Using 'UTF-8' encoding to copy filtered resources.
2022-02-06 22:41:22,554 [Worker-101: Building] INFO  o.e.m.c.i.embedder.EclipseLogger - skip non existing resourceDirectory E:\Work\ideajava\GraduationProject\SecKill\SecKill\miaosha_1\src\test\resources
2022-02-06 23:24:16,636 [Worker-99: Launching MainApplication] INFO  o.e.m.c.i.embedder.EclipseLogger - Using 'UTF-8' encoding to copy filtered resources.
2022-02-06 23:24:16,637 [Worker-99: Launching MainApplication] INFO  o.e.m.c.i.embedder.EclipseLogger - Copying 1 resource
2022-02-06 23:24:16,641 [Worker-99: Launching MainApplication] INFO  o.e.m.c.i.embedder.EclipseLogger - Copying 1 resource
2022-02-06 23:24:16,646 [Worker-99: Launching MainApplication] INFO  o.e.m.c.i.embedder.EclipseLogger - Using 'UTF-8' encoding to copy filtered resources.
2022-02-06 23:24:16,647 [Worker-99: Launching MainApplication] INFO  o.e.m.c.i.embedder.EclipseLogger - skip non existing resourceDirectory E:\Work\ideajava\GraduationProject\SecKill\SecKill\miaosha_1\src\test\resources
2022-02-07 15:56:12,817 [Worker-1: Loading available Gradle versions] INFO  o.e.b.c.i.u.g.PublishedGradleVersions - Gradle version information cache is up-to-date. Trying to read.
2022-02-07 16:40:06,061 [Worker-24: Building] INFO  o.e.m.c.i.embedder.EclipseLogger - Using 'UTF-8' encoding to copy filtered resources.
2022-02-07 16:40:06,070 [Worker-24: Building] INFO  o.e.m.c.i.embedder.EclipseLogger - Copying 1 resource
2022-02-07 16:40:06,086 [Worker-24: Building] INFO  o.e.m.c.i.embedder.EclipseLogger - Copying 1 resource
2022-02-07 16:40:06,090 [Worker-24: Building] INFO  o.e.m.c.i.embedder.EclipseLogger - Using 'UTF-8' encoding to copy filtered resources.
2022-02-07 16:40:06,091 [Worker-24: Building] INFO  o.e.m.c.i.embedder.EclipseLogger - skip non existing resourceDirectory E:\Work\ideajava\GraduationProject\SecKill\SecKill\miaosha_1\src\test\resources
2022-02-07 16:40:27,347 [Worker-21: Building Workspace] INFO  o.e.m.c.i.l.LifecycleMappingFactory - Using org.eclipse.m2e.jdt.JarLifecycleMapping lifecycle mapping for MavenProject: com.kirin:miaosha_1:0.0.1-SNAPSHOT @ E:\Work\ideajava\GraduationProject\SecKill\SecKill\miaosha_1\pom.xml.
2022-02-07 16:40:29,168 [Worker-21: Building Workspace] INFO  o.e.m.c.i.embedder.EclipseLogger - Using 'UTF-8' encoding to copy filtered resources.
2022-02-07 16:40:29,174 [Worker-21: Building Workspace] INFO  o.e.m.c.i.embedder.EclipseLogger - Copying 0 resource
2022-02-07 16:40:29,174 [Worker-21: Building Workspace] INFO  o.e.m.c.i.embedder.EclipseLogger - Copying 0 resource
2022-02-07 16:40:29,177 [Worker-21: Building Workspace] INFO  o.e.m.c.i.embedder.EclipseLogger - Using 'UTF-8' encoding to copy filtered resources.
2022-02-07 16:40:29,178 [Worker-21: Building Workspace] INFO  o.e.m.c.i.embedder.EclipseLogger - skip non existing resourceDirectory E:\Work\ideajava\GraduationProject\SecKill\SecKill\miaosha_1\src\test\resources
2022-02-07 16:40:32,378 [Worker-26: Download sources and javadoc] INFO  o.e.m.c.i.e.AbstractTransferListenerAdapter - Downloading https://repo.maven.apache.org/maven2/org/apache/commons/commons-lang3/3.6/commons-lang3-3.6-sources.jar
2022-02-07 16:40:37,183 [Worker-26: Download sources and javadoc] INFO  o.e.m.c.i.e.AbstractTransferListenerAdapter - Downloaded https://repo.maven.apache.org/maven2/org/apache/commons/commons-lang3/3.6/commons-lang3-3.6-sources.jar
2022-02-07 16:40:37,433 [Worker-26: Download sources and javadoc] INFO  o.e.m.j.internal.DownloadSourcesJob - Downloaded sources for org.apache.commons:commons-lang3:3.6
2022-02-07 16:40:38,792 [Worker-21: Building] INFO  o.e.m.c.i.embedder.EclipseLogger - Using 'UTF-8' encoding to copy filtered resources.
2022-02-07 16:40:38,796 [Worker-21: Building] INFO  o.e.m.c.i.embedder.EclipseLogger - Copying 1 resource
2022-02-07 16:40:38,815 [Worker-21: Building] INFO  o.e.m.c.i.embedder.EclipseLogger - Copying 1 resource
2022-02-07 16:40:38,831 [Worker-21: Building] INFO  o.e.m.c.i.embedder.EclipseLogger - Using 'UTF-8' encoding to copy filtered resources.
2022-02-07 16:40:38,831 [Worker-21: Building] INFO  o.e.m.c.i.embedder.EclipseLogger - skip non existing resourceDirectory E:\Work\ideajava\GraduationProject\SecKill\SecKill\miaosha_1\src\test\resources
2022-02-07 16:42:53,377 [Worker-27: Building] INFO  o.e.m.c.i.embedder.EclipseLogger - Using 'UTF-8' encoding to copy filtered resources.
2022-02-07 16:42:53,381 [Worker-27: Building] INFO  o.e.m.c.i.embedder.EclipseLogger - Copying 1 resource
2022-02-07 16:42:53,385 [Worker-27: Building] INFO  o.e.m.c.i.embedder.EclipseLogger - Copying 1 resource
2022-02-07 16:42:53,389 [Worker-27: Building] INFO  o.e.m.c.i.embedder.EclipseLogger - Using 'UTF-8' encoding to copy filtered resources.
2022-02-07 16:42:53,389 [Worker-27: Building] INFO  o.e.m.c.i.embedder.EclipseLogger - skip non existing resourceDirectory E:\Work\ideajava\GraduationProject\SecKill\SecKill\miaosha_1\src\test\resources
2022-02-07 16:50:04,109 [Start Help Server] INFO  org.eclipse.jetty.util.log - Logging initialized @3311646ms to org.eclipse.jetty.util.log.Slf4jLog
2022-02-07 16:50:04,267 [Start Help Server] INFO  org.eclipse.jetty.server.Server - jetty-9.4.35.v20201120; built: 2020-11-27T20:36:51.615Z; git: bdc54f03a5e0a7e280fab27f55c3c75ee8da89fb; jvm 15.0.1+9-18
2022-02-07 16:50:04,289 [Start Help Server] INFO  org.eclipse.jetty.server.session - DefaultSessionIdManager workerName=node0
2022-02-07 16:50:04,289 [Start Help Server] INFO  org.eclipse.jetty.server.session - No SessionScavenger set, using defaults
2022-02-07 16:50:04,290 [Start Help Server] INFO  org.eclipse.jetty.server.session - node0 Scavenging every 600000ms
2022-02-07 16:50:04,320 [Start Help Server] INFO  o.e.j.server.handler.ContextHandler - Started o.e.j.s.ServletContextHandler@802b8c5{/help,null,AVAILABLE}
2022-02-07 16:50:04,347 [Start Help Server] INFO  o.e.jetty.server.AbstractConnector - Started ServerConnector@2d0a4c16{HTTP/1.1, (http/1.1)}{127.0.0.1:64509}
2022-02-07 16:50:04,348 [Start Help Server] INFO  org.eclipse.jetty.server.Server - Started @3311884ms
2022-02-07 16:50:04,348 [Start Help Server] INFO  org.eclipse.jetty.server.session - node0 Scavenging every 660000ms
2022-02-07 17:03:41,525 [Worker-38: Launching MD5Util] INFO  o.e.m.c.i.embedder.EclipseLogger - Using 'UTF-8' encoding to copy filtered resources.
2022-02-07 17:03:41,527 [Worker-38: Launching MD5Util] INFO  o.e.m.c.i.embedder.EclipseLogger - Copying 1 resource
2022-02-07 17:03:41,529 [Worker-38: Launching MD5Util] INFO  o.e.m.c.i.embedder.EclipseLogger - Copying 1 resource
2022-02-07 17:03:41,531 [Worker-38: Launching MD5Util] INFO  o.e.m.c.i.embedder.EclipseLogger - Using 'UTF-8' encoding to copy filtered resources.
2022-02-07 17:03:41,531 [Worker-38: Launching MD5Util] INFO  o.e.m.c.i.embedder.EclipseLogger - skip non existing resourceDirectory E:\Work\ideajava\GraduationProject\SecKill\SecKill\miaosha_1\src\test\resources
2022-02-07 17:10:46,261 [Worker-40: Launching MD5Util] INFO  o.e.m.c.i.embedder.EclipseLogger - Using 'UTF-8' encoding to copy filtered resources.
2022-02-07 17:10:46,263 [Worker-40: Launching MD5Util] INFO  o.e.m.c.i.embedder.EclipseLogger - Copying 1 resource
2022-02-07 17:10:46,269 [Worker-40: Launching MD5Util] INFO  o.e.m.c.i.embedder.EclipseLogger - Copying 1 resource
2022-02-07 17:10:46,271 [Worker-40: Launching MD5Util] INFO  o.e.m.c.i.embedder.EclipseLogger - Using 'UTF-8' encoding to copy filtered resources.
2022-02-07 17:10:46,272 [Worker-40: Launching MD5Util] INFO  o.e.m.c.i.embedder.EclipseLogger - skip non existing resourceDirectory E:\Work\ideajava\GraduationProject\SecKill\SecKill\miaosha_1\src\test\resources
2022-02-07 17:23:00,497 [Worker-45: Building] INFO  o.e.m.c.i.embedder.EclipseLogger - Using 'UTF-8' encoding to copy filtered resources.
2022-02-07 17:23:00,500 [Worker-45: Building] INFO  o.e.m.c.i.embedder.EclipseLogger - Copying 1 resource
2022-02-07 17:23:00,504 [Worker-45: Building] INFO  o.e.m.c.i.embedder.EclipseLogger - Copying 1 resource
2022-02-07 17:23:00,507 [Worker-45: Building] INFO  o.e.m.c.i.embedder.EclipseLogger - Using 'UTF-8' encoding to copy filtered resources.
2022-02-07 17:23:00,508 [Worker-45: Building] INFO  o.e.m.c.i.embedder.EclipseLogger - skip non existing resourceDirectory E:\Work\ideajava\GraduationProject\SecKill\SecKill\miaosha_1\src\test\resources
2022-02-07 17:23:57,913 [Worker-46: Building] INFO  o.e.m.c.i.embedder.EclipseLogger - Using 'UTF-8' encoding to copy filtered resources.
2022-02-07 17:23:57,915 [Worker-46: Building] INFO  o.e.m.c.i.embedder.EclipseLogger - Copying 1 resource
2022-02-07 17:23:57,920 [Worker-46: Building] INFO  o.e.m.c.i.embedder.EclipseLogger - Copying 1 resource
2022-02-07 17:23:57,928 [Worker-46: Building] INFO  o.e.m.c.i.embedder.EclipseLogger - Using 'UTF-8' encoding to copy filtered resources.
2022-02-07 17:23:57,928 [Worker-46: Building] INFO  o.e.m.c.i.embedder.EclipseLogger - skip non existing resourceDirectory E:\Work\ideajava\GraduationProject\SecKill\SecKill\miaosha_1\src\test\resources
2022-02-07 17:24:19,885 [Worker-47: Building Workspace] INFO  o.e.m.c.i.embedder.EclipseLogger - Using 'UTF-8' encoding to copy filtered resources.
2022-02-07 17:24:19,886 [Worker-47: Building Workspace] INFO  o.e.m.c.i.embedder.EclipseLogger - Copying 1 resource
2022-02-07 17:24:19,888 [Worker-47: Building Workspace] INFO  o.e.m.c.i.embedder.EclipseLogger - Copying 1 resource
2022-02-07 17:24:19,892 [Worker-47: Building Workspace] INFO  o.e.m.c.i.embedder.EclipseLogger - Using 'UTF-8' encoding to copy filtered resources.
2022-02-07 17:24:19,892 [Worker-47: Building Workspace] INFO  o.e.m.c.i.embedder.EclipseLogger - skip non existing resourceDirectory E:\Work\ideajava\GraduationProject\SecKill\SecKill\miaosha_1\src\test\resources
2022-02-07 17:32:42,689 [Worker-51: Building Workspace] INFO  o.e.m.c.i.embedder.EclipseLogger - Using 'UTF-8' encoding to copy filtered resources.
2022-02-07 17:32:42,692 [Worker-51: Building Workspace] INFO  o.e.m.c.i.embedder.EclipseLogger - Copying 1 resource
2022-02-07 17:32:42,697 [Worker-51: Building Workspace] INFO  o.e.m.c.i.embedder.EclipseLogger - Copying 2 resources
2022-02-07 17:32:42,703 [Worker-51: Building Workspace] INFO  o.e.m.c.i.embedder.EclipseLogger - Using 'UTF-8' encoding to copy filtered resources.
2022-02-07 17:32:42,703 [Worker-51: Building Workspace] INFO  o.e.m.c.i.embedder.EclipseLogger - skip non existing resourceDirectory E:\Work\ideajava\GraduationProject\SecKill\SecKill\miaosha_1\src\test\resources
2022-02-07 17:33:15,651 [Worker-48: Building] INFO  o.e.m.c.i.embedder.EclipseLogger - Using 'UTF-8' encoding to copy filtered resources.
2022-02-07 17:33:15,652 [Worker-48: Building] INFO  o.e.m.c.i.embedder.EclipseLogger - Copying 0 resource
2022-02-07 17:33:15,652 [Worker-48: Building] INFO  o.e.m.c.i.embedder.EclipseLogger - Copying 31 resources
2022-02-07 17:33:15,744 [Worker-48: Building] INFO  o.e.m.c.i.embedder.EclipseLogger - Using 'UTF-8' encoding to copy filtered resources.
2022-02-07 17:33:15,744 [Worker-48: Building] INFO  o.e.m.c.i.embedder.EclipseLogger - skip non existing resourceDirectory E:\Work\ideajava\GraduationProject\SecKill\SecKill\miaosha_1\src\test\resources
2022-02-07 17:51:59,015 [Worker-56: Launching MainApplication] INFO  o.e.m.c.i.embedder.EclipseLogger - Using 'UTF-8' encoding to copy filtered resources.
2022-02-07 17:51:59,016 [Worker-56: Launching MainApplication] INFO  o.e.m.c.i.embedder.EclipseLogger - Copying 0 resource
2022-02-07 17:51:59,017 [Worker-56: Launching MainApplication] INFO  o.e.m.c.i.embedder.EclipseLogger - Copying 1 resource
2022-02-07 17:51:59,027 [Worker-56: Launching MainApplication] INFO  o.e.m.c.i.embedder.EclipseLogger - Using 'UTF-8' encoding to copy filtered resources.
2022-02-07 17:51:59,027 [Worker-56: Launching MainApplication] INFO  o.e.m.c.i.embedder.EclipseLogger - skip non existing resourceDirectory E:\Work\ideajava\GraduationProject\SecKill\SecKill\miaosha_1\src\test\resources
2022-02-07 17:52:52,019 [Worker-53: Building] INFO  o.e.m.c.i.embedder.EclipseLogger - Using 'UTF-8' encoding to copy filtered resources.
2022-02-07 17:52:52,024 [Worker-53: Building] INFO  o.e.m.c.i.embedder.EclipseLogger - Copying 1 resource
2022-02-07 17:52:52,031 [Worker-53: Building] INFO  o.e.m.c.i.embedder.EclipseLogger - Copying 33 resources
2022-02-07 17:52:52,041 [Worker-53: Building] INFO  o.e.m.c.i.embedder.EclipseLogger - Using 'UTF-8' encoding to copy filtered resources.
2022-02-07 17:52:52,041 [Worker-53: Building] INFO  o.e.m.c.i.embedder.EclipseLogger - skip non existing resourceDirectory E:\Work\ideajava\GraduationProject\SecKill\SecKill\miaosha_1\src\test\resources
2022-02-07 17:54:42,054 [Worker-59: Building] INFO  o.e.m.c.i.embedder.EclipseLogger - Using 'UTF-8' encoding to copy filtered resources.
2022-02-07 17:54:42,054 [Worker-59: Building] INFO  o.e.m.c.i.embedder.EclipseLogger - Copying 0 resource
2022-02-07 17:54:42,055 [Worker-59: Building] INFO  o.e.m.c.i.embedder.EclipseLogger - Copying 1 resource
2022-02-07 17:54:42,059 [Worker-59: Building] INFO  o.e.m.c.i.embedder.EclipseLogger - Using 'UTF-8' encoding to copy filtered resources.
2022-02-07 17:54:42,059 [Worker-59: Building] INFO  o.e.m.c.i.embedder.EclipseLogger - skip non existing resourceDirectory E:\Work\ideajava\GraduationProject\SecKill\SecKill\miaosha_1\src\test\resources
2022-02-07 17:55:28,346 [Worker-56: Building] INFO  o.e.m.c.i.embedder.EclipseLogger - Using 'UTF-8' encoding to copy filtered resources.
2022-02-07 17:55:28,347 [Worker-56: Building] INFO  o.e.m.c.i.embedder.EclipseLogger - Copying 0 resource
2022-02-07 17:55:28,347 [Worker-56: Building] INFO  o.e.m.c.i.embedder.EclipseLogger - Copying 1 resource
2022-02-07 17:55:28,355 [Worker-56: Building] INFO  o.e.m.c.i.embedder.EclipseLogger - Using 'UTF-8' encoding to copy filtered resources.
2022-02-07 17:55:28,355 [Worker-56: Building] INFO  o.e.m.c.i.embedder.EclipseLogger - skip non existing resourceDirectory E:\Work\ideajava\GraduationProject\SecKill\SecKill\miaosha_1\src\test\resources
2022-02-07 18:03:47,457 [Worker-56: Building] INFO  o.e.m.c.i.embedder.EclipseLogger - Using 'UTF-8' encoding to copy filtered resources.
2022-02-07 18:03:47,458 [Worker-56: Building] INFO  o.e.m.c.i.embedder.EclipseLogger - Copying 0 resource
2022-02-07 18:03:47,459 [Worker-56: Building] INFO  o.e.m.c.i.embedder.EclipseLogger - Copying 2 resources
2022-02-07 18:03:47,470 [Worker-56: Building] INFO  o.e.m.c.i.embedder.EclipseLogger - Using 'UTF-8' encoding to copy filtered resources.
2022-02-07 18:03:47,471 [Worker-56: Building] INFO  o.e.m.c.i.embedder.EclipseLogger - skip non existing resourceDirectory E:\Work\ideajava\GraduationProject\SecKill\SecKill\miaosha_1\src\test\resources
2022-02-07 18:03:48,515 [Worker-59: Building] INFO  o.e.m.c.i.embedder.EclipseLogger - Using 'UTF-8' encoding to copy filtered resources.
2022-02-07 18:03:48,515 [Worker-59: Building] INFO  o.e.m.c.i.embedder.EclipseLogger - Copying 0 resource
2022-02-07 18:03:48,521 [Worker-59: Building] INFO  o.e.m.c.i.embedder.EclipseLogger - Copying 2 resources
2022-02-07 18:03:48,535 [Worker-59: Building] INFO  o.e.m.c.i.embedder.EclipseLogger - Using 'UTF-8' encoding to copy filtered resources.
2022-02-07 18:03:48,535 [Worker-59: Building] INFO  o.e.m.c.i.embedder.EclipseLogger - skip non existing resourceDirectory E:\Work\ideajava\GraduationProject\SecKill\SecKill\miaosha_1\src\test\resources
2022-02-07 18:03:49,555 [Worker-59: Building] INFO  o.e.m.c.i.embedder.EclipseLogger - Using 'UTF-8' encoding to copy filtered resources.
2022-02-07 18:03:49,555 [Worker-59: Building] INFO  o.e.m.c.i.embedder.EclipseLogger - Copying 0 resource
2022-02-07 18:03:49,556 [Worker-59: Building] INFO  o.e.m.c.i.embedder.EclipseLogger - Copying 2 resources
2022-02-07 18:03:49,562 [Worker-59: Building] INFO  o.e.m.c.i.embedder.EclipseLogger - Using 'UTF-8' encoding to copy filtered resources.
2022-02-07 18:03:49,562 [Worker-59: Building] INFO  o.e.m.c.i.embedder.EclipseLogger - skip non existing resourceDirectory E:\Work\ideajava\GraduationProject\SecKill\SecKill\miaosha_1\src\test\resources
2022-02-07 18:11:12,730 [Worker-60: Building] INFO  o.e.m.c.i.embedder.EclipseLogger - Using 'UTF-8' encoding to copy filtered resources.
2022-02-07 18:11:12,738 [Worker-60: Building] INFO  o.e.m.c.i.embedder.EclipseLogger - Copying 1 resource
2022-02-07 18:11:12,751 [Worker-60: Building] INFO  o.e.m.c.i.embedder.EclipseLogger - Copying 33 resources
2022-02-07 18:11:12,771 [Worker-60: Building] INFO  o.e.m.c.i.embedder.EclipseLogger - Using 'UTF-8' encoding to copy filtered resources.
2022-02-07 18:11:12,771 [Worker-60: Building] INFO  o.e.m.c.i.embedder.EclipseLogger - skip non existing resourceDirectory E:\Work\ideajava\GraduationProject\SecKill\SecKill\miaosha_1\src\test\resources
2022-02-07 18:11:54,052 [Worker-65: Building Workspace] INFO  o.e.m.c.i.embedder.EclipseLogger - Using 'UTF-8' encoding to copy filtered resources.
2022-02-07 18:11:54,058 [Worker-65: Building Workspace] INFO  o.e.m.c.i.embedder.EclipseLogger - Copying 1 resource
2022-02-07 18:11:54,070 [Worker-65: Building Workspace] INFO  o.e.m.c.i.embedder.EclipseLogger - Copying 33 resources
2022-02-07 18:11:54,082 [Worker-65: Building Workspace] INFO  o.e.m.c.i.embedder.EclipseLogger - Using 'UTF-8' encoding to copy filtered resources.
2022-02-07 18:11:54,083 [Worker-65: Building Workspace] INFO  o.e.m.c.i.embedder.EclipseLogger - skip non existing resourceDirectory E:\Work\ideajava\GraduationProject\SecKill\SecKill\miaosha_1\src\test\resources
2022-02-07 18:14:02,930 [Worker-64: Building] INFO  o.e.m.c.i.embedder.EclipseLogger - Using 'UTF-8' encoding to copy filtered resources.
2022-02-07 18:14:02,935 [Worker-64: Building] INFO  o.e.m.c.i.embedder.EclipseLogger - Copying 1 resource
2022-02-07 18:14:02,946 [Worker-64: Building] INFO  o.e.m.c.i.embedder.EclipseLogger - Copying 33 resources
2022-02-07 18:14:02,955 [Worker-64: Building] INFO  o.e.m.c.i.embedder.EclipseLogger - Using 'UTF-8' encoding to copy filtered resources.
2022-02-07 18:14:02,955 [Worker-64: Building] INFO  o.e.m.c.i.embedder.EclipseLogger - skip non existing resourceDirectory E:\Work\ideajava\GraduationProject\SecKill\SecKill\miaosha_1\src\test\resources
2022-02-07 18:16:56,232 [Worker-64: Building] INFO  o.e.m.c.i.embedder.EclipseLogger - Using 'UTF-8' encoding to copy filtered resources.
2022-02-07 18:16:56,238 [Worker-64: Building] INFO  o.e.m.c.i.embedder.EclipseLogger - Copying 1 resource
2022-02-07 18:16:56,246 [Worker-64: Building] INFO  o.e.m.c.i.embedder.EclipseLogger - Copying 33 resources
2022-02-07 18:16:56,259 [Worker-64: Building] INFO  o.e.m.c.i.embedder.EclipseLogger - Using 'UTF-8' encoding to copy filtered resources.
2022-02-07 18:16:56,260 [Worker-64: Building] INFO  o.e.m.c.i.embedder.EclipseLogger - skip non existing resourceDirectory E:\Work\ideajava\GraduationProject\SecKill\SecKill\miaosha_1\src\test\resources
2022-02-07 18:26:26,387 [Worker-67: Building] INFO  o.e.m.c.i.embedder.EclipseLogger - Using 'UTF-8' encoding to copy filtered resources.
2022-02-07 18:26:26,394 [Worker-67: Building] INFO  o.e.m.c.i.embedder.EclipseLogger - Copying 1 resource
2022-02-07 18:26:26,400 [Worker-67: Building] INFO  o.e.m.c.i.embedder.EclipseLogger - Copying 33 resources
2022-02-07 18:26:26,411 [Worker-67: Building] INFO  o.e.m.c.i.embedder.EclipseLogger - Using 'UTF-8' encoding to copy filtered resources.
2022-02-07 18:26:26,411 [Worker-67: Building] INFO  o.e.m.c.i.embedder.EclipseLogger - skip non existing resourceDirectory E:\Work\ideajava\GraduationProject\SecKill\SecKill\miaosha_1\src\test\resources
2022-02-07 18:27:05,118 [Worker-70: Launching MainApplication] INFO  o.e.m.c.i.embedder.EclipseLogger - Using 'UTF-8' encoding to copy filtered resources.
2022-02-07 18:27:05,123 [Worker-70: Launching MainApplication] INFO  o.e.m.c.i.embedder.EclipseLogger - Copying 1 resource
2022-02-07 18:27:05,132 [Worker-70: Launching MainApplication] INFO  o.e.m.c.i.embedder.EclipseLogger - Copying 33 resources
2022-02-07 18:27:05,144 [Worker-70: Launching MainApplication] INFO  o.e.m.c.i.embedder.EclipseLogger - Using 'UTF-8' encoding to copy filtered resources.
2022-02-07 18:27:05,144 [Worker-70: Launching MainApplication] INFO  o.e.m.c.i.embedder.EclipseLogger - skip non existing resourceDirectory E:\Work\ideajava\GraduationProject\SecKill\SecKill\miaosha_1\src\test\resources
2022-02-07 18:28:58,478 [Stop Help Server] INFO  o.e.jetty.server.AbstractConnector - Stopped ServerConnector@2d0a4c16{HTTP/1.1, (http/1.1)}{127.0.0.1:0}
2022-02-07 18:28:58,478 [Stop Help Server] INFO  org.eclipse.jetty.server.session - node0 Stopped scavenging
2022-02-07 18:28:58,499 [Stop Help Server] INFO  o.e.j.server.handler.ContextHandler - Stopped o.e.j.s.ServletContextHandler@802b8c5{/help,null,STOPPED}
2022-02-07 23:03:54,842 [Worker-2: Loading available Gradle versions] INFO  o.e.b.c.i.u.g.PublishedGradleVersions - Gradle version information cache is up-to-date. Trying to read.
2022-02-07 23:04:23,326 [Worker-7: Launching MainApplication] INFO  o.e.m.c.i.embedder.EclipseLogger - Using 'UTF-8' encoding to copy filtered resources.
2022-02-07 23:04:23,332 [Worker-7: Launching MainApplication] INFO  o.e.m.c.i.embedder.EclipseLogger - Copying 1 resource
2022-02-07 23:04:23,350 [Worker-7: Launching MainApplication] INFO  o.e.m.c.i.embedder.EclipseLogger - Copying 33 resources
2022-02-07 23:04:23,475 [Worker-7: Launching MainApplication] INFO  o.e.m.c.i.embedder.EclipseLogger - Using 'UTF-8' encoding to copy filtered resources.
2022-02-07 23:04:23,475 [Worker-7: Launching MainApplication] INFO  o.e.m.c.i.embedder.EclipseLogger - skip non existing resourceDirectory E:\Work\ideajava\GraduationProject\SecKill\SecKill\miaosha_1\src\test\resources
2022-02-07 23:04:59,191 [Start Help Server] INFO  org.eclipse.jetty.util.log - Logging initialized @82850ms to org.eclipse.jetty.util.log.Slf4jLog
2022-02-07 23:04:59,323 [Start Help Server] INFO  org.eclipse.jetty.server.Server - jetty-9.4.35.v20201120; built: 2020-11-27T20:36:51.615Z; git: bdc54f03a5e0a7e280fab27f55c3c75ee8da89fb; jvm 15.0.1+9-18
2022-02-07 23:04:59,342 [Start Help Server] INFO  org.eclipse.jetty.server.session - DefaultSessionIdManager workerName=node0
2022-02-07 23:04:59,343 [Start Help Server] INFO  org.eclipse.jetty.server.session - No SessionScavenger set, using defaults
2022-02-07 23:04:59,344 [Start Help Server] INFO  org.eclipse.jetty.server.session - node0 Scavenging every 600000ms
2022-02-07 23:04:59,374 [Start Help Server] INFO  o.e.j.server.handler.ContextHandler - Started o.e.j.s.ServletContextHandler@ed123f6{/help,null,AVAILABLE}
2022-02-07 23:04:59,400 [Start Help Server] INFO  o.e.jetty.server.AbstractConnector - Started ServerConnector@76c9a92f{HTTP/1.1, (http/1.1)}{127.0.0.1:60600}
2022-02-07 23:04:59,400 [Start Help Server] INFO  org.eclipse.jetty.server.Server - Started @83061ms
2022-02-07 23:04:59,401 [Start Help Server] INFO  org.eclipse.jetty.server.session - node0 Scavenging every 600000ms
2022-02-07 23:10:24,639 [Worker-9: Building] INFO  o.e.m.c.i.embedder.EclipseLogger - Using 'UTF-8' encoding to copy filtered resources.
2022-02-07 23:10:24,650 [Worker-9: Building] INFO  o.e.m.c.i.embedder.EclipseLogger - Copying 1 resource
2022-02-07 23:10:24,665 [Worker-9: Building] INFO  o.e.m.c.i.embedder.EclipseLogger - Copying 33 resources
2022-02-07 23:10:24,679 [Worker-9: Building] INFO  o.e.m.c.i.embedder.EclipseLogger - Using 'UTF-8' encoding to copy filtered resources.
2022-02-07 23:10:24,679 [Worker-9: Building] INFO  o.e.m.c.i.embedder.EclipseLogger - skip non existing resourceDirectory E:\Work\ideajava\GraduationProject\SecKill\SecKill\miaosha_1\src\test\resources
2022-02-07 23:12:51,811 [Worker-17: Building] INFO  o.e.m.c.i.embedder.EclipseLogger - Using 'UTF-8' encoding to copy filtered resources.
2022-02-07 23:12:51,818 [Worker-17: Building] INFO  o.e.m.c.i.embedder.EclipseLogger - Copying 1 resource
2022-02-07 23:12:51,831 [Worker-17: Building] INFO  o.e.m.c.i.embedder.EclipseLogger - Copying 33 resources
2022-02-07 23:12:51,847 [Worker-17: Building] INFO  o.e.m.c.i.embedder.EclipseLogger - Using 'UTF-8' encoding to copy filtered resources.
2022-02-07 23:12:51,848 [Worker-17: Building] INFO  o.e.m.c.i.embedder.EclipseLogger - skip non existing resourceDirectory E:\Work\ideajava\GraduationProject\SecKill\SecKill\miaosha_1\src\test\resources
2022-02-07 23:18:10,758 [Worker-18: Building] INFO  o.e.m.c.i.embedder.EclipseLogger - Using 'UTF-8' encoding to copy filtered resources.
2022-02-07 23:18:10,764 [Worker-18: Building] INFO  o.e.m.c.i.embedder.EclipseLogger - Copying 1 resource
2022-02-07 23:18:10,779 [Worker-18: Building] INFO  o.e.m.c.i.embedder.EclipseLogger - Copying 33 resources
2022-02-07 23:18:10,795 [Worker-18: Building] INFO  o.e.m.c.i.embedder.EclipseLogger - Using 'UTF-8' encoding to copy filtered resources.
2022-02-07 23:18:10,796 [Worker-18: Building] INFO  o.e.m.c.i.embedder.EclipseLogger - skip non existing resourceDirectory E:\Work\ideajava\GraduationProject\SecKill\SecKill\miaosha_1\src\test\resources
2022-02-07 23:57:54,398 [Worker-29: Building] INFO  o.e.m.c.i.embedder.EclipseLogger - Using 'UTF-8' encoding to copy filtered resources.
2022-02-07 23:57:54,404 [Worker-29: Building] INFO  o.e.m.c.i.embedder.EclipseLogger - Copying 1 resource
2022-02-07 23:57:54,411 [Worker-29: Building] INFO  o.e.m.c.i.embedder.EclipseLogger - Copying 33 resources
2022-02-07 23:57:54,420 [Worker-29: Building] INFO  o.e.m.c.i.embedder.EclipseLogger - Using 'UTF-8' encoding to copy filtered resources.
2022-02-07 23:57:54,421 [Worker-29: Building] INFO  o.e.m.c.i.embedder.EclipseLogger - skip non existing resourceDirectory E:\Work\ideajava\GraduationProject\SecKill\SecKill\miaosha_1\src\test\resources
2022-02-08 00:13:54,526 [Worker-35: Building] INFO  o.e.m.c.i.embedder.EclipseLogger - Using 'UTF-8' encoding to copy filtered resources.
2022-02-08 00:13:54,535 [Worker-35: Building] INFO  o.e.m.c.i.embedder.EclipseLogger - Copying 1 resource
2022-02-08 00:13:54,542 [Worker-35: Building] INFO  o.e.m.c.i.embedder.EclipseLogger - Copying 33 resources
2022-02-08 00:13:54,555 [Worker-35: Building] INFO  o.e.m.c.i.embedder.EclipseLogger - Using 'UTF-8' encoding to copy filtered resources.
2022-02-08 00:13:54,555 [Worker-35: Building] INFO  o.e.m.c.i.embedder.EclipseLogger - skip non existing resourceDirectory E:\Work\ideajava\GraduationProject\SecKill\SecKill\miaosha_1\src\test\resources
2022-02-08 00:13:57,019 [Worker-35: Building] INFO  o.e.m.c.i.embedder.EclipseLogger - Using 'UTF-8' encoding to copy filtered resources.
2022-02-08 00:13:57,024 [Worker-35: Building] INFO  o.e.m.c.i.embedder.EclipseLogger - Copying 1 resource
2022-02-08 00:13:57,031 [Worker-35: Building] INFO  o.e.m.c.i.embedder.EclipseLogger - Copying 33 resources
2022-02-08 00:13:57,039 [Worker-35: Building] INFO  o.e.m.c.i.embedder.EclipseLogger - Using 'UTF-8' encoding to copy filtered resources.
2022-02-08 00:13:57,040 [Worker-35: Building] INFO  o.e.m.c.i.embedder.EclipseLogger - skip non existing resourceDirectory E:\Work\ideajava\GraduationProject\SecKill\SecKill\miaosha_1\src\test\resources
2022-02-08 00:14:04,149 [Worker-33: Launching MainApplication] INFO  o.e.m.c.i.embedder.EclipseLogger - Using 'UTF-8' encoding to copy filtered resources.
2022-02-08 00:14:04,156 [Worker-33: Launching MainApplication] INFO  o.e.m.c.i.embedder.EclipseLogger - Copying 1 resource
2022-02-08 00:14:04,164 [Worker-33: Launching MainApplication] INFO  o.e.m.c.i.embedder.EclipseLogger - Copying 33 resources
2022-02-08 00:14:04,177 [Worker-33: Launching MainApplication] INFO  o.e.m.c.i.embedder.EclipseLogger - Using 'UTF-8' encoding to copy filtered resources.
2022-02-08 00:14:04,177 [Worker-33: Launching MainApplication] INFO  o.e.m.c.i.embedder.EclipseLogger - skip non existing resourceDirectory E:\Work\ideajava\GraduationProject\SecKill\SecKill\miaosha_1\src\test\resources
2022-02-08 00:22:13,930 [Worker-40: Building] INFO  o.e.m.c.i.embedder.EclipseLogger - Using 'UTF-8' encoding to copy filtered resources.
2022-02-08 00:22:13,937 [Worker-40: Building] INFO  o.e.m.c.i.embedder.EclipseLogger - Copying 1 resource
2022-02-08 00:22:13,943 [Worker-40: Building] INFO  o.e.m.c.i.embedder.EclipseLogger - Copying 33 resources
2022-02-08 00:22:13,952 [Worker-40: Building] INFO  o.e.m.c.i.embedder.EclipseLogger - Using 'UTF-8' encoding to copy filtered resources.
2022-02-08 00:22:13,953 [Worker-40: Building] INFO  o.e.m.c.i.embedder.EclipseLogger - skip non existing resourceDirectory E:\Work\ideajava\GraduationProject\SecKill\SecKill\miaosha_1\src\test\resources
2022-02-08 00:28:46,948 [Worker-38: Building] INFO  o.e.m.c.i.embedder.EclipseLogger - Using 'UTF-8' encoding to copy filtered resources.
2022-02-08 00:28:46,953 [Worker-38: Building] INFO  o.e.m.c.i.embedder.EclipseLogger - Copying 1 resource
2022-02-08 00:28:46,960 [Worker-38: Building] INFO  o.e.m.c.i.embedder.EclipseLogger - Copying 33 resources
2022-02-08 00:28:46,967 [Worker-38: Building] INFO  o.e.m.c.i.embedder.EclipseLogger - Using 'UTF-8' encoding to copy filtered resources.
2022-02-08 00:28:46,967 [Worker-38: Building] INFO  o.e.m.c.i.embedder.EclipseLogger - skip non existing resourceDirectory E:\Work\ideajava\GraduationProject\SecKill\SecKill\miaosha_1\src\test\resources
2022-02-08 00:39:32,871 [Worker-42: Launching MainApplication] INFO  o.e.m.c.i.embedder.EclipseLogger - Using 'UTF-8' encoding to copy filtered resources.
2022-02-08 00:39:32,877 [Worker-42: Launching MainApplication] INFO  o.e.m.c.i.embedder.EclipseLogger - Copying 1 resource
2022-02-08 00:39:32,886 [Worker-42: Launching MainApplication] INFO  o.e.m.c.i.embedder.EclipseLogger - Copying 33 resources
2022-02-08 00:39:32,896 [Worker-42: Launching MainApplication] INFO  o.e.m.c.i.embedder.EclipseLogger - Using 'UTF-8' encoding to copy filtered resources.
2022-02-08 00:39:32,897 [Worker-42: Launching MainApplication] INFO  o.e.m.c.i.embedder.EclipseLogger - skip non existing resourceDirectory E:\Work\ideajava\GraduationProject\SecKill\SecKill\miaosha_1\src\test\resources
2022-02-08 00:44:05,988 [Stop Help Server] INFO  o.e.jetty.server.AbstractConnector - Stopped ServerConnector@76c9a92f{HTTP/1.1, (http/1.1)}{127.0.0.1:0}
2022-02-08 00:44:05,988 [Stop Help Server] INFO  org.eclipse.jetty.server.session - node0 Stopped scavenging
2022-02-08 00:44:06,008 [Stop Help Server] INFO  o.e.j.server.handler.ContextHandler - Stopped o.e.j.s.ServletContextHandler@ed123f6{/help,null,STOPPED}
2022-02-11 17:09:29,293 [Worker-0: Loading available Gradle versions] INFO  o.e.b.c.i.u.g.PublishedGradleVersions - Gradle version information cache is out-of-date. Trying to update.
2022-02-11 20:18:49,447 [Worker-55: Building] INFO  o.e.m.c.i.embedder.EclipseLogger - Using 'UTF-8' encoding to copy filtered resources.
2022-02-11 20:18:49,453 [Worker-55: Building] INFO  o.e.m.c.i.embedder.EclipseLogger - Copying 1 resource
2022-02-11 20:18:49,469 [Worker-55: Building] INFO  o.e.m.c.i.embedder.EclipseLogger - Copying 33 resources
2022-02-11 20:18:49,484 [Worker-55: Building] INFO  o.e.m.c.i.embedder.EclipseLogger - Using 'UTF-8' encoding to copy filtered resources.
2022-02-11 20:18:49,485 [Worker-55: Building] INFO  o.e.m.c.i.embedder.EclipseLogger - skip non existing resourceDirectory E:\Work\ideajava\GraduationProject\SecKill\SecKill\miaosha_1\src\test\resources
2022-02-11 20:33:30,523 [Worker-67: Building Workspace] INFO  o.e.m.c.i.embedder.EclipseLogger - Using 'UTF-8' encoding to copy filtered resources.
2022-02-11 20:33:30,534 [Worker-67: Building Workspace] INFO  o.e.m.c.i.embedder.EclipseLogger - Copying 1 resource
2022-02-11 20:33:30,541 [Worker-67: Building Workspace] INFO  o.e.m.c.i.embedder.EclipseLogger - Copying 33 resources
2022-02-11 20:33:30,546 [Worker-67: Building Workspace] INFO  o.e.m.c.i.embedder.EclipseLogger - Using 'UTF-8' encoding to copy filtered resources.
2022-02-11 20:33:30,547 [Worker-67: Building Workspace] INFO  o.e.m.c.i.embedder.EclipseLogger - skip non existing resourceDirectory E:\Work\ideajava\GraduationProject\SecKill\SecKill\miaosha_1\src\test\resources
2022-02-11 20:50:06,908 [Start Help Server] INFO  org.eclipse.jetty.util.log - Logging initialized @13264445ms to org.eclipse.jetty.util.log.Slf4jLog
2022-02-11 20:50:07,042 [Start Help Server] INFO  org.eclipse.jetty.server.Server - jetty-9.4.35.v20201120; built: 2020-11-27T20:36:51.615Z; git: bdc54f03a5e0a7e280fab27f55c3c75ee8da89fb; jvm 15.0.1+9-18
2022-02-11 20:50:07,063 [Start Help Server] INFO  org.eclipse.jetty.server.session - DefaultSessionIdManager workerName=node0
2022-02-11 20:50:07,063 [Start Help Server] INFO  org.eclipse.jetty.server.session - No SessionScavenger set, using defaults
2022-02-11 20:50:07,064 [Start Help Server] INFO  org.eclipse.jetty.server.session - node0 Scavenging every 600000ms
2022-02-11 20:50:07,096 [Start Help Server] INFO  o.e.j.server.handler.ContextHandler - Started o.e.j.s.ServletContextHandler@5d9dbf69{/help,null,AVAILABLE}
2022-02-11 20:50:07,128 [Start Help Server] INFO  o.e.jetty.server.AbstractConnector - Started ServerConnector@17d47dbe{HTTP/1.1, (http/1.1)}{127.0.0.1:57579}
2022-02-11 20:50:07,129 [Start Help Server] INFO  org.eclipse.jetty.server.Server - Started @13264669ms
2022-02-11 20:50:07,129 [Start Help Server] INFO  org.eclipse.jetty.server.session - node0 Scavenging every 600000ms
2022-02-11 20:53:32,873 [Worker-75: Building Workspace] INFO  o.e.m.c.i.embedder.EclipseLogger - Using 'UTF-8' encoding to copy filtered resources.
2022-02-11 20:53:32,882 [Worker-75: Building Workspace] INFO  o.e.m.c.i.embedder.EclipseLogger - Copying 1 resource
2022-02-11 20:53:32,894 [Worker-75: Building Workspace] INFO  o.e.m.c.i.embedder.EclipseLogger - Copying 34 resources
2022-02-11 20:53:32,905 [Worker-75: Building Workspace] INFO  o.e.m.c.i.embedder.EclipseLogger - Using 'UTF-8' encoding to copy filtered resources.
2022-02-11 20:53:32,906 [Worker-75: Building Workspace] INFO  o.e.m.c.i.embedder.EclipseLogger - skip non existing resourceDirectory E:\Work\ideajava\GraduationProject\SecKill\SecKill\miaosha_1\src\test\resources
2022-02-11 20:57:49,284 [Worker-68: Building] INFO  o.e.m.c.i.embedder.EclipseLogger - Using 'UTF-8' encoding to copy filtered resources.
2022-02-11 20:57:49,292 [Worker-68: Building] INFO  o.e.m.c.i.embedder.EclipseLogger - Copying 1 resource
2022-02-11 20:57:49,305 [Worker-68: Building] INFO  o.e.m.c.i.embedder.EclipseLogger - Copying 34 resources
2022-02-11 20:57:49,313 [Worker-68: Building] INFO  o.e.m.c.i.embedder.EclipseLogger - Using 'UTF-8' encoding to copy filtered resources.
2022-02-11 20:57:49,314 [Worker-68: Building] INFO  o.e.m.c.i.embedder.EclipseLogger - skip non existing resourceDirectory E:\Work\ideajava\GraduationProject\SecKill\SecKill\miaosha_1\src\test\resources
2022-02-11 20:57:57,102 [Worker-79: Building] INFO  o.e.m.c.i.embedder.EclipseLogger - Using 'UTF-8' encoding to copy filtered resources.
2022-02-11 20:57:57,110 [Worker-79: Building] INFO  o.e.m.c.i.embedder.EclipseLogger - Copying 1 resource
2022-02-11 20:57:57,119 [Worker-79: Building] INFO  o.e.m.c.i.embedder.EclipseLogger - Copying 34 resources
2022-02-11 20:57:57,129 [Worker-79: Building] INFO  o.e.m.c.i.embedder.EclipseLogger - Using 'UTF-8' encoding to copy filtered resources.
2022-02-11 20:57:57,129 [Worker-79: Building] INFO  o.e.m.c.i.embedder.EclipseLogger - skip non existing resourceDirectory E:\Work\ideajava\GraduationProject\SecKill\SecKill\miaosha_1\src\test\resources
2022-02-11 20:58:24,793 [Worker-74: Building Workspace] INFO  o.e.m.c.i.embedder.EclipseLogger - Using 'UTF-8' encoding to copy filtered resources.
2022-02-11 20:58:24,799 [Worker-74: Building Workspace] INFO  o.e.m.c.i.embedder.EclipseLogger - Copying 1 resource
2022-02-11 20:58:24,805 [Worker-74: Building Workspace] INFO  o.e.m.c.i.embedder.EclipseLogger - Copying 34 resources
2022-02-11 20:58:24,813 [Worker-74: Building Workspace] INFO  o.e.m.c.i.embedder.EclipseLogger - Using 'UTF-8' encoding to copy filtered resources.
2022-02-11 20:58:24,814 [Worker-74: Building Workspace] INFO  o.e.m.c.i.embedder.EclipseLogger - skip non existing resourceDirectory E:\Work\ideajava\GraduationProject\SecKill\SecKill\miaosha_1\src\test\resources
2022-02-11 21:01:28,146 [Worker-79: Launching MainApplication] INFO  o.e.m.c.i.embedder.EclipseLogger - Using 'UTF-8' encoding to copy filtered resources.
2022-02-11 21:01:28,158 [Worker-79: Launching MainApplication] INFO  o.e.m.c.i.embedder.EclipseLogger - Copying 1 resource
2022-02-11 21:01:28,167 [Worker-79: Launching MainApplication] INFO  o.e.m.c.i.embedder.EclipseLogger - Copying 34 resources
2022-02-11 21:01:28,176 [Worker-79: Launching MainApplication] INFO  o.e.m.c.i.embedder.EclipseLogger - Using 'UTF-8' encoding to copy filtered resources.
2022-02-11 21:01:28,176 [Worker-79: Launching MainApplication] INFO  o.e.m.c.i.embedder.EclipseLogger - skip non existing resourceDirectory E:\Work\ideajava\GraduationProject\SecKill\SecKill\miaosha_1\src\test\resources
2022-02-11 21:05:32,140 [Worker-79: Launching MainApplication] INFO  o.e.m.c.i.embedder.EclipseLogger - Using 'UTF-8' encoding to copy filtered resources.
2022-02-11 21:05:32,140 [Worker-79: Launching MainApplication] INFO  o.e.m.c.i.embedder.EclipseLogger - Copying 0 resource
2022-02-11 21:05:32,141 [Worker-79: Launching MainApplication] INFO  o.e.m.c.i.embedder.EclipseLogger - Copying 1 resource
2022-02-11 21:05:32,147 [Worker-79: Launching MainApplication] INFO  o.e.m.c.i.embedder.EclipseLogger - Using 'UTF-8' encoding to copy filtered resources.
2022-02-11 21:05:32,147 [Worker-79: Launching MainApplication] INFO  o.e.m.c.i.embedder.EclipseLogger - skip non existing resourceDirectory E:\Work\ideajava\GraduationProject\SecKill\SecKill\miaosha_1\src\test\resources
2022-02-11 21:13:47,860 [Worker-84: Building] INFO  o.e.m.c.i.embedder.EclipseLogger - Using 'UTF-8' encoding to copy filtered resources.
2022-02-11 21:13:47,865 [Worker-84: Building] INFO  o.e.m.c.i.embedder.EclipseLogger - Copying 1 resource
2022-02-11 21:13:47,871 [Worker-84: Building] INFO  o.e.m.c.i.embedder.EclipseLogger - Copying 34 resources
2022-02-11 21:13:47,878 [Worker-84: Building] INFO  o.e.m.c.i.embedder.EclipseLogger - Using 'UTF-8' encoding to copy filtered resources.
2022-02-11 21:13:47,879 [Worker-84: Building] INFO  o.e.m.c.i.embedder.EclipseLogger - skip non existing resourceDirectory E:\Work\ideajava\GraduationProject\SecKill\SecKill\miaosha_1\src\test\resources
2022-02-11 21:13:54,288 [Worker-86: Building] INFO  o.e.m.c.i.embedder.EclipseLogger - Using 'UTF-8' encoding to copy filtered resources.
2022-02-11 21:13:54,292 [Worker-86: Building] INFO  o.e.m.c.i.embedder.EclipseLogger - Copying 1 resource
2022-02-11 21:13:54,298 [Worker-86: Building] INFO  o.e.m.c.i.embedder.EclipseLogger - Copying 34 resources
2022-02-11 21:13:54,304 [Worker-86: Building] INFO  o.e.m.c.i.embedder.EclipseLogger - Using 'UTF-8' encoding to copy filtered resources.
2022-02-11 21:13:54,304 [Worker-86: Building] INFO  o.e.m.c.i.embedder.EclipseLogger - skip non existing resourceDirectory E:\Work\ideajava\GraduationProject\SecKill\SecKill\miaosha_1\src\test\resources
2022-02-11 21:18:25,024 [Worker-83: Launching MainApplication] INFO  o.e.m.c.i.embedder.EclipseLogger - Using 'UTF-8' encoding to copy filtered resources.
2022-02-11 21:18:25,032 [Worker-83: Launching MainApplication] INFO  o.e.m.c.i.embedder.EclipseLogger - Copying 1 resource
2022-02-11 21:18:25,043 [Worker-83: Launching MainApplication] INFO  o.e.m.c.i.embedder.EclipseLogger - Copying 34 resources
2022-02-11 21:18:25,053 [Worker-83: Launching MainApplication] INFO  o.e.m.c.i.embedder.EclipseLogger - Using 'UTF-8' encoding to copy filtered resources.
2022-02-11 21:18:25,053 [Worker-83: Launching MainApplication] INFO  o.e.m.c.i.embedder.EclipseLogger - skip non existing resourceDirectory E:\Work\ideajava\GraduationProject\SecKill\SecKill\miaosha_1\src\test\resources
2022-02-11 21:22:24,945 [Worker-74: Building] INFO  o.e.m.c.i.embedder.EclipseLogger - Using 'UTF-8' encoding to copy filtered resources.
2022-02-11 21:22:24,949 [Worker-74: Building] INFO  o.e.m.c.i.embedder.EclipseLogger - Copying 1 resource
2022-02-11 21:22:24,955 [Worker-74: Building] INFO  o.e.m.c.i.embedder.EclipseLogger - Copying 34 resources
2022-02-11 21:22:24,961 [Worker-74: Building] INFO  o.e.m.c.i.embedder.EclipseLogger - Using 'UTF-8' encoding to copy filtered resources.
2022-02-11 21:22:24,961 [Worker-74: Building] INFO  o.e.m.c.i.embedder.EclipseLogger - skip non existing resourceDirectory E:\Work\ideajava\GraduationProject\SecKill\SecKill\miaosha_1\src\test\resources
2022-02-11 21:32:57,149 [Worker-85: Launching MainApplication] INFO  o.e.m.c.i.embedder.EclipseLogger - Using 'UTF-8' encoding to copy filtered resources.
2022-02-11 21:32:57,157 [Worker-85: Launching MainApplication] INFO  o.e.m.c.i.embedder.EclipseLogger - Copying 1 resource
2022-02-11 21:32:57,166 [Worker-85: Launching MainApplication] INFO  o.e.m.c.i.embedder.EclipseLogger - Copying 34 resources
2022-02-11 21:32:57,173 [Worker-85: Launching MainApplication] INFO  o.e.m.c.i.embedder.EclipseLogger - Using 'UTF-8' encoding to copy filtered resources.
2022-02-11 21:32:57,173 [Worker-85: Launching MainApplication] INFO  o.e.m.c.i.embedder.EclipseLogger - skip non existing resourceDirectory E:\Work\ideajava\GraduationProject\SecKill\SecKill\miaosha_1\src\test\resources
2022-02-11 21:45:06,108 [Worker-91: Building] INFO  o.e.m.c.i.embedder.EclipseLogger - Using 'UTF-8' encoding to copy filtered resources.
2022-02-11 21:45:06,115 [Worker-91: Building] INFO  o.e.m.c.i.embedder.EclipseLogger - Copying 1 resource
2022-02-11 21:45:06,137 [Worker-91: Building] INFO  o.e.m.c.i.embedder.EclipseLogger - Copying 34 resources
2022-02-11 21:45:06,144 [Worker-91: Building] INFO  o.e.m.c.i.embedder.EclipseLogger - Using 'UTF-8' encoding to copy filtered resources.
2022-02-11 21:45:06,145 [Worker-91: Building] INFO  o.e.m.c.i.embedder.EclipseLogger - skip non existing resourceDirectory E:\Work\ideajava\GraduationProject\SecKill\SecKill\miaosha_1\src\test\resources
2022-02-11 21:45:32,246 [Worker-92: Building] INFO  o.e.m.c.i.embedder.EclipseLogger - Using 'UTF-8' encoding to copy filtered resources.
2022-02-11 21:45:32,254 [Worker-92: Building] INFO  o.e.m.c.i.embedder.EclipseLogger - Copying 1 resource
2022-02-11 21:45:32,262 [Worker-92: Building] INFO  o.e.m.c.i.embedder.EclipseLogger - Copying 34 resources
2022-02-11 21:45:32,271 [Worker-92: Building] INFO  o.e.m.c.i.embedder.EclipseLogger - Using 'UTF-8' encoding to copy filtered resources.
2022-02-11 21:45:32,272 [Worker-92: Building] INFO  o.e.m.c.i.embedder.EclipseLogger - skip non existing resourceDirectory E:\Work\ideajava\GraduationProject\SecKill\SecKill\miaosha_1\src\test\resources
2022-02-11 21:48:25,155 [Worker-93: Building] INFO  o.e.m.c.i.embedder.EclipseLogger - Using 'UTF-8' encoding to copy filtered resources.
2022-02-11 21:48:25,162 [Worker-93: Building] INFO  o.e.m.c.i.embedder.EclipseLogger - Copying 1 resource
2022-02-11 21:48:25,170 [Worker-93: Building] INFO  o.e.m.c.i.embedder.EclipseLogger - Copying 34 resources
2022-02-11 21:48:25,180 [Worker-93: Building] INFO  o.e.m.c.i.embedder.EclipseLogger - Using 'UTF-8' encoding to copy filtered resources.
2022-02-11 21:48:25,180 [Worker-93: Building] INFO  o.e.m.c.i.embedder.EclipseLogger - skip non existing resourceDirectory E:\Work\ideajava\GraduationProject\SecKill\SecKill\miaosha_1\src\test\resources
2022-02-11 21:59:53,614 [Worker-99: Building] INFO  o.e.m.c.i.embedder.EclipseLogger - Using 'UTF-8' encoding to copy filtered resources.
2022-02-11 21:59:53,622 [Worker-99: Building] INFO  o.e.m.c.i.embedder.EclipseLogger - Copying 1 resource
2022-02-11 21:59:53,629 [Worker-99: Building] INFO  o.e.m.c.i.embedder.EclipseLogger - Copying 34 resources
2022-02-11 21:59:53,637 [Worker-99: Building] INFO  o.e.m.c.i.embedder.EclipseLogger - Using 'UTF-8' encoding to copy filtered resources.
2022-02-11 21:59:53,638 [Worker-99: Building] INFO  o.e.m.c.i.embedder.EclipseLogger - skip non existing resourceDirectory E:\Work\ideajava\GraduationProject\SecKill\SecKill\miaosha_1\src\test\resources
2022-02-11 21:59:57,226 [Worker-98: Building] INFO  o.e.m.c.i.embedder.EclipseLogger - Using 'UTF-8' encoding to copy filtered resources.
2022-02-11 21:59:57,231 [Worker-98: Building] INFO  o.e.m.c.i.embedder.EclipseLogger - Copying 1 resource
2022-02-11 21:59:57,237 [Worker-98: Building] INFO  o.e.m.c.i.embedder.EclipseLogger - Copying 34 resources
2022-02-11 21:59:57,243 [Worker-98: Building] INFO  o.e.m.c.i.embedder.EclipseLogger - Using 'UTF-8' encoding to copy filtered resources.
2022-02-11 21:59:57,243 [Worker-98: Building] INFO  o.e.m.c.i.embedder.EclipseLogger - skip non existing resourceDirectory E:\Work\ideajava\GraduationProject\SecKill\SecKill\miaosha_1\src\test\resources
2022-02-11 22:00:04,728 [Worker-99: Launching MainApplication] INFO  o.e.m.c.i.embedder.EclipseLogger - Using 'UTF-8' encoding to copy filtered resources.
2022-02-11 22:00:04,735 [Worker-99: Launching MainApplication] INFO  o.e.m.c.i.embedder.EclipseLogger - Copying 1 resource
2022-02-11 22:00:04,743 [Worker-99: Launching MainApplication] INFO  o.e.m.c.i.embedder.EclipseLogger - Copying 34 resources
2022-02-11 22:00:04,752 [Worker-99: Launching MainApplication] INFO  o.e.m.c.i.embedder.EclipseLogger - Using 'UTF-8' encoding to copy filtered resources.
2022-02-11 22:00:04,752 [Worker-99: Launching MainApplication] INFO  o.e.m.c.i.embedder.EclipseLogger - skip non existing resourceDirectory E:\Work\ideajava\GraduationProject\SecKill\SecKill\miaosha_1\src\test\resources
2022-02-12 00:46:59,250 [Stop Help Server] INFO  o.e.jetty.server.AbstractConnector - Stopped ServerConnector@17d47dbe{HTTP/1.1, (http/1.1)}{127.0.0.1:0}
2022-02-12 00:46:59,252 [Stop Help Server] INFO  org.eclipse.jetty.server.session - node0 Stopped scavenging
2022-02-12 00:46:59,274 [Stop Help Server] INFO  o.e.j.server.handler.ContextHandler - Stopped o.e.j.s.ServletContextHandler@5d9dbf69{/help,null,STOPPED}
2022-02-12 15:47:45,872 [Worker-1: Loading available Gradle versions] INFO  o.e.b.c.i.u.g.PublishedGradleVersions - Gradle version information cache is up-to-date. Trying to read.
2022-02-12 17:18:14,758 [Worker-43: Building] INFO  o.e.m.c.i.embedder.EclipseLogger - Using 'UTF-8' encoding to copy filtered resources.
2022-02-12 17:18:14,763 [Worker-43: Building] INFO  o.e.m.c.i.embedder.EclipseLogger - Copying 1 resource
2022-02-12 17:18:14,776 [Worker-43: Building] INFO  o.e.m.c.i.embedder.EclipseLogger - Copying 34 resources
2022-02-12 17:18:14,791 [Worker-43: Building] INFO  o.e.m.c.i.embedder.EclipseLogger - Using 'UTF-8' encoding to copy filtered resources.
2022-02-12 17:18:14,791 [Worker-43: Building] INFO  o.e.m.c.i.embedder.EclipseLogger - skip non existing resourceDirectory E:\Work\ideajava\GraduationProject\SecKill\SecKill\miaosha_1\src\test\resources
2022-02-12 17:18:55,583 [Worker-43: Building] INFO  o.e.m.c.i.embedder.EclipseLogger - Using 'UTF-8' encoding to copy filtered resources.
2022-02-12 17:18:55,590 [Worker-43: Building] INFO  o.e.m.c.i.embedder.EclipseLogger - Copying 1 resource
2022-02-12 17:18:55,597 [Worker-43: Building] INFO  o.e.m.c.i.embedder.EclipseLogger - Copying 34 resources
2022-02-12 17:18:55,610 [Worker-43: Building] INFO  o.e.m.c.i.embedder.EclipseLogger - Using 'UTF-8' encoding to copy filtered resources.
2022-02-12 17:18:55,610 [Worker-43: Building] INFO  o.e.m.c.i.embedder.EclipseLogger - skip non existing resourceDirectory E:\Work\ideajava\GraduationProject\SecKill\SecKill\miaosha_1\src\test\resources
2022-02-12 17:20:10,179 [Worker-43: Building] INFO  o.e.m.c.i.embedder.EclipseLogger - Using 'UTF-8' encoding to copy filtered resources.
2022-02-12 17:20:10,190 [Worker-43: Building] INFO  o.e.m.c.i.embedder.EclipseLogger - Copying 1 resource
2022-02-12 17:20:10,202 [Worker-43: Building] INFO  o.e.m.c.i.embedder.EclipseLogger - Copying 34 resources
2022-02-12 17:20:10,212 [Worker-43: Building] INFO  o.e.m.c.i.embedder.EclipseLogger - Using 'UTF-8' encoding to copy filtered resources.
2022-02-12 17:20:10,213 [Worker-43: Building] INFO  o.e.m.c.i.embedder.EclipseLogger - skip non existing resourceDirectory E:\Work\ideajava\GraduationProject\SecKill\SecKill\miaosha_1\src\test\resources
2022-02-12 17:20:43,367 [Worker-42: Building] INFO  o.e.m.c.i.embedder.EclipseLogger - Using 'UTF-8' encoding to copy filtered resources.
2022-02-12 17:20:43,380 [Worker-42: Building] INFO  o.e.m.c.i.embedder.EclipseLogger - Copying 1 resource
2022-02-12 17:20:43,398 [Worker-42: Building] INFO  o.e.m.c.i.embedder.EclipseLogger - Copying 34 resources
2022-02-12 17:20:43,412 [Worker-42: Building] INFO  o.e.m.c.i.embedder.EclipseLogger - Using 'UTF-8' encoding to copy filtered resources.
2022-02-12 17:20:43,413 [Worker-42: Building] INFO  o.e.m.c.i.embedder.EclipseLogger - skip non existing resourceDirectory E:\Work\ideajava\GraduationProject\SecKill\SecKill\miaosha_1\src\test\resources
2022-02-12 17:25:38,705 [Worker-48: Building Workspace] INFO  o.e.m.c.i.embedder.EclipseLogger - Using 'UTF-8' encoding to copy filtered resources.
2022-02-12 17:25:38,712 [Worker-48: Building Workspace] INFO  o.e.m.c.i.embedder.EclipseLogger - Copying 1 resource
2022-02-12 17:25:38,722 [Worker-48: Building Workspace] INFO  o.e.m.c.i.embedder.EclipseLogger - Copying 34 resources
2022-02-12 17:25:38,734 [Worker-48: Building Workspace] INFO  o.e.m.c.i.embedder.EclipseLogger - Using 'UTF-8' encoding to copy filtered resources.
2022-02-12 17:25:38,735 [Worker-48: Building Workspace] INFO  o.e.m.c.i.embedder.EclipseLogger - skip non existing resourceDirectory E:\Work\ideajava\GraduationProject\SecKill\SecKill\miaosha_1\src\test\resources
2022-02-12 17:27:54,652 [Worker-42: Building Workspace] INFO  o.e.m.c.i.embedder.EclipseLogger - Using 'UTF-8' encoding to copy filtered resources.
2022-02-12 17:27:54,658 [Worker-42: Building Workspace] INFO  o.e.m.c.i.embedder.EclipseLogger - Copying 1 resource
2022-02-12 17:27:54,670 [Worker-42: Building Workspace] INFO  o.e.m.c.i.embedder.EclipseLogger - Copying 34 resources
2022-02-12 17:27:54,682 [Worker-42: Building Workspace] INFO  o.e.m.c.i.embedder.EclipseLogger - Using 'UTF-8' encoding to copy filtered resources.
2022-02-12 17:27:54,682 [Worker-42: Building Workspace] INFO  o.e.m.c.i.embedder.EclipseLogger - skip non existing resourceDirectory E:\Work\ideajava\GraduationProject\SecKill\SecKill\miaosha_1\src\test\resources
2022-02-12 17:30:43,583 [Worker-44: Building] INFO  o.e.m.c.i.embedder.EclipseLogger - Using 'UTF-8' encoding to copy filtered resources.
2022-02-12 17:30:43,598 [Worker-44: Building] INFO  o.e.m.c.i.embedder.EclipseLogger - Copying 1 resource
2022-02-12 17:30:43,613 [Worker-44: Building] INFO  o.e.m.c.i.embedder.EclipseLogger - Copying 34 resources
2022-02-12 17:30:43,631 [Worker-44: Building] INFO  o.e.m.c.i.embedder.EclipseLogger - Using 'UTF-8' encoding to copy filtered resources.
2022-02-12 17:30:43,631 [Worker-44: Building] INFO  o.e.m.c.i.embedder.EclipseLogger - skip non existing resourceDirectory E:\Work\ideajava\GraduationProject\SecKill\SecKill\miaosha_1\src\test\resources
2022-02-12 17:51:04,077 [Worker-44: Building] INFO  o.e.m.c.i.embedder.EclipseLogger - Using 'UTF-8' encoding to copy filtered resources.
2022-02-12 17:51:04,081 [Worker-44: Building] INFO  o.e.m.c.i.embedder.EclipseLogger - Copying 0 resource
2022-02-12 17:51:04,082 [Worker-44: Building] INFO  o.e.m.c.i.embedder.EclipseLogger - Copying 1 resource
2022-02-12 17:51:04,092 [Worker-44: Building] INFO  o.e.m.c.i.embedder.EclipseLogger - Using 'UTF-8' encoding to copy filtered resources.
2022-02-12 17:51:04,092 [Worker-44: Building] INFO  o.e.m.c.i.embedder.EclipseLogger - skip non existing resourceDirectory E:\Work\ideajava\GraduationProject\SecKill\SecKill\miaosha_1\src\test\resources
2022-02-12 17:51:10,966 [Worker-57: Building] INFO  o.e.m.c.i.embedder.EclipseLogger - Using 'UTF-8' encoding to copy filtered resources.
2022-02-12 17:51:10,972 [Worker-57: Building] INFO  o.e.m.c.i.embedder.EclipseLogger - Copying 1 resource
2022-02-12 17:51:10,978 [Worker-57: Building] INFO  o.e.m.c.i.embedder.EclipseLogger - Copying 34 resources
2022-02-12 17:51:10,987 [Worker-57: Building] INFO  o.e.m.c.i.embedder.EclipseLogger - Using 'UTF-8' encoding to copy filtered resources.
2022-02-12 17:51:10,987 [Worker-57: Building] INFO  o.e.m.c.i.embedder.EclipseLogger - skip non existing resourceDirectory E:\Work\ideajava\GraduationProject\SecKill\SecKill\miaosha_1\src\test\resources
2022-02-12 17:52:11,068 [Worker-56: Building] INFO  o.e.m.c.i.embedder.EclipseLogger - Using 'UTF-8' encoding to copy filtered resources.
2022-02-12 17:52:11,069 [Worker-56: Building] INFO  o.e.m.c.i.embedder.EclipseLogger - Copying 0 resource
2022-02-12 17:52:11,070 [Worker-56: Building] INFO  o.e.m.c.i.embedder.EclipseLogger - Copying 2 resources
2022-02-12 17:52:11,078 [Worker-56: Building] INFO  o.e.m.c.i.embedder.EclipseLogger - Using 'UTF-8' encoding to copy filtered resources.
2022-02-12 17:52:11,078 [Worker-56: Building] INFO  o.e.m.c.i.embedder.EclipseLogger - skip non existing resourceDirectory E:\Work\ideajava\GraduationProject\SecKill\SecKill\miaosha_1\src\test\resources
2022-02-12 17:52:52,143 [Worker-57: Launching MainApplication] INFO  o.e.m.c.i.embedder.EclipseLogger - Using 'UTF-8' encoding to copy filtered resources.
2022-02-12 17:52:52,150 [Worker-57: Launching MainApplication] INFO  o.e.m.c.i.embedder.EclipseLogger - Copying 1 resource
2022-02-12 17:52:52,162 [Worker-57: Launching MainApplication] INFO  o.e.m.c.i.embedder.EclipseLogger - Copying 36 resources
2022-02-12 17:52:52,177 [Worker-57: Launching MainApplication] INFO  o.e.m.c.i.embedder.EclipseLogger - Using 'UTF-8' encoding to copy filtered resources.
2022-02-12 17:52:52,177 [Worker-57: Launching MainApplication] INFO  o.e.m.c.i.embedder.EclipseLogger - skip non existing resourceDirectory E:\Work\ideajava\GraduationProject\SecKill\SecKill\miaosha_1\src\test\resources
2022-02-12 17:54:18,284 [Worker-60: Building] INFO  o.e.m.c.i.embedder.EclipseLogger - Using 'UTF-8' encoding to copy filtered resources.
2022-02-12 17:54:18,292 [Worker-60: Building] INFO  o.e.m.c.i.embedder.EclipseLogger - Copying 1 resource
2022-02-12 17:54:18,301 [Worker-60: Building] INFO  o.e.m.c.i.embedder.EclipseLogger - Copying 36 resources
2022-02-12 17:54:18,311 [Worker-60: Building] INFO  o.e.m.c.i.embedder.EclipseLogger - Using 'UTF-8' encoding to copy filtered resources.
2022-02-12 17:54:18,312 [Worker-60: Building] INFO  o.e.m.c.i.embedder.EclipseLogger - skip non existing resourceDirectory E:\Work\ideajava\GraduationProject\SecKill\SecKill\miaosha_1\src\test\resources
2022-02-12 22:02:36,232 [Worker-118: Building Workspace] INFO  o.e.m.c.i.embedder.EclipseLogger - Using 'UTF-8' encoding to copy filtered resources.
2022-02-12 22:02:36,241 [Worker-118: Building Workspace] INFO  o.e.m.c.i.embedder.EclipseLogger - Copying 1 resource
2022-02-12 22:02:36,249 [Worker-118: Building Workspace] INFO  o.e.m.c.i.embedder.EclipseLogger - Copying 37 resources
2022-02-12 22:02:36,262 [Worker-118: Building Workspace] INFO  o.e.m.c.i.embedder.EclipseLogger - Using 'UTF-8' encoding to copy filtered resources.
2022-02-12 22:02:36,262 [Worker-118: Building Workspace] INFO  o.e.m.c.i.embedder.EclipseLogger - skip non existing resourceDirectory E:\Work\ideajava\GraduationProject\SecKill\SecKill\miaosha_1\src\test\resources
2022-02-12 22:10:27,228 [Worker-61: Launching MainApplication] INFO  o.e.m.c.i.embedder.EclipseLogger - Using 'UTF-8' encoding to copy filtered resources.
2022-02-12 22:10:27,229 [Worker-61: Launching MainApplication] INFO  o.e.m.c.i.embedder.EclipseLogger - Copying 0 resource
2022-02-12 22:10:27,230 [Worker-61: Launching MainApplication] INFO  o.e.m.c.i.embedder.EclipseLogger - Copying 1 resource
2022-02-12 22:10:27,233 [Worker-61: Launching MainApplication] INFO  o.e.m.c.i.embedder.EclipseLogger - Using 'UTF-8' encoding to copy filtered resources.
2022-02-12 22:10:27,233 [Worker-61: Launching MainApplication] INFO  o.e.m.c.i.embedder.EclipseLogger - skip non existing resourceDirectory E:\Work\ideajava\GraduationProject\SecKill\SecKill\miaosha_1\src\test\resources
2022-02-12 22:14:02,042 [Worker-121: Building] INFO  o.e.m.c.i.embedder.EclipseLogger - Using 'UTF-8' encoding to copy filtered resources.
2022-02-12 22:14:02,043 [Worker-121: Building] INFO  o.e.m.c.i.embedder.EclipseLogger - Copying 0 resource
2022-02-12 22:14:02,043 [Worker-121: Building] INFO  o.e.m.c.i.embedder.EclipseLogger - Copying 1 resource
2022-02-12 22:14:02,046 [Worker-121: Building] INFO  o.e.m.c.i.embedder.EclipseLogger - Using 'UTF-8' encoding to copy filtered resources.
2022-02-12 22:14:02,046 [Worker-121: Building] INFO  o.e.m.c.i.embedder.EclipseLogger - skip non existing resourceDirectory E:\Work\ideajava\GraduationProject\SecKill\SecKill\miaosha_1\src\test\resources
2022-02-12 22:14:55,125 [Worker-127: Building Workspace] INFO  o.e.m.c.i.embedder.EclipseLogger - Using 'UTF-8' encoding to copy filtered resources.
2022-02-12 22:14:55,126 [Worker-127: Building Workspace] INFO  o.e.m.c.i.embedder.EclipseLogger - Copying 0 resource
2022-02-12 22:14:55,127 [Worker-127: Building Workspace] INFO  o.e.m.c.i.embedder.EclipseLogger - Copying 2 resources
2022-02-12 22:14:55,133 [Worker-127: Building Workspace] INFO  o.e.m.c.i.embedder.EclipseLogger - Using 'UTF-8' encoding to copy filtered resources.
2022-02-12 22:14:55,134 [Worker-127: Building Workspace] INFO  o.e.m.c.i.embedder.EclipseLogger - skip non existing resourceDirectory E:\Work\ideajava\GraduationProject\SecKill\SecKill\miaosha_1\src\test\resources
2022-02-12 22:23:35,484 [Worker-128: Launching MainApplication] INFO  o.e.m.c.i.embedder.EclipseLogger - Using 'UTF-8' encoding to copy filtered resources.
2022-02-12 22:23:35,485 [Worker-128: Launching MainApplication] INFO  o.e.m.c.i.embedder.EclipseLogger - Copying 0 resource
2022-02-12 22:23:35,485 [Worker-128: Launching MainApplication] INFO  o.e.m.c.i.embedder.EclipseLogger - Copying 2 resources
2022-02-12 22:23:35,493 [Worker-128: Launching MainApplication] INFO  o.e.m.c.i.embedder.EclipseLogger - Using 'UTF-8' encoding to copy filtered resources.
2022-02-12 22:23:35,493 [Worker-128: Launching MainApplication] INFO  o.e.m.c.i.embedder.EclipseLogger - skip non existing resourceDirectory E:\Work\ideajava\GraduationProject\SecKill\SecKill\miaosha_1\src\test\resources
2022-02-12 22:31:38,369 [Worker-130: Launching MainApplication] INFO  o.e.m.c.i.embedder.EclipseLogger - Using 'UTF-8' encoding to copy filtered resources.
2022-02-12 22:31:38,370 [Worker-130: Launching MainApplication] INFO  o.e.m.c.i.embedder.EclipseLogger - Copying 0 resource
2022-02-12 22:31:38,370 [Worker-130: Launching MainApplication] INFO  o.e.m.c.i.embedder.EclipseLogger - Copying 1 resource
2022-02-12 22:31:38,375 [Worker-130: Launching MainApplication] INFO  o.e.m.c.i.embedder.EclipseLogger - Using 'UTF-8' encoding to copy filtered resources.
2022-02-12 22:31:38,375 [Worker-130: Launching MainApplication] INFO  o.e.m.c.i.embedder.EclipseLogger - skip non existing resourceDirectory E:\Work\ideajava\GraduationProject\SecKill\SecKill\miaosha_1\src\test\resources
2022-02-12 22:33:39,641 [Worker-126: Building] INFO  o.e.m.c.i.embedder.EclipseLogger - Using 'UTF-8' encoding to copy filtered resources.
2022-02-12 22:33:39,641 [Worker-126: Building] INFO  o.e.m.c.i.embedder.EclipseLogger - Copying 0 resource
2022-02-12 22:33:39,642 [Worker-126: Building] INFO  o.e.m.c.i.embedder.EclipseLogger - Copying 1 resource
2022-02-12 22:33:39,644 [Worker-126: Building] INFO  o.e.m.c.i.embedder.EclipseLogger - Using 'UTF-8' encoding to copy filtered resources.
2022-02-12 22:33:39,644 [Worker-126: Building] INFO  o.e.m.c.i.embedder.EclipseLogger - skip non existing resourceDirectory E:\Work\ideajava\GraduationProject\SecKill\SecKill\miaosha_1\src\test\resources
2022-02-12 22:36:01,362 [Worker-111: Building] INFO  o.e.m.c.i.embedder.EclipseLogger - Using 'UTF-8' encoding to copy filtered resources.
2022-02-12 22:36:01,362 [Worker-111: Building] INFO  o.e.m.c.i.embedder.EclipseLogger - Copying 0 resource
2022-02-12 22:36:01,362 [Worker-111: Building] INFO  o.e.m.c.i.embedder.EclipseLogger - Copying 1 resource
2022-02-12 22:36:01,368 [Worker-111: Building] INFO  o.e.m.c.i.embedder.EclipseLogger - Using 'UTF-8' encoding to copy filtered resources.
2022-02-12 22:36:01,368 [Worker-111: Building] INFO  o.e.m.c.i.embedder.EclipseLogger - skip non existing resourceDirectory E:\Work\ideajava\GraduationProject\SecKill\SecKill\miaosha_1\src\test\resources
2022-02-12 22:39:15,115 [Worker-111: Launching MainApplication] INFO  o.e.m.c.i.embedder.EclipseLogger - Using 'UTF-8' encoding to copy filtered resources.
2022-02-12 22:39:15,115 [Worker-111: Launching MainApplication] INFO  o.e.m.c.i.embedder.EclipseLogger - Copying 0 resource
2022-02-12 22:39:15,115 [Worker-111: Launching MainApplication] INFO  o.e.m.c.i.embedder.EclipseLogger - Copying 1 resource
2022-02-12 22:39:15,120 [Worker-111: Launching MainApplication] INFO  o.e.m.c.i.embedder.EclipseLogger - Using 'UTF-8' encoding to copy filtered resources.
2022-02-12 22:39:15,121 [Worker-111: Launching MainApplication] INFO  o.e.m.c.i.embedder.EclipseLogger - skip non existing resourceDirectory E:\Work\ideajava\GraduationProject\SecKill\SecKill\miaosha_1\src\test\resources
2022-02-12 22:40:46,240 [Worker-126: Building] INFO  o.e.m.c.i.embedder.EclipseLogger - Using 'UTF-8' encoding to copy filtered resources.
2022-02-12 22:40:46,240 [Worker-126: Building] INFO  o.e.m.c.i.embedder.EclipseLogger - Copying 0 resource
2022-02-12 22:40:46,241 [Worker-126: Building] INFO  o.e.m.c.i.embedder.EclipseLogger - Copying 1 resource
2022-02-12 22:40:46,244 [Worker-126: Building] INFO  o.e.m.c.i.embedder.EclipseLogger - Using 'UTF-8' encoding to copy filtered resources.
2022-02-12 22:40:46,245 [Worker-126: Building] INFO  o.e.m.c.i.embedder.EclipseLogger - skip non existing resourceDirectory E:\Work\ideajava\GraduationProject\SecKill\SecKill\miaosha_1\src\test\resources
2022-02-12 22:42:06,180 [Worker-136: Building] INFO  o.e.m.c.i.embedder.EclipseLogger - Using 'UTF-8' encoding to copy filtered resources.
2022-02-12 22:42:06,180 [Worker-136: Building] INFO  o.e.m.c.i.embedder.EclipseLogger - Copying 0 resource
2022-02-12 22:42:06,180 [Worker-136: Building] INFO  o.e.m.c.i.embedder.EclipseLogger - Copying 1 resource
2022-02-12 22:42:06,184 [Worker-136: Building] INFO  o.e.m.c.i.embedder.EclipseLogger - Using 'UTF-8' encoding to copy filtered resources.
2022-02-12 22:42:06,184 [Worker-136: Building] INFO  o.e.m.c.i.embedder.EclipseLogger - skip non existing resourceDirectory E:\Work\ideajava\GraduationProject\SecKill\SecKill\miaosha_1\src\test\resources
2022-02-12 22:45:54,175 [Worker-138: Building] INFO  o.e.m.c.i.embedder.EclipseLogger - Using 'UTF-8' encoding to copy filtered resources.
2022-02-12 22:45:54,176 [Worker-138: Building] INFO  o.e.m.c.i.embedder.EclipseLogger - Copying 0 resource
2022-02-12 22:45:54,176 [Worker-138: Building] INFO  o.e.m.c.i.embedder.EclipseLogger - Copying 1 resource
2022-02-12 22:45:54,180 [Worker-138: Building] INFO  o.e.m.c.i.embedder.EclipseLogger - Using 'UTF-8' encoding to copy filtered resources.
2022-02-12 22:45:54,180 [Worker-138: Building] INFO  o.e.m.c.i.embedder.EclipseLogger - skip non existing resourceDirectory E:\Work\ideajava\GraduationProject\SecKill\SecKill\miaosha_1\src\test\resources
2022-02-12 22:47:23,040 [Worker-138: Building] INFO  o.e.m.c.i.embedder.EclipseLogger - Using 'UTF-8' encoding to copy filtered resources.
2022-02-12 22:47:23,041 [Worker-138: Building] INFO  o.e.m.c.i.embedder.EclipseLogger - Copying 0 resource
2022-02-12 22:47:23,041 [Worker-138: Building] INFO  o.e.m.c.i.embedder.EclipseLogger - Copying 1 resource
2022-02-12 22:47:23,044 [Worker-138: Building] INFO  o.e.m.c.i.embedder.EclipseLogger - Using 'UTF-8' encoding to copy filtered resources.
2022-02-12 22:47:23,044 [Worker-138: Building] INFO  o.e.m.c.i.embedder.EclipseLogger - skip non existing resourceDirectory E:\Work\ideajava\GraduationProject\SecKill\SecKill\miaosha_1\src\test\resources
2022-02-12 22:50:00,863 [Worker-111: Building Workspace] INFO  o.e.m.c.i.embedder.EclipseLogger - Using 'UTF-8' encoding to copy filtered resources.
2022-02-12 22:50:00,875 [Worker-111: Building Workspace] INFO  o.e.m.c.i.embedder.EclipseLogger - Copying 1 resource
2022-02-12 22:50:00,884 [Worker-111: Building Workspace] INFO  o.e.m.c.i.embedder.EclipseLogger - Copying 39 resources
2022-02-12 22:50:00,907 [Worker-111: Building Workspace] INFO  o.e.m.c.i.embedder.EclipseLogger - Using 'UTF-8' encoding to copy filtered resources.
2022-02-12 22:50:00,907 [Worker-111: Building Workspace] INFO  o.e.m.c.i.embedder.EclipseLogger - skip non existing resourceDirectory E:\Work\ideajava\GraduationProject\SecKill\SecKill\miaosha_1\src\test\resources
2022-02-12 22:58:20,054 [Worker-145: Building] INFO  o.e.m.c.i.embedder.EclipseLogger - Using 'UTF-8' encoding to copy filtered resources.
2022-02-12 22:58:20,060 [Worker-145: Building] INFO  o.e.m.c.i.embedder.EclipseLogger - Copying 1 resource
2022-02-12 22:58:20,067 [Worker-145: Building] INFO  o.e.m.c.i.embedder.EclipseLogger - Copying 39 resources
2022-02-12 22:58:20,073 [Worker-145: Building] INFO  o.e.m.c.i.embedder.EclipseLogger - Using 'UTF-8' encoding to copy filtered resources.
2022-02-12 22:58:20,073 [Worker-145: Building] INFO  o.e.m.c.i.embedder.EclipseLogger - skip non existing resourceDirectory E:\Work\ideajava\GraduationProject\SecKill\SecKill\miaosha_1\src\test\resources
2022-02-12 22:59:03,610 [Worker-147: Building Workspace] INFO  o.e.m.c.i.embedder.EclipseLogger - Using 'UTF-8' encoding to copy filtered resources.
2022-02-12 22:59:03,621 [Worker-147: Building Workspace] INFO  o.e.m.c.i.embedder.EclipseLogger - Copying 1 resource
2022-02-12 22:59:03,631 [Worker-147: Building Workspace] INFO  o.e.m.c.i.embedder.EclipseLogger - Copying 39 resources
2022-02-12 22:59:03,639 [Worker-147: Building Workspace] INFO  o.e.m.c.i.embedder.EclipseLogger - Using 'UTF-8' encoding to copy filtered resources.
2022-02-12 22:59:03,639 [Worker-147: Building Workspace] INFO  o.e.m.c.i.embedder.EclipseLogger - skip non existing resourceDirectory E:\Work\ideajava\GraduationProject\SecKill\SecKill\miaosha_1\src\test\resources
2022-02-12 23:00:22,757 [Worker-147: Building] INFO  o.e.m.c.i.embedder.EclipseLogger - Using 'UTF-8' encoding to copy filtered resources.
2022-02-12 23:00:22,767 [Worker-147: Building] INFO  o.e.m.c.i.embedder.EclipseLogger - Copying 1 resource
2022-02-12 23:00:22,775 [Worker-147: Building] INFO  o.e.m.c.i.embedder.EclipseLogger - Copying 39 resources
2022-02-12 23:00:22,786 [Worker-147: Building] INFO  o.e.m.c.i.embedder.EclipseLogger - Using 'UTF-8' encoding to copy filtered resources.
2022-02-12 23:00:22,787 [Worker-147: Building] INFO  o.e.m.c.i.embedder.EclipseLogger - skip non existing resourceDirectory E:\Work\ideajava\GraduationProject\SecKill\SecKill\miaosha_1\src\test\resources
2022-02-12 23:02:36,645 [Worker-145: Building] INFO  o.e.m.c.i.embedder.EclipseLogger - Using 'UTF-8' encoding to copy filtered resources.
2022-02-12 23:02:36,649 [Worker-145: Building] INFO  o.e.m.c.i.embedder.EclipseLogger - Copying 1 resource
2022-02-12 23:02:36,656 [Worker-145: Building] INFO  o.e.m.c.i.embedder.EclipseLogger - Copying 39 resources
2022-02-12 23:02:36,663 [Worker-145: Building] INFO  o.e.m.c.i.embedder.EclipseLogger - Using 'UTF-8' encoding to copy filtered resources.
2022-02-12 23:02:36,663 [Worker-145: Building] INFO  o.e.m.c.i.embedder.EclipseLogger - skip non existing resourceDirectory E:\Work\ideajava\GraduationProject\SecKill\SecKill\miaosha_1\src\test\resources
2022-02-12 23:05:59,450 [Worker-145: Building] INFO  o.e.m.c.i.embedder.EclipseLogger - Using 'UTF-8' encoding to copy filtered resources.
2022-02-12 23:05:59,457 [Worker-145: Building] INFO  o.e.m.c.i.embedder.EclipseLogger - Copying 1 resource
2022-02-12 23:05:59,469 [Worker-145: Building] INFO  o.e.m.c.i.embedder.EclipseLogger - Copying 39 resources
2022-02-12 23:05:59,477 [Worker-145: Building] INFO  o.e.m.c.i.embedder.EclipseLogger - Using 'UTF-8' encoding to copy filtered resources.
2022-02-12 23:05:59,478 [Worker-145: Building] INFO  o.e.m.c.i.embedder.EclipseLogger - skip non existing resourceDirectory E:\Work\ideajava\GraduationProject\SecKill\SecKill\miaosha_1\src\test\resources
2022-02-12 23:07:03,405 [Worker-145: Building] INFO  o.e.m.c.i.embedder.EclipseLogger - Using 'UTF-8' encoding to copy filtered resources.
2022-02-12 23:07:03,410 [Worker-145: Building] INFO  o.e.m.c.i.embedder.EclipseLogger - Copying 1 resource
2022-02-12 23:07:03,415 [Worker-145: Building] INFO  o.e.m.c.i.embedder.EclipseLogger - Copying 39 resources
2022-02-12 23:07:03,421 [Worker-145: Building] INFO  o.e.m.c.i.embedder.EclipseLogger - Using 'UTF-8' encoding to copy filtered resources.
2022-02-12 23:07:03,421 [Worker-145: Building] INFO  o.e.m.c.i.embedder.EclipseLogger - skip non existing resourceDirectory E:\Work\ideajava\GraduationProject\SecKill\SecKill\miaosha_1\src\test\resources
2022-02-12 23:07:08,530 [Worker-147: Building] INFO  o.e.m.c.i.embedder.EclipseLogger - Using 'UTF-8' encoding to copy filtered resources.
2022-02-12 23:07:08,536 [Worker-147: Building] INFO  o.e.m.c.i.embedder.EclipseLogger - Copying 1 resource
2022-02-12 23:07:08,543 [Worker-147: Building] INFO  o.e.m.c.i.embedder.EclipseLogger - Copying 39 resources
2022-02-12 23:07:08,548 [Worker-147: Building] INFO  o.e.m.c.i.embedder.EclipseLogger - Using 'UTF-8' encoding to copy filtered resources.
2022-02-12 23:07:08,548 [Worker-147: Building] INFO  o.e.m.c.i.embedder.EclipseLogger - skip non existing resourceDirectory E:\Work\ideajava\GraduationProject\SecKill\SecKill\miaosha_1\src\test\resources
2022-02-12 23:07:14,207 [Worker-145: Building] INFO  o.e.m.c.i.embedder.EclipseLogger - Using 'UTF-8' encoding to copy filtered resources.
2022-02-12 23:07:14,215 [Worker-145: Building] INFO  o.e.m.c.i.embedder.EclipseLogger - Copying 1 resource
2022-02-12 23:07:14,222 [Worker-145: Building] INFO  o.e.m.c.i.embedder.EclipseLogger - Copying 39 resources
2022-02-12 23:07:14,228 [Worker-145: Building] INFO  o.e.m.c.i.embedder.EclipseLogger - Using 'UTF-8' encoding to copy filtered resources.
2022-02-12 23:07:14,228 [Worker-145: Building] INFO  o.e.m.c.i.embedder.EclipseLogger - skip non existing resourceDirectory E:\Work\ideajava\GraduationProject\SecKill\SecKill\miaosha_1\src\test\resources
2022-02-12 23:10:03,190 [Worker-146: Building] INFO  o.e.m.c.i.embedder.EclipseLogger - Using 'UTF-8' encoding to copy filtered resources.
2022-02-12 23:10:03,195 [Worker-146: Building] INFO  o.e.m.c.i.embedder.EclipseLogger - Copying 1 resource
2022-02-12 23:10:03,200 [Worker-146: Building] INFO  o.e.m.c.i.embedder.EclipseLogger - Copying 39 resources
2022-02-12 23:10:03,205 [Worker-146: Building] INFO  o.e.m.c.i.embedder.EclipseLogger - Using 'UTF-8' encoding to copy filtered resources.
2022-02-12 23:10:03,205 [Worker-146: Building] INFO  o.e.m.c.i.embedder.EclipseLogger - skip non existing resourceDirectory E:\Work\ideajava\GraduationProject\SecKill\SecKill\miaosha_1\src\test\resources
2022-02-12 23:12:32,496 [Worker-142: Building] INFO  o.e.m.c.i.embedder.EclipseLogger - Using 'UTF-8' encoding to copy filtered resources.
2022-02-12 23:12:32,501 [Worker-142: Building] INFO  o.e.m.c.i.embedder.EclipseLogger - Copying 1 resource
2022-02-12 23:12:32,506 [Worker-142: Building] INFO  o.e.m.c.i.embedder.EclipseLogger - Copying 39 resources
2022-02-12 23:12:32,512 [Worker-142: Building] INFO  o.e.m.c.i.embedder.EclipseLogger - Using 'UTF-8' encoding to copy filtered resources.
2022-02-12 23:12:32,512 [Worker-142: Building] INFO  o.e.m.c.i.embedder.EclipseLogger - skip non existing resourceDirectory E:\Work\ideajava\GraduationProject\SecKill\SecKill\miaosha_1\src\test\resources
2022-02-12 23:15:35,558 [Worker-148: Building] INFO  o.e.m.c.i.embedder.EclipseLogger - Using 'UTF-8' encoding to copy filtered resources.
2022-02-12 23:15:35,562 [Worker-148: Building] INFO  o.e.m.c.i.embedder.EclipseLogger - Copying 1 resource
2022-02-12 23:15:35,569 [Worker-148: Building] INFO  o.e.m.c.i.embedder.EclipseLogger - Copying 39 resources
2022-02-12 23:15:35,574 [Worker-148: Building] INFO  o.e.m.c.i.embedder.EclipseLogger - Using 'UTF-8' encoding to copy filtered resources.
2022-02-12 23:15:35,575 [Worker-148: Building] INFO  o.e.m.c.i.embedder.EclipseLogger - skip non existing resourceDirectory E:\Work\ideajava\GraduationProject\SecKill\SecKill\miaosha_1\src\test\resources
2022-02-12 23:17:10,464 [Worker-145: Building] INFO  o.e.m.c.i.embedder.EclipseLogger - Using 'UTF-8' encoding to copy filtered resources.
2022-02-12 23:17:10,469 [Worker-145: Building] INFO  o.e.m.c.i.embedder.EclipseLogger - Copying 1 resource
2022-02-12 23:17:10,475 [Worker-145: Building] INFO  o.e.m.c.i.embedder.EclipseLogger - Copying 39 resources
2022-02-12 23:17:10,481 [Worker-145: Building] INFO  o.e.m.c.i.embedder.EclipseLogger - Using 'UTF-8' encoding to copy filtered resources.
2022-02-12 23:17:10,481 [Worker-145: Building] INFO  o.e.m.c.i.embedder.EclipseLogger - skip non existing resourceDirectory E:\Work\ideajava\GraduationProject\SecKill\SecKill\miaosha_1\src\test\resources
2022-02-12 23:23:19,679 [Worker-148: Building] INFO  o.e.m.c.i.embedder.EclipseLogger - Using 'UTF-8' encoding to copy filtered resources.
2022-02-12 23:23:19,684 [Worker-148: Building] INFO  o.e.m.c.i.embedder.EclipseLogger - Copying 1 resource
2022-02-12 23:23:19,691 [Worker-148: Building] INFO  o.e.m.c.i.embedder.EclipseLogger - Copying 39 resources
2022-02-12 23:23:19,697 [Worker-148: Building] INFO  o.e.m.c.i.embedder.EclipseLogger - Using 'UTF-8' encoding to copy filtered resources.
2022-02-12 23:23:19,697 [Worker-148: Building] INFO  o.e.m.c.i.embedder.EclipseLogger - skip non existing resourceDirectory E:\Work\ideajava\GraduationProject\SecKill\SecKill\miaosha_1\src\test\resources
2022-02-12 23:23:47,153 [Worker-142: Building] INFO  o.e.m.c.i.embedder.EclipseLogger - Using 'UTF-8' encoding to copy filtered resources.
2022-02-12 23:23:47,158 [Worker-142: Building] INFO  o.e.m.c.i.embedder.EclipseLogger - Copying 1 resource
2022-02-12 23:23:47,164 [Worker-142: Building] INFO  o.e.m.c.i.embedder.EclipseLogger - Copying 39 resources
2022-02-12 23:23:47,169 [Worker-142: Building] INFO  o.e.m.c.i.embedder.EclipseLogger - Using 'UTF-8' encoding to copy filtered resources.
2022-02-12 23:23:47,169 [Worker-142: Building] INFO  o.e.m.c.i.embedder.EclipseLogger - skip non existing resourceDirectory E:\Work\ideajava\GraduationProject\SecKill\SecKill\miaosha_1\src\test\resources
2022-02-12 23:24:41,550 [Worker-145: Building] INFO  o.e.m.c.i.embedder.EclipseLogger - Using 'UTF-8' encoding to copy filtered resources.
2022-02-12 23:24:41,555 [Worker-145: Building] INFO  o.e.m.c.i.embedder.EclipseLogger - Copying 1 resource
2022-02-12 23:24:41,561 [Worker-145: Building] INFO  o.e.m.c.i.embedder.EclipseLogger - Copying 39 resources
2022-02-12 23:24:41,567 [Worker-145: Building] INFO  o.e.m.c.i.embedder.EclipseLogger - Using 'UTF-8' encoding to copy filtered resources.
2022-02-12 23:24:41,567 [Worker-145: Building] INFO  o.e.m.c.i.embedder.EclipseLogger - skip non existing resourceDirectory E:\Work\ideajava\GraduationProject\SecKill\SecKill\miaosha_1\src\test\resources
2022-02-12 23:30:12,262 [Worker-152: Building] INFO  o.e.m.c.i.embedder.EclipseLogger - Using 'UTF-8' encoding to copy filtered resources.
2022-02-12 23:30:12,268 [Worker-152: Building] INFO  o.e.m.c.i.embedder.EclipseLogger - Copying 1 resource
2022-02-12 23:30:12,274 [Worker-152: Building] INFO  o.e.m.c.i.embedder.EclipseLogger - Copying 39 resources
2022-02-12 23:30:12,280 [Worker-152: Building] INFO  o.e.m.c.i.embedder.EclipseLogger - Using 'UTF-8' encoding to copy filtered resources.
2022-02-12 23:30:12,280 [Worker-152: Building] INFO  o.e.m.c.i.embedder.EclipseLogger - skip non existing resourceDirectory E:\Work\ideajava\GraduationProject\SecKill\SecKill\miaosha_1\src\test\resources
2022-02-12 23:31:34,583 [Worker-1: Loading available Gradle versions] INFO  o.e.b.c.i.u.g.PublishedGradleVersions - Gradle version information cache is out-of-date. Trying to update.
2022-02-12 23:50:13,453 [Worker-23: Building] INFO  o.e.m.c.i.embedder.EclipseLogger - Using 'UTF-8' encoding to copy filtered resources.
2022-02-12 23:50:13,461 [Worker-23: Building] INFO  o.e.m.c.i.embedder.EclipseLogger - Copying 1 resource
2022-02-12 23:50:13,485 [Worker-23: Building] INFO  o.e.m.c.i.embedder.EclipseLogger - Copying 39 resources
2022-02-12 23:50:13,508 [Worker-23: Building] INFO  o.e.m.c.i.embedder.EclipseLogger - Using 'UTF-8' encoding to copy filtered resources.
2022-02-12 23:50:13,509 [Worker-23: Building] INFO  o.e.m.c.i.embedder.EclipseLogger - skip non existing resourceDirectory E:\Work\ideajava\GraduationProject\SecKill\SecKill\miaosha_1\src\test\resources
2022-02-13 00:01:34,882 [Worker-27: Launching MainApplication] INFO  o.e.m.c.i.embedder.EclipseLogger - Using 'UTF-8' encoding to copy filtered resources.
2022-02-13 00:01:34,886 [Worker-27: Launching MainApplication] INFO  o.e.m.c.i.embedder.EclipseLogger - Copying 0 resource
2022-02-13 00:01:34,887 [Worker-27: Launching MainApplication] INFO  o.e.m.c.i.embedder.EclipseLogger - Copying 1 resource
2022-02-13 00:01:34,893 [Worker-27: Launching MainApplication] INFO  o.e.m.c.i.embedder.EclipseLogger - Using 'UTF-8' encoding to copy filtered resources.
2022-02-13 00:01:34,893 [Worker-27: Launching MainApplication] INFO  o.e.m.c.i.embedder.EclipseLogger - skip non existing resourceDirectory E:\Work\ideajava\GraduationProject\SecKill\SecKill\miaosha_1\src\test\resources
2022-02-13 18:34:08,929 [Worker-0: Loading available Gradle versions] INFO  o.e.b.c.i.u.g.PublishedGradleVersions - Gradle version information cache is up-to-date. Trying to read.
2022-02-13 20:31:12,750 [Worker-54: Building] INFO  o.e.m.c.i.embedder.EclipseLogger - Using 'UTF-8' encoding to copy filtered resources.
2022-02-13 20:31:12,757 [Worker-54: Building] INFO  o.e.m.c.i.embedder.EclipseLogger - Copying 1 resource
2022-02-13 20:31:12,774 [Worker-54: Building] INFO  o.e.m.c.i.embedder.EclipseLogger - Copying 39 resources
2022-02-13 20:31:12,796 [Worker-54: Building] INFO  o.e.m.c.i.embedder.EclipseLogger - Using 'UTF-8' encoding to copy filtered resources.
2022-02-13 20:31:12,796 [Worker-54: Building] INFO  o.e.m.c.i.embedder.EclipseLogger - skip non existing resourceDirectory E:\Work\ideajava\GraduationProject\SecKill\SecKill\miaosha_1\src\test\resources
2022-02-13 21:30:49,153 [Worker-72: Building] INFO  o.e.m.c.i.embedder.EclipseLogger - Using 'UTF-8' encoding to copy filtered resources.
2022-02-13 21:30:49,173 [Worker-72: Building] INFO  o.e.m.c.i.embedder.EclipseLogger - Copying 1 resource
2022-02-13 21:30:49,187 [Worker-72: Building] INFO  o.e.m.c.i.embedder.EclipseLogger - Copying 39 resources
2022-02-13 21:30:49,202 [Worker-72: Building] INFO  o.e.m.c.i.embedder.EclipseLogger - Using 'UTF-8' encoding to copy filtered resources.
2022-02-13 21:30:49,202 [Worker-72: Building] INFO  o.e.m.c.i.embedder.EclipseLogger - skip non existing resourceDirectory E:\Work\ideajava\GraduationProject\SecKill\SecKill\miaosha_1\src\test\resources
2022-02-13 21:40:42,737 [Worker-70: Launching MainApplication] INFO  o.e.m.c.i.embedder.EclipseLogger - Using 'UTF-8' encoding to copy filtered resources.
2022-02-13 21:40:42,747 [Worker-70: Launching MainApplication] INFO  o.e.m.c.i.embedder.EclipseLogger - Copying 1 resource
2022-02-13 21:40:42,754 [Worker-70: Launching MainApplication] INFO  o.e.m.c.i.embedder.EclipseLogger - Copying 39 resources
2022-02-13 21:40:42,762 [Worker-70: Launching MainApplication] INFO  o.e.m.c.i.embedder.EclipseLogger - Using 'UTF-8' encoding to copy filtered resources.
2022-02-13 21:40:42,763 [Worker-70: Launching MainApplication] INFO  o.e.m.c.i.embedder.EclipseLogger - skip non existing resourceDirectory E:\Work\ideajava\GraduationProject\SecKill\SecKill\miaosha_1\src\test\resources
2022-02-13 21:51:05,321 [Worker-79: Updating Maven Dependencies] ERROR o.e.m.j.i.l.MavenLaunchConfigurationListener - Launch configuration DemoController references closed project miaosha_1
org.eclipse.core.runtime.CoreException: Launch configuration DemoController references closed project miaosha_1
	at org.eclipse.jdt.launching.JavaRuntime.abort(JavaRuntime.java:1843)
	at org.eclipse.jdt.launching.JavaRuntime.getJavaProject(JavaRuntime.java:1715)
	at org.eclipse.m2e.jdt.internal.launch.MavenLaunchConfigurationListener.updateLaunchConfiguration(MavenLaunchConfigurationListener.java:55)
	at org.eclipse.m2e.jdt.internal.launch.MavenLaunchConfigurationListener.launchConfigurationChanged(MavenLaunchConfigurationListener.java:40)
	at org.eclipse.debug.internal.core.LaunchManager$ConfigurationNotifier.run(LaunchManager.java:225)
	at org.eclipse.core.runtime.SafeRunner.run(SafeRunner.java:45)
	at org.eclipse.debug.internal.core.LaunchManager$ConfigurationNotifier.notify(LaunchManager.java:209)
	at org.eclipse.debug.internal.core.LaunchConfigurationWorkingCopy.setDirty(LaunchConfigurationWorkingCopy.java:521)
	at org.eclipse.debug.internal.core.LaunchConfigurationWorkingCopy.setAttribute(LaunchConfigurationWorkingCopy.java:409)
	at org.eclipse.m2e.jdt.internal.launch.MavenRuntimeClasspathProvider.disable(MavenRuntimeClasspathProvider.java:401)
	at org.eclipse.m2e.jdt.internal.launch.MavenRuntimeClasspathProvider.disable(MavenRuntimeClasspathProvider.java:427)
	at org.eclipse.m2e.jdt.internal.launch.MavenLaunchConfigurationListener.mavenProjectChanged(MavenLaunchConfigurationListener.java:72)
	at org.eclipse.m2e.core.internal.project.registry.ProjectRegistryManager.notifyProjectChangeListeners(ProjectRegistryManager.java:824)
	at org.eclipse.m2e.core.internal.project.registry.ProjectRegistryManager.applyMutableProjectRegistry(ProjectRegistryManager.java:990)
	at org.eclipse.m2e.core.internal.project.registry.ProjectRegistryRefreshJob.lambda$0(ProjectRegistryRefreshJob.java:149)
	at org.eclipse.m2e.core.internal.embedder.MavenExecutionContext.executeBare(MavenExecutionContext.java:179)
	at org.eclipse.m2e.core.internal.embedder.MavenExecutionContext.execute(MavenExecutionContext.java:153)
	at org.eclipse.m2e.core.internal.embedder.MavenExecutionContext.execute(MavenExecutionContext.java:101)
	at org.eclipse.m2e.core.internal.embedder.MavenImpl.execute(MavenImpl.java:1374)
	at org.eclipse.m2e.core.internal.project.registry.ProjectRegistryRefreshJob.run(ProjectRegistryRefreshJob.java:84)
	at org.eclipse.core.internal.jobs.Worker.run(Worker.java:63)
2022-02-13 21:51:05,325 [Worker-79: Updating Maven Dependencies] ERROR o.e.m.j.i.l.MavenLaunchConfigurationListener - Launch configuration DemoController references closed project miaosha_1
org.eclipse.core.runtime.CoreException: Launch configuration DemoController references closed project miaosha_1
	at org.eclipse.jdt.launching.JavaRuntime.abort(JavaRuntime.java:1843)
	at org.eclipse.jdt.launching.JavaRuntime.getJavaProject(JavaRuntime.java:1715)
	at org.eclipse.m2e.jdt.internal.launch.MavenLaunchConfigurationListener.updateLaunchConfiguration(MavenLaunchConfigurationListener.java:55)
	at org.eclipse.m2e.jdt.internal.launch.MavenLaunchConfigurationListener.launchConfigurationChanged(MavenLaunchConfigurationListener.java:40)
	at org.eclipse.debug.internal.core.LaunchManager$ConfigurationNotifier.run(LaunchManager.java:225)
	at org.eclipse.core.runtime.SafeRunner.run(SafeRunner.java:45)
	at org.eclipse.debug.internal.core.LaunchManager$ConfigurationNotifier.notify(LaunchManager.java:209)
	at org.eclipse.debug.internal.core.LaunchConfigurationWorkingCopy.setDirty(LaunchConfigurationWorkingCopy.java:521)
	at org.eclipse.debug.internal.core.LaunchConfigurationWorkingCopy.setAttribute(LaunchConfigurationWorkingCopy.java:409)
	at org.eclipse.m2e.jdt.internal.launch.MavenRuntimeClasspathProvider.disable(MavenRuntimeClasspathProvider.java:402)
	at org.eclipse.m2e.jdt.internal.launch.MavenRuntimeClasspathProvider.disable(MavenRuntimeClasspathProvider.java:427)
	at org.eclipse.m2e.jdt.internal.launch.MavenLaunchConfigurationListener.mavenProjectChanged(MavenLaunchConfigurationListener.java:72)
	at org.eclipse.m2e.core.internal.project.registry.ProjectRegistryManager.notifyProjectChangeListeners(ProjectRegistryManager.java:824)
	at org.eclipse.m2e.core.internal.project.registry.ProjectRegistryManager.applyMutableProjectRegistry(ProjectRegistryManager.java:990)
	at org.eclipse.m2e.core.internal.project.registry.ProjectRegistryRefreshJob.lambda$0(ProjectRegistryRefreshJob.java:149)
	at org.eclipse.m2e.core.internal.embedder.MavenExecutionContext.executeBare(MavenExecutionContext.java:179)
	at org.eclipse.m2e.core.internal.embedder.MavenExecutionContext.execute(MavenExecutionContext.java:153)
	at org.eclipse.m2e.core.internal.embedder.MavenExecutionContext.execute(MavenExecutionContext.java:101)
	at org.eclipse.m2e.core.internal.embedder.MavenImpl.execute(MavenImpl.java:1374)
	at org.eclipse.m2e.core.internal.project.registry.ProjectRegistryRefreshJob.run(ProjectRegistryRefreshJob.java:84)
	at org.eclipse.core.internal.jobs.Worker.run(Worker.java:63)
2022-02-13 21:51:05,330 [Worker-79: Updating Maven Dependencies] ERROR o.e.m.j.i.l.MavenLaunchConfigurationListener - Launch configuration DemoController references closed project miaosha_1
org.eclipse.core.runtime.CoreException: Launch configuration DemoController references closed project miaosha_1
	at org.eclipse.jdt.launching.JavaRuntime.abort(JavaRuntime.java:1843)
	at org.eclipse.jdt.launching.JavaRuntime.getJavaProject(JavaRuntime.java:1715)
	at org.eclipse.m2e.jdt.internal.launch.MavenLaunchConfigurationListener.updateLaunchConfiguration(MavenLaunchConfigurationListener.java:55)
	at org.eclipse.m2e.jdt.internal.launch.MavenLaunchConfigurationListener.launchConfigurationChanged(MavenLaunchConfigurationListener.java:40)
	at org.eclipse.debug.internal.core.LaunchManager$ConfigurationNotifier.run(LaunchManager.java:225)
	at org.eclipse.core.runtime.SafeRunner.run(SafeRunner.java:45)
	at org.eclipse.debug.internal.core.LaunchManager$ConfigurationNotifier.notify(LaunchManager.java:209)
	at org.eclipse.debug.internal.core.LaunchManager.launchConfigurationChanged(LaunchManager.java:2132)
	at org.eclipse.debug.internal.core.LaunchConfigurationWorkingCopy.writeNewFile(LaunchConfigurationWorkingCopy.java:374)
	at org.eclipse.debug.internal.core.LaunchConfigurationWorkingCopy.doSave0(LaunchConfigurationWorkingCopy.java:257)
	at org.eclipse.debug.internal.core.LaunchConfigurationWorkingCopy.doSave(LaunchConfigurationWorkingCopy.java:227)
	at org.eclipse.debug.internal.core.LaunchConfigurationWorkingCopy.doSave(LaunchConfigurationWorkingCopy.java:185)
	at org.eclipse.m2e.jdt.internal.launch.MavenRuntimeClasspathProvider.disable(MavenRuntimeClasspathProvider.java:403)
	at org.eclipse.m2e.jdt.internal.launch.MavenRuntimeClasspathProvider.disable(MavenRuntimeClasspathProvider.java:427)
	at org.eclipse.m2e.jdt.internal.launch.MavenLaunchConfigurationListener.mavenProjectChanged(MavenLaunchConfigurationListener.java:72)
	at org.eclipse.m2e.core.internal.project.registry.ProjectRegistryManager.notifyProjectChangeListeners(ProjectRegistryManager.java:824)
	at org.eclipse.m2e.core.internal.project.registry.ProjectRegistryManager.applyMutableProjectRegistry(ProjectRegistryManager.java:990)
	at org.eclipse.m2e.core.internal.project.registry.ProjectRegistryRefreshJob.lambda$0(ProjectRegistryRefreshJob.java:149)
	at org.eclipse.m2e.core.internal.embedder.MavenExecutionContext.executeBare(MavenExecutionContext.java:179)
	at org.eclipse.m2e.core.internal.embedder.MavenExecutionContext.execute(MavenExecutionContext.java:153)
	at org.eclipse.m2e.core.internal.embedder.MavenExecutionContext.execute(MavenExecutionContext.java:101)
	at org.eclipse.m2e.core.internal.embedder.MavenImpl.execute(MavenImpl.java:1374)
	at org.eclipse.m2e.core.internal.project.registry.ProjectRegistryRefreshJob.run(ProjectRegistryRefreshJob.java:84)
	at org.eclipse.core.internal.jobs.Worker.run(Worker.java:63)
2022-02-13 21:51:05,331 [Worker-79: Updating Maven Dependencies] ERROR o.e.m.j.i.l.MavenLaunchConfigurationListener - Launch configuration MainApplication references closed project miaosha_1
org.eclipse.core.runtime.CoreException: Launch configuration MainApplication references closed project miaosha_1
	at org.eclipse.jdt.launching.JavaRuntime.abort(JavaRuntime.java:1843)
	at org.eclipse.jdt.launching.JavaRuntime.getJavaProject(JavaRuntime.java:1715)
	at org.eclipse.m2e.jdt.internal.launch.MavenLaunchConfigurationListener.updateLaunchConfiguration(MavenLaunchConfigurationListener.java:55)
	at org.eclipse.m2e.jdt.internal.launch.MavenLaunchConfigurationListener.launchConfigurationChanged(MavenLaunchConfigurationListener.java:40)
	at org.eclipse.debug.internal.core.LaunchManager$ConfigurationNotifier.run(LaunchManager.java:225)
	at org.eclipse.core.runtime.SafeRunner.run(SafeRunner.java:45)
	at org.eclipse.debug.internal.core.LaunchManager$ConfigurationNotifier.notify(LaunchManager.java:209)
	at org.eclipse.debug.internal.core.LaunchConfigurationWorkingCopy.setDirty(LaunchConfigurationWorkingCopy.java:521)
	at org.eclipse.debug.internal.core.LaunchConfigurationWorkingCopy.setAttribute(LaunchConfigurationWorkingCopy.java:409)
	at org.eclipse.m2e.jdt.internal.launch.MavenRuntimeClasspathProvider.disable(MavenRuntimeClasspathProvider.java:401)
	at org.eclipse.m2e.jdt.internal.launch.MavenRuntimeClasspathProvider.disable(MavenRuntimeClasspathProvider.java:427)
	at org.eclipse.m2e.jdt.internal.launch.MavenLaunchConfigurationListener.mavenProjectChanged(MavenLaunchConfigurationListener.java:72)
	at org.eclipse.m2e.core.internal.project.registry.ProjectRegistryManager.notifyProjectChangeListeners(ProjectRegistryManager.java:824)
	at org.eclipse.m2e.core.internal.project.registry.ProjectRegistryManager.applyMutableProjectRegistry(ProjectRegistryManager.java:990)
	at org.eclipse.m2e.core.internal.project.registry.ProjectRegistryRefreshJob.lambda$0(ProjectRegistryRefreshJob.java:149)
	at org.eclipse.m2e.core.internal.embedder.MavenExecutionContext.executeBare(MavenExecutionContext.java:179)
	at org.eclipse.m2e.core.internal.embedder.MavenExecutionContext.execute(MavenExecutionContext.java:153)
	at org.eclipse.m2e.core.internal.embedder.MavenExecutionContext.execute(MavenExecutionContext.java:101)
	at org.eclipse.m2e.core.internal.embedder.MavenImpl.execute(MavenImpl.java:1374)
	at org.eclipse.m2e.core.internal.project.registry.ProjectRegistryRefreshJob.run(ProjectRegistryRefreshJob.java:84)
	at org.eclipse.core.internal.jobs.Worker.run(Worker.java:63)
2022-02-13 21:51:05,331 [Worker-79: Updating Maven Dependencies] ERROR o.e.m.j.i.l.MavenLaunchConfigurationListener - Launch configuration MainApplication references closed project miaosha_1
org.eclipse.core.runtime.CoreException: Launch configuration MainApplication references closed project miaosha_1
	at org.eclipse.jdt.launching.JavaRuntime.abort(JavaRuntime.java:1843)
	at org.eclipse.jdt.launching.JavaRuntime.getJavaProject(JavaRuntime.java:1715)
	at org.eclipse.m2e.jdt.internal.launch.MavenLaunchConfigurationListener.updateLaunchConfiguration(MavenLaunchConfigurationListener.java:55)
	at org.eclipse.m2e.jdt.internal.launch.MavenLaunchConfigurationListener.launchConfigurationChanged(MavenLaunchConfigurationListener.java:40)
	at org.eclipse.debug.internal.core.LaunchManager$ConfigurationNotifier.run(LaunchManager.java:225)
	at org.eclipse.core.runtime.SafeRunner.run(SafeRunner.java:45)
	at org.eclipse.debug.internal.core.LaunchManager$ConfigurationNotifier.notify(LaunchManager.java:209)
	at org.eclipse.debug.internal.core.LaunchConfigurationWorkingCopy.setDirty(LaunchConfigurationWorkingCopy.java:521)
	at org.eclipse.debug.internal.core.LaunchConfigurationWorkingCopy.setAttribute(LaunchConfigurationWorkingCopy.java:409)
	at org.eclipse.m2e.jdt.internal.launch.MavenRuntimeClasspathProvider.disable(MavenRuntimeClasspathProvider.java:402)
	at org.eclipse.m2e.jdt.internal.launch.MavenRuntimeClasspathProvider.disable(MavenRuntimeClasspathProvider.java:427)
	at org.eclipse.m2e.jdt.internal.launch.MavenLaunchConfigurationListener.mavenProjectChanged(MavenLaunchConfigurationListener.java:72)
	at org.eclipse.m2e.core.internal.project.registry.ProjectRegistryManager.notifyProjectChangeListeners(ProjectRegistryManager.java:824)
	at org.eclipse.m2e.core.internal.project.registry.ProjectRegistryManager.applyMutableProjectRegistry(ProjectRegistryManager.java:990)
	at org.eclipse.m2e.core.internal.project.registry.ProjectRegistryRefreshJob.lambda$0(ProjectRegistryRefreshJob.java:149)
	at org.eclipse.m2e.core.internal.embedder.MavenExecutionContext.executeBare(MavenExecutionContext.java:179)
	at org.eclipse.m2e.core.internal.embedder.MavenExecutionContext.execute(MavenExecutionContext.java:153)
	at org.eclipse.m2e.core.internal.embedder.MavenExecutionContext.execute(MavenExecutionContext.java:101)
	at org.eclipse.m2e.core.internal.embedder.MavenImpl.execute(MavenImpl.java:1374)
	at org.eclipse.m2e.core.internal.project.registry.ProjectRegistryRefreshJob.run(ProjectRegistryRefreshJob.java:84)
	at org.eclipse.core.internal.jobs.Worker.run(Worker.java:63)
2022-02-13 21:51:05,335 [Worker-79: Updating Maven Dependencies] ERROR o.e.m.j.i.l.MavenLaunchConfigurationListener - Launch configuration MainApplication references closed project miaosha_1
org.eclipse.core.runtime.CoreException: Launch configuration MainApplication references closed project miaosha_1
	at org.eclipse.jdt.launching.JavaRuntime.abort(JavaRuntime.java:1843)
	at org.eclipse.jdt.launching.JavaRuntime.getJavaProject(JavaRuntime.java:1715)
	at org.eclipse.m2e.jdt.internal.launch.MavenLaunchConfigurationListener.updateLaunchConfiguration(MavenLaunchConfigurationListener.java:55)
	at org.eclipse.m2e.jdt.internal.launch.MavenLaunchConfigurationListener.launchConfigurationChanged(MavenLaunchConfigurationListener.java:40)
	at org.eclipse.debug.internal.core.LaunchManager$ConfigurationNotifier.run(LaunchManager.java:225)
	at org.eclipse.core.runtime.SafeRunner.run(SafeRunner.java:45)
	at org.eclipse.debug.internal.core.LaunchManager$ConfigurationNotifier.notify(LaunchManager.java:209)
	at org.eclipse.debug.internal.core.LaunchManager.launchConfigurationChanged(LaunchManager.java:2132)
	at org.eclipse.debug.internal.core.LaunchConfigurationWorkingCopy.writeNewFile(LaunchConfigurationWorkingCopy.java:374)
	at org.eclipse.debug.internal.core.LaunchConfigurationWorkingCopy.doSave0(LaunchConfigurationWorkingCopy.java:257)
	at org.eclipse.debug.internal.core.LaunchConfigurationWorkingCopy.doSave(LaunchConfigurationWorkingCopy.java:227)
	at org.eclipse.debug.internal.core.LaunchConfigurationWorkingCopy.doSave(LaunchConfigurationWorkingCopy.java:185)
	at org.eclipse.m2e.jdt.internal.launch.MavenRuntimeClasspathProvider.disable(MavenRuntimeClasspathProvider.java:403)
	at org.eclipse.m2e.jdt.internal.launch.MavenRuntimeClasspathProvider.disable(MavenRuntimeClasspathProvider.java:427)
	at org.eclipse.m2e.jdt.internal.launch.MavenLaunchConfigurationListener.mavenProjectChanged(MavenLaunchConfigurationListener.java:72)
	at org.eclipse.m2e.core.internal.project.registry.ProjectRegistryManager.notifyProjectChangeListeners(ProjectRegistryManager.java:824)
	at org.eclipse.m2e.core.internal.project.registry.ProjectRegistryManager.applyMutableProjectRegistry(ProjectRegistryManager.java:990)
	at org.eclipse.m2e.core.internal.project.registry.ProjectRegistryRefreshJob.lambda$0(ProjectRegistryRefreshJob.java:149)
	at org.eclipse.m2e.core.internal.embedder.MavenExecutionContext.executeBare(MavenExecutionContext.java:179)
	at org.eclipse.m2e.core.internal.embedder.MavenExecutionContext.execute(MavenExecutionContext.java:153)
	at org.eclipse.m2e.core.internal.embedder.MavenExecutionContext.execute(MavenExecutionContext.java:101)
	at org.eclipse.m2e.core.internal.embedder.MavenImpl.execute(MavenImpl.java:1374)
	at org.eclipse.m2e.core.internal.project.registry.ProjectRegistryRefreshJob.run(ProjectRegistryRefreshJob.java:84)
	at org.eclipse.core.internal.jobs.Worker.run(Worker.java:63)
2022-02-13 21:51:05,336 [Worker-79: Updating Maven Dependencies] ERROR o.e.m.j.i.l.MavenLaunchConfigurationListener - Launch configuration MD5Util references closed project miaosha_1
org.eclipse.core.runtime.CoreException: Launch configuration MD5Util references closed project miaosha_1
	at org.eclipse.jdt.launching.JavaRuntime.abort(JavaRuntime.java:1843)
	at org.eclipse.jdt.launching.JavaRuntime.getJavaProject(JavaRuntime.java:1715)
	at org.eclipse.m2e.jdt.internal.launch.MavenLaunchConfigurationListener.updateLaunchConfiguration(MavenLaunchConfigurationListener.java:55)
	at org.eclipse.m2e.jdt.internal.launch.MavenLaunchConfigurationListener.launchConfigurationChanged(MavenLaunchConfigurationListener.java:40)
	at org.eclipse.debug.internal.core.LaunchManager$ConfigurationNotifier.run(LaunchManager.java:225)
	at org.eclipse.core.runtime.SafeRunner.run(SafeRunner.java:45)
	at org.eclipse.debug.internal.core.LaunchManager$ConfigurationNotifier.notify(LaunchManager.java:209)
	at org.eclipse.debug.internal.core.LaunchConfigurationWorkingCopy.setDirty(LaunchConfigurationWorkingCopy.java:521)
	at org.eclipse.debug.internal.core.LaunchConfigurationWorkingCopy.setAttribute(LaunchConfigurationWorkingCopy.java:409)
	at org.eclipse.m2e.jdt.internal.launch.MavenRuntimeClasspathProvider.disable(MavenRuntimeClasspathProvider.java:401)
	at org.eclipse.m2e.jdt.internal.launch.MavenRuntimeClasspathProvider.disable(MavenRuntimeClasspathProvider.java:427)
	at org.eclipse.m2e.jdt.internal.launch.MavenLaunchConfigurationListener.mavenProjectChanged(MavenLaunchConfigurationListener.java:72)
	at org.eclipse.m2e.core.internal.project.registry.ProjectRegistryManager.notifyProjectChangeListeners(ProjectRegistryManager.java:824)
	at org.eclipse.m2e.core.internal.project.registry.ProjectRegistryManager.applyMutableProjectRegistry(ProjectRegistryManager.java:990)
	at org.eclipse.m2e.core.internal.project.registry.ProjectRegistryRefreshJob.lambda$0(ProjectRegistryRefreshJob.java:149)
	at org.eclipse.m2e.core.internal.embedder.MavenExecutionContext.executeBare(MavenExecutionContext.java:179)
	at org.eclipse.m2e.core.internal.embedder.MavenExecutionContext.execute(MavenExecutionContext.java:153)
	at org.eclipse.m2e.core.internal.embedder.MavenExecutionContext.execute(MavenExecutionContext.java:101)
	at org.eclipse.m2e.core.internal.embedder.MavenImpl.execute(MavenImpl.java:1374)
	at org.eclipse.m2e.core.internal.project.registry.ProjectRegistryRefreshJob.run(ProjectRegistryRefreshJob.java:84)
	at org.eclipse.core.internal.jobs.Worker.run(Worker.java:63)
2022-02-13 21:51:05,337 [Worker-79: Updating Maven Dependencies] ERROR o.e.m.j.i.l.MavenLaunchConfigurationListener - Launch configuration MD5Util references closed project miaosha_1
org.eclipse.core.runtime.CoreException: Launch configuration MD5Util references closed project miaosha_1
	at org.eclipse.jdt.launching.JavaRuntime.abort(JavaRuntime.java:1843)
	at org.eclipse.jdt.launching.JavaRuntime.getJavaProject(JavaRuntime.java:1715)
	at org.eclipse.m2e.jdt.internal.launch.MavenLaunchConfigurationListener.updateLaunchConfiguration(MavenLaunchConfigurationListener.java:55)
	at org.eclipse.m2e.jdt.internal.launch.MavenLaunchConfigurationListener.launchConfigurationChanged(MavenLaunchConfigurationListener.java:40)
	at org.eclipse.debug.internal.core.LaunchManager$ConfigurationNotifier.run(LaunchManager.java:225)
	at org.eclipse.core.runtime.SafeRunner.run(SafeRunner.java:45)
	at org.eclipse.debug.internal.core.LaunchManager$ConfigurationNotifier.notify(LaunchManager.java:209)
	at org.eclipse.debug.internal.core.LaunchConfigurationWorkingCopy.setDirty(LaunchConfigurationWorkingCopy.java:521)
	at org.eclipse.debug.internal.core.LaunchConfigurationWorkingCopy.setAttribute(LaunchConfigurationWorkingCopy.java:409)
	at org.eclipse.m2e.jdt.internal.launch.MavenRuntimeClasspathProvider.disable(MavenRuntimeClasspathProvider.java:402)
	at org.eclipse.m2e.jdt.internal.launch.MavenRuntimeClasspathProvider.disable(MavenRuntimeClasspathProvider.java:427)
	at org.eclipse.m2e.jdt.internal.launch.MavenLaunchConfigurationListener.mavenProjectChanged(MavenLaunchConfigurationListener.java:72)
	at org.eclipse.m2e.core.internal.project.registry.ProjectRegistryManager.notifyProjectChangeListeners(ProjectRegistryManager.java:824)
	at org.eclipse.m2e.core.internal.project.registry.ProjectRegistryManager.applyMutableProjectRegistry(ProjectRegistryManager.java:990)
	at org.eclipse.m2e.core.internal.project.registry.ProjectRegistryRefreshJob.lambda$0(ProjectRegistryRefreshJob.java:149)
	at org.eclipse.m2e.core.internal.embedder.MavenExecutionContext.executeBare(MavenExecutionContext.java:179)
	at org.eclipse.m2e.core.internal.embedder.MavenExecutionContext.execute(MavenExecutionContext.java:153)
	at org.eclipse.m2e.core.internal.embedder.MavenExecutionContext.execute(MavenExecutionContext.java:101)
	at org.eclipse.m2e.core.internal.embedder.MavenImpl.execute(MavenImpl.java:1374)
	at org.eclipse.m2e.core.internal.project.registry.ProjectRegistryRefreshJob.run(ProjectRegistryRefreshJob.java:84)
	at org.eclipse.core.internal.jobs.Worker.run(Worker.java:63)
2022-02-13 21:51:05,340 [Worker-79: Updating Maven Dependencies] ERROR o.e.m.j.i.l.MavenLaunchConfigurationListener - Launch configuration MD5Util references closed project miaosha_1
org.eclipse.core.runtime.CoreException: Launch configuration MD5Util references closed project miaosha_1
	at org.eclipse.jdt.launching.JavaRuntime.abort(JavaRuntime.java:1843)
	at org.eclipse.jdt.launching.JavaRuntime.getJavaProject(JavaRuntime.java:1715)
	at org.eclipse.m2e.jdt.internal.launch.MavenLaunchConfigurationListener.updateLaunchConfiguration(MavenLaunchConfigurationListener.java:55)
	at org.eclipse.m2e.jdt.internal.launch.MavenLaunchConfigurationListener.launchConfigurationChanged(MavenLaunchConfigurationListener.java:40)
	at org.eclipse.debug.internal.core.LaunchManager$ConfigurationNotifier.run(LaunchManager.java:225)
	at org.eclipse.core.runtime.SafeRunner.run(SafeRunner.java:45)
	at org.eclipse.debug.internal.core.LaunchManager$ConfigurationNotifier.notify(LaunchManager.java:209)
	at org.eclipse.debug.internal.core.LaunchManager.launchConfigurationChanged(LaunchManager.java:2132)
	at org.eclipse.debug.internal.core.LaunchConfigurationWorkingCopy.writeNewFile(LaunchConfigurationWorkingCopy.java:374)
	at org.eclipse.debug.internal.core.LaunchConfigurationWorkingCopy.doSave0(LaunchConfigurationWorkingCopy.java:257)
	at org.eclipse.debug.internal.core.LaunchConfigurationWorkingCopy.doSave(LaunchConfigurationWorkingCopy.java:227)
	at org.eclipse.debug.internal.core.LaunchConfigurationWorkingCopy.doSave(LaunchConfigurationWorkingCopy.java:185)
	at org.eclipse.m2e.jdt.internal.launch.MavenRuntimeClasspathProvider.disable(MavenRuntimeClasspathProvider.java:403)
	at org.eclipse.m2e.jdt.internal.launch.MavenRuntimeClasspathProvider.disable(MavenRuntimeClasspathProvider.java:427)
	at org.eclipse.m2e.jdt.internal.launch.MavenLaunchConfigurationListener.mavenProjectChanged(MavenLaunchConfigurationListener.java:72)
	at org.eclipse.m2e.core.internal.project.registry.ProjectRegistryManager.notifyProjectChangeListeners(ProjectRegistryManager.java:824)
	at org.eclipse.m2e.core.internal.project.registry.ProjectRegistryManager.applyMutableProjectRegistry(ProjectRegistryManager.java:990)
	at org.eclipse.m2e.core.internal.project.registry.ProjectRegistryRefreshJob.lambda$0(ProjectRegistryRefreshJob.java:149)
	at org.eclipse.m2e.core.internal.embedder.MavenExecutionContext.executeBare(MavenExecutionContext.java:179)
	at org.eclipse.m2e.core.internal.embedder.MavenExecutionContext.execute(MavenExecutionContext.java:153)
	at org.eclipse.m2e.core.internal.embedder.MavenExecutionContext.execute(MavenExecutionContext.java:101)
	at org.eclipse.m2e.core.internal.embedder.MavenImpl.execute(MavenImpl.java:1374)
	at org.eclipse.m2e.core.internal.project.registry.ProjectRegistryRefreshJob.run(ProjectRegistryRefreshJob.java:84)
	at org.eclipse.core.internal.jobs.Worker.run(Worker.java:63)
2022-02-13 21:51:05,341 [Worker-79: Updating Maven Dependencies] ERROR o.e.m.j.i.l.MavenLaunchConfigurationListener - Launch configuration ValidatorUtil references closed project miaosha_1
org.eclipse.core.runtime.CoreException: Launch configuration ValidatorUtil references closed project miaosha_1
	at org.eclipse.jdt.launching.JavaRuntime.abort(JavaRuntime.java:1843)
	at org.eclipse.jdt.launching.JavaRuntime.getJavaProject(JavaRuntime.java:1715)
	at org.eclipse.m2e.jdt.internal.launch.MavenLaunchConfigurationListener.updateLaunchConfiguration(MavenLaunchConfigurationListener.java:55)
	at org.eclipse.m2e.jdt.internal.launch.MavenLaunchConfigurationListener.launchConfigurationChanged(MavenLaunchConfigurationListener.java:40)
	at org.eclipse.debug.internal.core.LaunchManager$ConfigurationNotifier.run(LaunchManager.java:225)
	at org.eclipse.core.runtime.SafeRunner.run(SafeRunner.java:45)
	at org.eclipse.debug.internal.core.LaunchManager$ConfigurationNotifier.notify(LaunchManager.java:209)
	at org.eclipse.debug.internal.core.LaunchConfigurationWorkingCopy.setDirty(LaunchConfigurationWorkingCopy.java:521)
	at org.eclipse.debug.internal.core.LaunchConfigurationWorkingCopy.setAttribute(LaunchConfigurationWorkingCopy.java:409)
	at org.eclipse.m2e.jdt.internal.launch.MavenRuntimeClasspathProvider.disable(MavenRuntimeClasspathProvider.java:401)
	at org.eclipse.m2e.jdt.internal.launch.MavenRuntimeClasspathProvider.disable(MavenRuntimeClasspathProvider.java:427)
	at org.eclipse.m2e.jdt.internal.launch.MavenLaunchConfigurationListener.mavenProjectChanged(MavenLaunchConfigurationListener.java:72)
	at org.eclipse.m2e.core.internal.project.registry.ProjectRegistryManager.notifyProjectChangeListeners(ProjectRegistryManager.java:824)
	at org.eclipse.m2e.core.internal.project.registry.ProjectRegistryManager.applyMutableProjectRegistry(ProjectRegistryManager.java:990)
	at org.eclipse.m2e.core.internal.project.registry.ProjectRegistryRefreshJob.lambda$0(ProjectRegistryRefreshJob.java:149)
	at org.eclipse.m2e.core.internal.embedder.MavenExecutionContext.executeBare(MavenExecutionContext.java:179)
	at org.eclipse.m2e.core.internal.embedder.MavenExecutionContext.execute(MavenExecutionContext.java:153)
	at org.eclipse.m2e.core.internal.embedder.MavenExecutionContext.execute(MavenExecutionContext.java:101)
	at org.eclipse.m2e.core.internal.embedder.MavenImpl.execute(MavenImpl.java:1374)
	at org.eclipse.m2e.core.internal.project.registry.ProjectRegistryRefreshJob.run(ProjectRegistryRefreshJob.java:84)
	at org.eclipse.core.internal.jobs.Worker.run(Worker.java:63)
2022-02-13 21:51:05,341 [Worker-79: Updating Maven Dependencies] ERROR o.e.m.j.i.l.MavenLaunchConfigurationListener - Launch configuration ValidatorUtil references closed project miaosha_1
org.eclipse.core.runtime.CoreException: Launch configuration ValidatorUtil references closed project miaosha_1
	at org.eclipse.jdt.launching.JavaRuntime.abort(JavaRuntime.java:1843)
	at org.eclipse.jdt.launching.JavaRuntime.getJavaProject(JavaRuntime.java:1715)
	at org.eclipse.m2e.jdt.internal.launch.MavenLaunchConfigurationListener.updateLaunchConfiguration(MavenLaunchConfigurationListener.java:55)
	at org.eclipse.m2e.jdt.internal.launch.MavenLaunchConfigurationListener.launchConfigurationChanged(MavenLaunchConfigurationListener.java:40)
	at org.eclipse.debug.internal.core.LaunchManager$ConfigurationNotifier.run(LaunchManager.java:225)
	at org.eclipse.core.runtime.SafeRunner.run(SafeRunner.java:45)
	at org.eclipse.debug.internal.core.LaunchManager$ConfigurationNotifier.notify(LaunchManager.java:209)
	at org.eclipse.debug.internal.core.LaunchConfigurationWorkingCopy.setDirty(LaunchConfigurationWorkingCopy.java:521)
	at org.eclipse.debug.internal.core.LaunchConfigurationWorkingCopy.setAttribute(LaunchConfigurationWorkingCopy.java:409)
	at org.eclipse.m2e.jdt.internal.launch.MavenRuntimeClasspathProvider.disable(MavenRuntimeClasspathProvider.java:402)
	at org.eclipse.m2e.jdt.internal.launch.MavenRuntimeClasspathProvider.disable(MavenRuntimeClasspathProvider.java:427)
	at org.eclipse.m2e.jdt.internal.launch.MavenLaunchConfigurationListener.mavenProjectChanged(MavenLaunchConfigurationListener.java:72)
	at org.eclipse.m2e.core.internal.project.registry.ProjectRegistryManager.notifyProjectChangeListeners(ProjectRegistryManager.java:824)
	at org.eclipse.m2e.core.internal.project.registry.ProjectRegistryManager.applyMutableProjectRegistry(ProjectRegistryManager.java:990)
	at org.eclipse.m2e.core.internal.project.registry.ProjectRegistryRefreshJob.lambda$0(ProjectRegistryRefreshJob.java:149)
	at org.eclipse.m2e.core.internal.embedder.MavenExecutionContext.executeBare(MavenExecutionContext.java:179)
	at org.eclipse.m2e.core.internal.embedder.MavenExecutionContext.execute(MavenExecutionContext.java:153)
	at org.eclipse.m2e.core.internal.embedder.MavenExecutionContext.execute(MavenExecutionContext.java:101)
	at org.eclipse.m2e.core.internal.embedder.MavenImpl.execute(MavenImpl.java:1374)
	at org.eclipse.m2e.core.internal.project.registry.ProjectRegistryRefreshJob.run(ProjectRegistryRefreshJob.java:84)
	at org.eclipse.core.internal.jobs.Worker.run(Worker.java:63)
2022-02-13 21:51:05,344 [Worker-79: Updating Maven Dependencies] ERROR o.e.m.j.i.l.MavenLaunchConfigurationListener - Launch configuration ValidatorUtil references closed project miaosha_1
org.eclipse.core.runtime.CoreException: Launch configuration ValidatorUtil references closed project miaosha_1
	at org.eclipse.jdt.launching.JavaRuntime.abort(JavaRuntime.java:1843)
	at org.eclipse.jdt.launching.JavaRuntime.getJavaProject(JavaRuntime.java:1715)
	at org.eclipse.m2e.jdt.internal.launch.MavenLaunchConfigurationListener.updateLaunchConfiguration(MavenLaunchConfigurationListener.java:55)
	at org.eclipse.m2e.jdt.internal.launch.MavenLaunchConfigurationListener.launchConfigurationChanged(MavenLaunchConfigurationListener.java:40)
	at org.eclipse.debug.internal.core.LaunchManager$ConfigurationNotifier.run(LaunchManager.java:225)
	at org.eclipse.core.runtime.SafeRunner.run(SafeRunner.java:45)
	at org.eclipse.debug.internal.core.LaunchManager$ConfigurationNotifier.notify(LaunchManager.java:209)
	at org.eclipse.debug.internal.core.LaunchManager.launchConfigurationChanged(LaunchManager.java:2132)
	at org.eclipse.debug.internal.core.LaunchConfigurationWorkingCopy.writeNewFile(LaunchConfigurationWorkingCopy.java:374)
	at org.eclipse.debug.internal.core.LaunchConfigurationWorkingCopy.doSave0(LaunchConfigurationWorkingCopy.java:257)
	at org.eclipse.debug.internal.core.LaunchConfigurationWorkingCopy.doSave(LaunchConfigurationWorkingCopy.java:227)
	at org.eclipse.debug.internal.core.LaunchConfigurationWorkingCopy.doSave(LaunchConfigurationWorkingCopy.java:185)
	at org.eclipse.m2e.jdt.internal.launch.MavenRuntimeClasspathProvider.disable(MavenRuntimeClasspathProvider.java:403)
	at org.eclipse.m2e.jdt.internal.launch.MavenRuntimeClasspathProvider.disable(MavenRuntimeClasspathProvider.java:427)
	at org.eclipse.m2e.jdt.internal.launch.MavenLaunchConfigurationListener.mavenProjectChanged(MavenLaunchConfigurationListener.java:72)
	at org.eclipse.m2e.core.internal.project.registry.ProjectRegistryManager.notifyProjectChangeListeners(ProjectRegistryManager.java:824)
	at org.eclipse.m2e.core.internal.project.registry.ProjectRegistryManager.applyMutableProjectRegistry(ProjectRegistryManager.java:990)
	at org.eclipse.m2e.core.internal.project.registry.ProjectRegistryRefreshJob.lambda$0(ProjectRegistryRefreshJob.java:149)
	at org.eclipse.m2e.core.internal.embedder.MavenExecutionContext.executeBare(MavenExecutionContext.java:179)
	at org.eclipse.m2e.core.internal.embedder.MavenExecutionContext.execute(MavenExecutionContext.java:153)
	at org.eclipse.m2e.core.internal.embedder.MavenExecutionContext.execute(MavenExecutionContext.java:101)
	at org.eclipse.m2e.core.internal.embedder.MavenImpl.execute(MavenImpl.java:1374)
	at org.eclipse.m2e.core.internal.project.registry.ProjectRegistryRefreshJob.run(ProjectRegistryRefreshJob.java:84)
	at org.eclipse.core.internal.jobs.Worker.run(Worker.java:63)
2022-02-13 21:51:20,477 [Worker-84: Updating Maven Dependencies] INFO  o.e.m.c.i.l.LifecycleMappingFactory - Using org.eclipse.m2e.jdt.JarLifecycleMapping lifecycle mapping for MavenProject: com.kirin:miaosha_1:0.0.1-SNAPSHOT @ E:\Work\ideajava\GraduationProject\SecKill\SecKill\miaosha_1\pom.xml.
2022-02-13 21:51:21,936 [Worker-83: Building] INFO  o.e.m.c.i.embedder.EclipseLogger - Using 'UTF-8' encoding to copy filtered resources.
2022-02-13 21:51:21,937 [Worker-83: Building] INFO  o.e.m.c.i.embedder.EclipseLogger - Copying 1 resource
2022-02-13 21:51:21,953 [Worker-83: Building] INFO  o.e.m.c.i.embedder.EclipseLogger - Copying 39 resources
2022-02-13 21:51:21,962 [Worker-83: Building] INFO  o.e.m.c.i.embedder.EclipseLogger - Using 'UTF-8' encoding to copy filtered resources.
2022-02-13 21:51:21,963 [Worker-83: Building] INFO  o.e.m.c.i.embedder.EclipseLogger - skip non existing resourceDirectory E:\Work\ideajava\GraduationProject\SecKill\SecKill\miaosha_1\src\test\resources
2022-02-13 21:51:24,338 [Worker-84: Building] INFO  o.e.m.c.i.l.LifecycleMappingFactory - Using org.eclipse.m2e.jdt.JarLifecycleMapping lifecycle mapping for MavenProject: com.kirin:miaosha_1:0.0.1-SNAPSHOT @ E:\Work\ideajava\GraduationProject\SecKill\SecKill\miaosha_2\pom.xml.
2022-02-13 21:51:24,921 [Worker-84: Building] INFO  o.e.m.c.i.embedder.EclipseLogger - Using 'UTF-8' encoding to copy filtered resources.
2022-02-13 21:51:24,922 [Worker-84: Building] INFO  o.e.m.c.i.embedder.EclipseLogger - Copying 1 resource
2022-02-13 21:51:24,925 [Worker-84: Building] INFO  o.e.m.c.i.embedder.EclipseLogger - Copying 39 resources
2022-02-13 21:51:25,022 [Worker-84: Building] INFO  o.e.m.c.i.embedder.EclipseLogger - Using 'UTF-8' encoding to copy filtered resources.
2022-02-13 21:51:25,022 [Worker-84: Building] INFO  o.e.m.c.i.embedder.EclipseLogger - skip non existing resourceDirectory E:\Work\ideajava\GraduationProject\SecKill\SecKill\miaosha_2\src\test\resources
2022-02-13 21:51:26,722 [Worker-82: Building] INFO  o.e.m.c.i.embedder.EclipseLogger - Using 'UTF-8' encoding to copy filtered resources.
2022-02-13 21:51:26,729 [Worker-82: Building] INFO  o.e.m.c.i.embedder.EclipseLogger - Copying 1 resource
2022-02-13 21:51:26,735 [Worker-82: Building] INFO  o.e.m.c.i.embedder.EclipseLogger - Copying 39 resources
2022-02-13 21:51:26,811 [Worker-82: Building] INFO  o.e.m.c.i.embedder.EclipseLogger - Using 'UTF-8' encoding to copy filtered resources.
2022-02-13 21:51:26,811 [Worker-82: Building] INFO  o.e.m.c.i.embedder.EclipseLogger - skip non existing resourceDirectory E:\Work\ideajava\GraduationProject\SecKill\SecKill\miaosha_2\src\test\resources
2022-02-13 21:51:43,109 [Worker-79: Updating Maven Dependencies] ERROR o.e.m.j.i.l.MavenLaunchConfigurationListener - Launch configuration DemoController references closed project miaosha_1
org.eclipse.core.runtime.CoreException: Launch configuration DemoController references closed project miaosha_1
	at org.eclipse.jdt.launching.JavaRuntime.abort(JavaRuntime.java:1843)
	at org.eclipse.jdt.launching.JavaRuntime.getJavaProject(JavaRuntime.java:1715)
	at org.eclipse.m2e.jdt.internal.launch.MavenLaunchConfigurationListener.updateLaunchConfiguration(MavenLaunchConfigurationListener.java:55)
	at org.eclipse.m2e.jdt.internal.launch.MavenLaunchConfigurationListener.launchConfigurationChanged(MavenLaunchConfigurationListener.java:40)
	at org.eclipse.debug.internal.core.LaunchManager$ConfigurationNotifier.run(LaunchManager.java:225)
	at org.eclipse.core.runtime.SafeRunner.run(SafeRunner.java:45)
	at org.eclipse.debug.internal.core.LaunchManager$ConfigurationNotifier.notify(LaunchManager.java:209)
	at org.eclipse.debug.internal.core.LaunchConfigurationWorkingCopy.setDirty(LaunchConfigurationWorkingCopy.java:521)
	at org.eclipse.debug.internal.core.LaunchConfigurationWorkingCopy.setAttribute(LaunchConfigurationWorkingCopy.java:409)
	at org.eclipse.m2e.jdt.internal.launch.MavenRuntimeClasspathProvider.disable(MavenRuntimeClasspathProvider.java:401)
	at org.eclipse.m2e.jdt.internal.launch.MavenRuntimeClasspathProvider.disable(MavenRuntimeClasspathProvider.java:427)
	at org.eclipse.m2e.jdt.internal.launch.MavenLaunchConfigurationListener.mavenProjectChanged(MavenLaunchConfigurationListener.java:72)
	at org.eclipse.m2e.core.internal.project.registry.ProjectRegistryManager.notifyProjectChangeListeners(ProjectRegistryManager.java:824)
	at org.eclipse.m2e.core.internal.project.registry.ProjectRegistryManager.applyMutableProjectRegistry(ProjectRegistryManager.java:990)
	at org.eclipse.m2e.core.internal.project.registry.ProjectRegistryRefreshJob.lambda$0(ProjectRegistryRefreshJob.java:149)
	at org.eclipse.m2e.core.internal.embedder.MavenExecutionContext.executeBare(MavenExecutionContext.java:179)
	at org.eclipse.m2e.core.internal.embedder.MavenExecutionContext.execute(MavenExecutionContext.java:153)
	at org.eclipse.m2e.core.internal.embedder.MavenExecutionContext.execute(MavenExecutionContext.java:101)
	at org.eclipse.m2e.core.internal.embedder.MavenImpl.execute(MavenImpl.java:1374)
	at org.eclipse.m2e.core.internal.project.registry.ProjectRegistryRefreshJob.run(ProjectRegistryRefreshJob.java:84)
	at org.eclipse.core.internal.jobs.Worker.run(Worker.java:63)
2022-02-13 21:51:43,110 [Worker-79: Updating Maven Dependencies] ERROR o.e.m.j.i.l.MavenLaunchConfigurationListener - Launch configuration DemoController references closed project miaosha_1
org.eclipse.core.runtime.CoreException: Launch configuration DemoController references closed project miaosha_1
	at org.eclipse.jdt.launching.JavaRuntime.abort(JavaRuntime.java:1843)
	at org.eclipse.jdt.launching.JavaRuntime.getJavaProject(JavaRuntime.java:1715)
	at org.eclipse.m2e.jdt.internal.launch.MavenLaunchConfigurationListener.updateLaunchConfiguration(MavenLaunchConfigurationListener.java:55)
	at org.eclipse.m2e.jdt.internal.launch.MavenLaunchConfigurationListener.launchConfigurationChanged(MavenLaunchConfigurationListener.java:40)
	at org.eclipse.debug.internal.core.LaunchManager$ConfigurationNotifier.run(LaunchManager.java:225)
	at org.eclipse.core.runtime.SafeRunner.run(SafeRunner.java:45)
	at org.eclipse.debug.internal.core.LaunchManager$ConfigurationNotifier.notify(LaunchManager.java:209)
	at org.eclipse.debug.internal.core.LaunchConfigurationWorkingCopy.setDirty(LaunchConfigurationWorkingCopy.java:521)
	at org.eclipse.debug.internal.core.LaunchConfigurationWorkingCopy.setAttribute(LaunchConfigurationWorkingCopy.java:409)
	at org.eclipse.m2e.jdt.internal.launch.MavenRuntimeClasspathProvider.disable(MavenRuntimeClasspathProvider.java:402)
	at org.eclipse.m2e.jdt.internal.launch.MavenRuntimeClasspathProvider.disable(MavenRuntimeClasspathProvider.java:427)
	at org.eclipse.m2e.jdt.internal.launch.MavenLaunchConfigurationListener.mavenProjectChanged(MavenLaunchConfigurationListener.java:72)
	at org.eclipse.m2e.core.internal.project.registry.ProjectRegistryManager.notifyProjectChangeListeners(ProjectRegistryManager.java:824)
	at org.eclipse.m2e.core.internal.project.registry.ProjectRegistryManager.applyMutableProjectRegistry(ProjectRegistryManager.java:990)
	at org.eclipse.m2e.core.internal.project.registry.ProjectRegistryRefreshJob.lambda$0(ProjectRegistryRefreshJob.java:149)
	at org.eclipse.m2e.core.internal.embedder.MavenExecutionContext.executeBare(MavenExecutionContext.java:179)
	at org.eclipse.m2e.core.internal.embedder.MavenExecutionContext.execute(MavenExecutionContext.java:153)
	at org.eclipse.m2e.core.internal.embedder.MavenExecutionContext.execute(MavenExecutionContext.java:101)
	at org.eclipse.m2e.core.internal.embedder.MavenImpl.execute(MavenImpl.java:1374)
	at org.eclipse.m2e.core.internal.project.registry.ProjectRegistryRefreshJob.run(ProjectRegistryRefreshJob.java:84)
	at org.eclipse.core.internal.jobs.Worker.run(Worker.java:63)
2022-02-13 21:51:43,112 [Worker-79: Updating Maven Dependencies] ERROR o.e.m.j.i.l.MavenLaunchConfigurationListener - Launch configuration DemoController references closed project miaosha_1
org.eclipse.core.runtime.CoreException: Launch configuration DemoController references closed project miaosha_1
	at org.eclipse.jdt.launching.JavaRuntime.abort(JavaRuntime.java:1843)
	at org.eclipse.jdt.launching.JavaRuntime.getJavaProject(JavaRuntime.java:1715)
	at org.eclipse.m2e.jdt.internal.launch.MavenLaunchConfigurationListener.updateLaunchConfiguration(MavenLaunchConfigurationListener.java:55)
	at org.eclipse.m2e.jdt.internal.launch.MavenLaunchConfigurationListener.launchConfigurationChanged(MavenLaunchConfigurationListener.java:40)
	at org.eclipse.debug.internal.core.LaunchManager$ConfigurationNotifier.run(LaunchManager.java:225)
	at org.eclipse.core.runtime.SafeRunner.run(SafeRunner.java:45)
	at org.eclipse.debug.internal.core.LaunchManager$ConfigurationNotifier.notify(LaunchManager.java:209)
	at org.eclipse.debug.internal.core.LaunchManager.launchConfigurationChanged(LaunchManager.java:2132)
	at org.eclipse.debug.internal.core.LaunchConfigurationWorkingCopy.writeNewFile(LaunchConfigurationWorkingCopy.java:374)
	at org.eclipse.debug.internal.core.LaunchConfigurationWorkingCopy.doSave0(LaunchConfigurationWorkingCopy.java:257)
	at org.eclipse.debug.internal.core.LaunchConfigurationWorkingCopy.doSave(LaunchConfigurationWorkingCopy.java:227)
	at org.eclipse.debug.internal.core.LaunchConfigurationWorkingCopy.doSave(LaunchConfigurationWorkingCopy.java:185)
	at org.eclipse.m2e.jdt.internal.launch.MavenRuntimeClasspathProvider.disable(MavenRuntimeClasspathProvider.java:403)
	at org.eclipse.m2e.jdt.internal.launch.MavenRuntimeClasspathProvider.disable(MavenRuntimeClasspathProvider.java:427)
	at org.eclipse.m2e.jdt.internal.launch.MavenLaunchConfigurationListener.mavenProjectChanged(MavenLaunchConfigurationListener.java:72)
	at org.eclipse.m2e.core.internal.project.registry.ProjectRegistryManager.notifyProjectChangeListeners(ProjectRegistryManager.java:824)
	at org.eclipse.m2e.core.internal.project.registry.ProjectRegistryManager.applyMutableProjectRegistry(ProjectRegistryManager.java:990)
	at org.eclipse.m2e.core.internal.project.registry.ProjectRegistryRefreshJob.lambda$0(ProjectRegistryRefreshJob.java:149)
	at org.eclipse.m2e.core.internal.embedder.MavenExecutionContext.executeBare(MavenExecutionContext.java:179)
	at org.eclipse.m2e.core.internal.embedder.MavenExecutionContext.execute(MavenExecutionContext.java:153)
	at org.eclipse.m2e.core.internal.embedder.MavenExecutionContext.execute(MavenExecutionContext.java:101)
	at org.eclipse.m2e.core.internal.embedder.MavenImpl.execute(MavenImpl.java:1374)
	at org.eclipse.m2e.core.internal.project.registry.ProjectRegistryRefreshJob.run(ProjectRegistryRefreshJob.java:84)
	at org.eclipse.core.internal.jobs.Worker.run(Worker.java:63)
2022-02-13 21:51:43,113 [Worker-79: Updating Maven Dependencies] ERROR o.e.m.j.i.l.MavenLaunchConfigurationListener - Launch configuration MainApplication references closed project miaosha_1
org.eclipse.core.runtime.CoreException: Launch configuration MainApplication references closed project miaosha_1
	at org.eclipse.jdt.launching.JavaRuntime.abort(JavaRuntime.java:1843)
	at org.eclipse.jdt.launching.JavaRuntime.getJavaProject(JavaRuntime.java:1715)
	at org.eclipse.m2e.jdt.internal.launch.MavenLaunchConfigurationListener.updateLaunchConfiguration(MavenLaunchConfigurationListener.java:55)
	at org.eclipse.m2e.jdt.internal.launch.MavenLaunchConfigurationListener.launchConfigurationChanged(MavenLaunchConfigurationListener.java:40)
	at org.eclipse.debug.internal.core.LaunchManager$ConfigurationNotifier.run(LaunchManager.java:225)
	at org.eclipse.core.runtime.SafeRunner.run(SafeRunner.java:45)
	at org.eclipse.debug.internal.core.LaunchManager$ConfigurationNotifier.notify(LaunchManager.java:209)
	at org.eclipse.debug.internal.core.LaunchConfigurationWorkingCopy.setDirty(LaunchConfigurationWorkingCopy.java:521)
	at org.eclipse.debug.internal.core.LaunchConfigurationWorkingCopy.setAttribute(LaunchConfigurationWorkingCopy.java:409)
	at org.eclipse.m2e.jdt.internal.launch.MavenRuntimeClasspathProvider.disable(MavenRuntimeClasspathProvider.java:401)
	at org.eclipse.m2e.jdt.internal.launch.MavenRuntimeClasspathProvider.disable(MavenRuntimeClasspathProvider.java:427)
	at org.eclipse.m2e.jdt.internal.launch.MavenLaunchConfigurationListener.mavenProjectChanged(MavenLaunchConfigurationListener.java:72)
	at org.eclipse.m2e.core.internal.project.registry.ProjectRegistryManager.notifyProjectChangeListeners(ProjectRegistryManager.java:824)
	at org.eclipse.m2e.core.internal.project.registry.ProjectRegistryManager.applyMutableProjectRegistry(ProjectRegistryManager.java:990)
	at org.eclipse.m2e.core.internal.project.registry.ProjectRegistryRefreshJob.lambda$0(ProjectRegistryRefreshJob.java:149)
	at org.eclipse.m2e.core.internal.embedder.MavenExecutionContext.executeBare(MavenExecutionContext.java:179)
	at org.eclipse.m2e.core.internal.embedder.MavenExecutionContext.execute(MavenExecutionContext.java:153)
	at org.eclipse.m2e.core.internal.embedder.MavenExecutionContext.execute(MavenExecutionContext.java:101)
	at org.eclipse.m2e.core.internal.embedder.MavenImpl.execute(MavenImpl.java:1374)
	at org.eclipse.m2e.core.internal.project.registry.ProjectRegistryRefreshJob.run(ProjectRegistryRefreshJob.java:84)
	at org.eclipse.core.internal.jobs.Worker.run(Worker.java:63)
2022-02-13 21:51:43,114 [Worker-79: Updating Maven Dependencies] ERROR o.e.m.j.i.l.MavenLaunchConfigurationListener - Launch configuration MainApplication references closed project miaosha_1
org.eclipse.core.runtime.CoreException: Launch configuration MainApplication references closed project miaosha_1
	at org.eclipse.jdt.launching.JavaRuntime.abort(JavaRuntime.java:1843)
	at org.eclipse.jdt.launching.JavaRuntime.getJavaProject(JavaRuntime.java:1715)
	at org.eclipse.m2e.jdt.internal.launch.MavenLaunchConfigurationListener.updateLaunchConfiguration(MavenLaunchConfigurationListener.java:55)
	at org.eclipse.m2e.jdt.internal.launch.MavenLaunchConfigurationListener.launchConfigurationChanged(MavenLaunchConfigurationListener.java:40)
	at org.eclipse.debug.internal.core.LaunchManager$ConfigurationNotifier.run(LaunchManager.java:225)
	at org.eclipse.core.runtime.SafeRunner.run(SafeRunner.java:45)
	at org.eclipse.debug.internal.core.LaunchManager$ConfigurationNotifier.notify(LaunchManager.java:209)
	at org.eclipse.debug.internal.core.LaunchConfigurationWorkingCopy.setDirty(LaunchConfigurationWorkingCopy.java:521)
	at org.eclipse.debug.internal.core.LaunchConfigurationWorkingCopy.setAttribute(LaunchConfigurationWorkingCopy.java:409)
	at org.eclipse.m2e.jdt.internal.launch.MavenRuntimeClasspathProvider.disable(MavenRuntimeClasspathProvider.java:402)
	at org.eclipse.m2e.jdt.internal.launch.MavenRuntimeClasspathProvider.disable(MavenRuntimeClasspathProvider.java:427)
	at org.eclipse.m2e.jdt.internal.launch.MavenLaunchConfigurationListener.mavenProjectChanged(MavenLaunchConfigurationListener.java:72)
	at org.eclipse.m2e.core.internal.project.registry.ProjectRegistryManager.notifyProjectChangeListeners(ProjectRegistryManager.java:824)
	at org.eclipse.m2e.core.internal.project.registry.ProjectRegistryManager.applyMutableProjectRegistry(ProjectRegistryManager.java:990)
	at org.eclipse.m2e.core.internal.project.registry.ProjectRegistryRefreshJob.lambda$0(ProjectRegistryRefreshJob.java:149)
	at org.eclipse.m2e.core.internal.embedder.MavenExecutionContext.executeBare(MavenExecutionContext.java:179)
	at org.eclipse.m2e.core.internal.embedder.MavenExecutionContext.execute(MavenExecutionContext.java:153)
	at org.eclipse.m2e.core.internal.embedder.MavenExecutionContext.execute(MavenExecutionContext.java:101)
	at org.eclipse.m2e.core.internal.embedder.MavenImpl.execute(MavenImpl.java:1374)
	at org.eclipse.m2e.core.internal.project.registry.ProjectRegistryRefreshJob.run(ProjectRegistryRefreshJob.java:84)
	at org.eclipse.core.internal.jobs.Worker.run(Worker.java:63)
2022-02-13 21:51:43,116 [Worker-79: Updating Maven Dependencies] ERROR o.e.m.j.i.l.MavenLaunchConfigurationListener - Launch configuration MainApplication references closed project miaosha_1
org.eclipse.core.runtime.CoreException: Launch configuration MainApplication references closed project miaosha_1
	at org.eclipse.jdt.launching.JavaRuntime.abort(JavaRuntime.java:1843)
	at org.eclipse.jdt.launching.JavaRuntime.getJavaProject(JavaRuntime.java:1715)
	at org.eclipse.m2e.jdt.internal.launch.MavenLaunchConfigurationListener.updateLaunchConfiguration(MavenLaunchConfigurationListener.java:55)
	at org.eclipse.m2e.jdt.internal.launch.MavenLaunchConfigurationListener.launchConfigurationChanged(MavenLaunchConfigurationListener.java:40)
	at org.eclipse.debug.internal.core.LaunchManager$ConfigurationNotifier.run(LaunchManager.java:225)
	at org.eclipse.core.runtime.SafeRunner.run(SafeRunner.java:45)
	at org.eclipse.debug.internal.core.LaunchManager$ConfigurationNotifier.notify(LaunchManager.java:209)
	at org.eclipse.debug.internal.core.LaunchManager.launchConfigurationChanged(LaunchManager.java:2132)
	at org.eclipse.debug.internal.core.LaunchConfigurationWorkingCopy.writeNewFile(LaunchConfigurationWorkingCopy.java:374)
	at org.eclipse.debug.internal.core.LaunchConfigurationWorkingCopy.doSave0(LaunchConfigurationWorkingCopy.java:257)
	at org.eclipse.debug.internal.core.LaunchConfigurationWorkingCopy.doSave(LaunchConfigurationWorkingCopy.java:227)
	at org.eclipse.debug.internal.core.LaunchConfigurationWorkingCopy.doSave(LaunchConfigurationWorkingCopy.java:185)
	at org.eclipse.m2e.jdt.internal.launch.MavenRuntimeClasspathProvider.disable(MavenRuntimeClasspathProvider.java:403)
	at org.eclipse.m2e.jdt.internal.launch.MavenRuntimeClasspathProvider.disable(MavenRuntimeClasspathProvider.java:427)
	at org.eclipse.m2e.jdt.internal.launch.MavenLaunchConfigurationListener.mavenProjectChanged(MavenLaunchConfigurationListener.java:72)
	at org.eclipse.m2e.core.internal.project.registry.ProjectRegistryManager.notifyProjectChangeListeners(ProjectRegistryManager.java:824)
	at org.eclipse.m2e.core.internal.project.registry.ProjectRegistryManager.applyMutableProjectRegistry(ProjectRegistryManager.java:990)
	at org.eclipse.m2e.core.internal.project.registry.ProjectRegistryRefreshJob.lambda$0(ProjectRegistryRefreshJob.java:149)
	at org.eclipse.m2e.core.internal.embedder.MavenExecutionContext.executeBare(MavenExecutionContext.java:179)
	at org.eclipse.m2e.core.internal.embedder.MavenExecutionContext.execute(MavenExecutionContext.java:153)
	at org.eclipse.m2e.core.internal.embedder.MavenExecutionContext.execute(MavenExecutionContext.java:101)
	at org.eclipse.m2e.core.internal.embedder.MavenImpl.execute(MavenImpl.java:1374)
	at org.eclipse.m2e.core.internal.project.registry.ProjectRegistryRefreshJob.run(ProjectRegistryRefreshJob.java:84)
	at org.eclipse.core.internal.jobs.Worker.run(Worker.java:63)
2022-02-13 21:51:43,118 [Worker-79: Updating Maven Dependencies] ERROR o.e.m.j.i.l.MavenLaunchConfigurationListener - Launch configuration MD5Util references closed project miaosha_1
org.eclipse.core.runtime.CoreException: Launch configuration MD5Util references closed project miaosha_1
	at org.eclipse.jdt.launching.JavaRuntime.abort(JavaRuntime.java:1843)
	at org.eclipse.jdt.launching.JavaRuntime.getJavaProject(JavaRuntime.java:1715)
	at org.eclipse.m2e.jdt.internal.launch.MavenLaunchConfigurationListener.updateLaunchConfiguration(MavenLaunchConfigurationListener.java:55)
	at org.eclipse.m2e.jdt.internal.launch.MavenLaunchConfigurationListener.launchConfigurationChanged(MavenLaunchConfigurationListener.java:40)
	at org.eclipse.debug.internal.core.LaunchManager$ConfigurationNotifier.run(LaunchManager.java:225)
	at org.eclipse.core.runtime.SafeRunner.run(SafeRunner.java:45)
	at org.eclipse.debug.internal.core.LaunchManager$ConfigurationNotifier.notify(LaunchManager.java:209)
	at org.eclipse.debug.internal.core.LaunchConfigurationWorkingCopy.setDirty(LaunchConfigurationWorkingCopy.java:521)
	at org.eclipse.debug.internal.core.LaunchConfigurationWorkingCopy.setAttribute(LaunchConfigurationWorkingCopy.java:409)
	at org.eclipse.m2e.jdt.internal.launch.MavenRuntimeClasspathProvider.disable(MavenRuntimeClasspathProvider.java:401)
	at org.eclipse.m2e.jdt.internal.launch.MavenRuntimeClasspathProvider.disable(MavenRuntimeClasspathProvider.java:427)
	at org.eclipse.m2e.jdt.internal.launch.MavenLaunchConfigurationListener.mavenProjectChanged(MavenLaunchConfigurationListener.java:72)
	at org.eclipse.m2e.core.internal.project.registry.ProjectRegistryManager.notifyProjectChangeListeners(ProjectRegistryManager.java:824)
	at org.eclipse.m2e.core.internal.project.registry.ProjectRegistryManager.applyMutableProjectRegistry(ProjectRegistryManager.java:990)
	at org.eclipse.m2e.core.internal.project.registry.ProjectRegistryRefreshJob.lambda$0(ProjectRegistryRefreshJob.java:149)
	at org.eclipse.m2e.core.internal.embedder.MavenExecutionContext.executeBare(MavenExecutionContext.java:179)
	at org.eclipse.m2e.core.internal.embedder.MavenExecutionContext.execute(MavenExecutionContext.java:153)
	at org.eclipse.m2e.core.internal.embedder.MavenExecutionContext.execute(MavenExecutionContext.java:101)
	at org.eclipse.m2e.core.internal.embedder.MavenImpl.execute(MavenImpl.java:1374)
	at org.eclipse.m2e.core.internal.project.registry.ProjectRegistryRefreshJob.run(ProjectRegistryRefreshJob.java:84)
	at org.eclipse.core.internal.jobs.Worker.run(Worker.java:63)
2022-02-13 21:51:43,118 [Worker-79: Updating Maven Dependencies] ERROR o.e.m.j.i.l.MavenLaunchConfigurationListener - Launch configuration MD5Util references closed project miaosha_1
org.eclipse.core.runtime.CoreException: Launch configuration MD5Util references closed project miaosha_1
	at org.eclipse.jdt.launching.JavaRuntime.abort(JavaRuntime.java:1843)
	at org.eclipse.jdt.launching.JavaRuntime.getJavaProject(JavaRuntime.java:1715)
	at org.eclipse.m2e.jdt.internal.launch.MavenLaunchConfigurationListener.updateLaunchConfiguration(MavenLaunchConfigurationListener.java:55)
	at org.eclipse.m2e.jdt.internal.launch.MavenLaunchConfigurationListener.launchConfigurationChanged(MavenLaunchConfigurationListener.java:40)
	at org.eclipse.debug.internal.core.LaunchManager$ConfigurationNotifier.run(LaunchManager.java:225)
	at org.eclipse.core.runtime.SafeRunner.run(SafeRunner.java:45)
	at org.eclipse.debug.internal.core.LaunchManager$ConfigurationNotifier.notify(LaunchManager.java:209)
	at org.eclipse.debug.internal.core.LaunchConfigurationWorkingCopy.setDirty(LaunchConfigurationWorkingCopy.java:521)
	at org.eclipse.debug.internal.core.LaunchConfigurationWorkingCopy.setAttribute(LaunchConfigurationWorkingCopy.java:409)
	at org.eclipse.m2e.jdt.internal.launch.MavenRuntimeClasspathProvider.disable(MavenRuntimeClasspathProvider.java:402)
	at org.eclipse.m2e.jdt.internal.launch.MavenRuntimeClasspathProvider.disable(MavenRuntimeClasspathProvider.java:427)
	at org.eclipse.m2e.jdt.internal.launch.MavenLaunchConfigurationListener.mavenProjectChanged(MavenLaunchConfigurationListener.java:72)
	at org.eclipse.m2e.core.internal.project.registry.ProjectRegistryManager.notifyProjectChangeListeners(ProjectRegistryManager.java:824)
	at org.eclipse.m2e.core.internal.project.registry.ProjectRegistryManager.applyMutableProjectRegistry(ProjectRegistryManager.java:990)
	at org.eclipse.m2e.core.internal.project.registry.ProjectRegistryRefreshJob.lambda$0(ProjectRegistryRefreshJob.java:149)
	at org.eclipse.m2e.core.internal.embedder.MavenExecutionContext.executeBare(MavenExecutionContext.java:179)
	at org.eclipse.m2e.core.internal.embedder.MavenExecutionContext.execute(MavenExecutionContext.java:153)
	at org.eclipse.m2e.core.internal.embedder.MavenExecutionContext.execute(MavenExecutionContext.java:101)
	at org.eclipse.m2e.core.internal.embedder.MavenImpl.execute(MavenImpl.java:1374)
	at org.eclipse.m2e.core.internal.project.registry.ProjectRegistryRefreshJob.run(ProjectRegistryRefreshJob.java:84)
	at org.eclipse.core.internal.jobs.Worker.run(Worker.java:63)
2022-02-13 21:51:43,120 [Worker-79: Updating Maven Dependencies] ERROR o.e.m.j.i.l.MavenLaunchConfigurationListener - Launch configuration MD5Util references closed project miaosha_1
org.eclipse.core.runtime.CoreException: Launch configuration MD5Util references closed project miaosha_1
	at org.eclipse.jdt.launching.JavaRuntime.abort(JavaRuntime.java:1843)
	at org.eclipse.jdt.launching.JavaRuntime.getJavaProject(JavaRuntime.java:1715)
	at org.eclipse.m2e.jdt.internal.launch.MavenLaunchConfigurationListener.updateLaunchConfiguration(MavenLaunchConfigurationListener.java:55)
	at org.eclipse.m2e.jdt.internal.launch.MavenLaunchConfigurationListener.launchConfigurationChanged(MavenLaunchConfigurationListener.java:40)
	at org.eclipse.debug.internal.core.LaunchManager$ConfigurationNotifier.run(LaunchManager.java:225)
	at org.eclipse.core.runtime.SafeRunner.run(SafeRunner.java:45)
	at org.eclipse.debug.internal.core.LaunchManager$ConfigurationNotifier.notify(LaunchManager.java:209)
	at org.eclipse.debug.internal.core.LaunchManager.launchConfigurationChanged(LaunchManager.java:2132)
	at org.eclipse.debug.internal.core.LaunchConfigurationWorkingCopy.writeNewFile(LaunchConfigurationWorkingCopy.java:374)
	at org.eclipse.debug.internal.core.LaunchConfigurationWorkingCopy.doSave0(LaunchConfigurationWorkingCopy.java:257)
	at org.eclipse.debug.internal.core.LaunchConfigurationWorkingCopy.doSave(LaunchConfigurationWorkingCopy.java:227)
	at org.eclipse.debug.internal.core.LaunchConfigurationWorkingCopy.doSave(LaunchConfigurationWorkingCopy.java:185)
	at org.eclipse.m2e.jdt.internal.launch.MavenRuntimeClasspathProvider.disable(MavenRuntimeClasspathProvider.java:403)
	at org.eclipse.m2e.jdt.internal.launch.MavenRuntimeClasspathProvider.disable(MavenRuntimeClasspathProvider.java:427)
	at org.eclipse.m2e.jdt.internal.launch.MavenLaunchConfigurationListener.mavenProjectChanged(MavenLaunchConfigurationListener.java:72)
	at org.eclipse.m2e.core.internal.project.registry.ProjectRegistryManager.notifyProjectChangeListeners(ProjectRegistryManager.java:824)
	at org.eclipse.m2e.core.internal.project.registry.ProjectRegistryManager.applyMutableProjectRegistry(ProjectRegistryManager.java:990)
	at org.eclipse.m2e.core.internal.project.registry.ProjectRegistryRefreshJob.lambda$0(ProjectRegistryRefreshJob.java:149)
	at org.eclipse.m2e.core.internal.embedder.MavenExecutionContext.executeBare(MavenExecutionContext.java:179)
	at org.eclipse.m2e.core.internal.embedder.MavenExecutionContext.execute(MavenExecutionContext.java:153)
	at org.eclipse.m2e.core.internal.embedder.MavenExecutionContext.execute(MavenExecutionContext.java:101)
	at org.eclipse.m2e.core.internal.embedder.MavenImpl.execute(MavenImpl.java:1374)
	at org.eclipse.m2e.core.internal.project.registry.ProjectRegistryRefreshJob.run(ProjectRegistryRefreshJob.java:84)
	at org.eclipse.core.internal.jobs.Worker.run(Worker.java:63)
2022-02-13 21:51:43,121 [Worker-79: Updating Maven Dependencies] ERROR o.e.m.j.i.l.MavenLaunchConfigurationListener - Launch configuration ValidatorUtil references closed project miaosha_1
org.eclipse.core.runtime.CoreException: Launch configuration ValidatorUtil references closed project miaosha_1
	at org.eclipse.jdt.launching.JavaRuntime.abort(JavaRuntime.java:1843)
	at org.eclipse.jdt.launching.JavaRuntime.getJavaProject(JavaRuntime.java:1715)
	at org.eclipse.m2e.jdt.internal.launch.MavenLaunchConfigurationListener.updateLaunchConfiguration(MavenLaunchConfigurationListener.java:55)
	at org.eclipse.m2e.jdt.internal.launch.MavenLaunchConfigurationListener.launchConfigurationChanged(MavenLaunchConfigurationListener.java:40)
	at org.eclipse.debug.internal.core.LaunchManager$ConfigurationNotifier.run(LaunchManager.java:225)
	at org.eclipse.core.runtime.SafeRunner.run(SafeRunner.java:45)
	at org.eclipse.debug.internal.core.LaunchManager$ConfigurationNotifier.notify(LaunchManager.java:209)
	at org.eclipse.debug.internal.core.LaunchConfigurationWorkingCopy.setDirty(LaunchConfigurationWorkingCopy.java:521)
	at org.eclipse.debug.internal.core.LaunchConfigurationWorkingCopy.setAttribute(LaunchConfigurationWorkingCopy.java:409)
	at org.eclipse.m2e.jdt.internal.launch.MavenRuntimeClasspathProvider.disable(MavenRuntimeClasspathProvider.java:401)
	at org.eclipse.m2e.jdt.internal.launch.MavenRuntimeClasspathProvider.disable(MavenRuntimeClasspathProvider.java:427)
	at org.eclipse.m2e.jdt.internal.launch.MavenLaunchConfigurationListener.mavenProjectChanged(MavenLaunchConfigurationListener.java:72)
	at org.eclipse.m2e.core.internal.project.registry.ProjectRegistryManager.notifyProjectChangeListeners(ProjectRegistryManager.java:824)
	at org.eclipse.m2e.core.internal.project.registry.ProjectRegistryManager.applyMutableProjectRegistry(ProjectRegistryManager.java:990)
	at org.eclipse.m2e.core.internal.project.registry.ProjectRegistryRefreshJob.lambda$0(ProjectRegistryRefreshJob.java:149)
	at org.eclipse.m2e.core.internal.embedder.MavenExecutionContext.executeBare(MavenExecutionContext.java:179)
	at org.eclipse.m2e.core.internal.embedder.MavenExecutionContext.execute(MavenExecutionContext.java:153)
	at org.eclipse.m2e.core.internal.embedder.MavenExecutionContext.execute(MavenExecutionContext.java:101)
	at org.eclipse.m2e.core.internal.embedder.MavenImpl.execute(MavenImpl.java:1374)
	at org.eclipse.m2e.core.internal.project.registry.ProjectRegistryRefreshJob.run(ProjectRegistryRefreshJob.java:84)
	at org.eclipse.core.internal.jobs.Worker.run(Worker.java:63)
2022-02-13 21:51:43,121 [Worker-79: Updating Maven Dependencies] ERROR o.e.m.j.i.l.MavenLaunchConfigurationListener - Launch configuration ValidatorUtil references closed project miaosha_1
org.eclipse.core.runtime.CoreException: Launch configuration ValidatorUtil references closed project miaosha_1
	at org.eclipse.jdt.launching.JavaRuntime.abort(JavaRuntime.java:1843)
	at org.eclipse.jdt.launching.JavaRuntime.getJavaProject(JavaRuntime.java:1715)
	at org.eclipse.m2e.jdt.internal.launch.MavenLaunchConfigurationListener.updateLaunchConfiguration(MavenLaunchConfigurationListener.java:55)
	at org.eclipse.m2e.jdt.internal.launch.MavenLaunchConfigurationListener.launchConfigurationChanged(MavenLaunchConfigurationListener.java:40)
	at org.eclipse.debug.internal.core.LaunchManager$ConfigurationNotifier.run(LaunchManager.java:225)
	at org.eclipse.core.runtime.SafeRunner.run(SafeRunner.java:45)
	at org.eclipse.debug.internal.core.LaunchManager$ConfigurationNotifier.notify(LaunchManager.java:209)
	at org.eclipse.debug.internal.core.LaunchConfigurationWorkingCopy.setDirty(LaunchConfigurationWorkingCopy.java:521)
	at org.eclipse.debug.internal.core.LaunchConfigurationWorkingCopy.setAttribute(LaunchConfigurationWorkingCopy.java:409)
	at org.eclipse.m2e.jdt.internal.launch.MavenRuntimeClasspathProvider.disable(MavenRuntimeClasspathProvider.java:402)
	at org.eclipse.m2e.jdt.internal.launch.MavenRuntimeClasspathProvider.disable(MavenRuntimeClasspathProvider.java:427)
	at org.eclipse.m2e.jdt.internal.launch.MavenLaunchConfigurationListener.mavenProjectChanged(MavenLaunchConfigurationListener.java:72)
	at org.eclipse.m2e.core.internal.project.registry.ProjectRegistryManager.notifyProjectChangeListeners(ProjectRegistryManager.java:824)
	at org.eclipse.m2e.core.internal.project.registry.ProjectRegistryManager.applyMutableProjectRegistry(ProjectRegistryManager.java:990)
	at org.eclipse.m2e.core.internal.project.registry.ProjectRegistryRefreshJob.lambda$0(ProjectRegistryRefreshJob.java:149)
	at org.eclipse.m2e.core.internal.embedder.MavenExecutionContext.executeBare(MavenExecutionContext.java:179)
	at org.eclipse.m2e.core.internal.embedder.MavenExecutionContext.execute(MavenExecutionContext.java:153)
	at org.eclipse.m2e.core.internal.embedder.MavenExecutionContext.execute(MavenExecutionContext.java:101)
	at org.eclipse.m2e.core.internal.embedder.MavenImpl.execute(MavenImpl.java:1374)
	at org.eclipse.m2e.core.internal.project.registry.ProjectRegistryRefreshJob.run(ProjectRegistryRefreshJob.java:84)
	at org.eclipse.core.internal.jobs.Worker.run(Worker.java:63)
2022-02-13 21:51:43,123 [Worker-79: Updating Maven Dependencies] ERROR o.e.m.j.i.l.MavenLaunchConfigurationListener - Launch configuration ValidatorUtil references closed project miaosha_1
org.eclipse.core.runtime.CoreException: Launch configuration ValidatorUtil references closed project miaosha_1
	at org.eclipse.jdt.launching.JavaRuntime.abort(JavaRuntime.java:1843)
	at org.eclipse.jdt.launching.JavaRuntime.getJavaProject(JavaRuntime.java:1715)
	at org.eclipse.m2e.jdt.internal.launch.MavenLaunchConfigurationListener.updateLaunchConfiguration(MavenLaunchConfigurationListener.java:55)
	at org.eclipse.m2e.jdt.internal.launch.MavenLaunchConfigurationListener.launchConfigurationChanged(MavenLaunchConfigurationListener.java:40)
	at org.eclipse.debug.internal.core.LaunchManager$ConfigurationNotifier.run(LaunchManager.java:225)
	at org.eclipse.core.runtime.SafeRunner.run(SafeRunner.java:45)
	at org.eclipse.debug.internal.core.LaunchManager$ConfigurationNotifier.notify(LaunchManager.java:209)
	at org.eclipse.debug.internal.core.LaunchManager.launchConfigurationChanged(LaunchManager.java:2132)
	at org.eclipse.debug.internal.core.LaunchConfigurationWorkingCopy.writeNewFile(LaunchConfigurationWorkingCopy.java:374)
	at org.eclipse.debug.internal.core.LaunchConfigurationWorkingCopy.doSave0(LaunchConfigurationWorkingCopy.java:257)
	at org.eclipse.debug.internal.core.LaunchConfigurationWorkingCopy.doSave(LaunchConfigurationWorkingCopy.java:227)
	at org.eclipse.debug.internal.core.LaunchConfigurationWorkingCopy.doSave(LaunchConfigurationWorkingCopy.java:185)
	at org.eclipse.m2e.jdt.internal.launch.MavenRuntimeClasspathProvider.disable(MavenRuntimeClasspathProvider.java:403)
	at org.eclipse.m2e.jdt.internal.launch.MavenRuntimeClasspathProvider.disable(MavenRuntimeClasspathProvider.java:427)
	at org.eclipse.m2e.jdt.internal.launch.MavenLaunchConfigurationListener.mavenProjectChanged(MavenLaunchConfigurationListener.java:72)
	at org.eclipse.m2e.core.internal.project.registry.ProjectRegistryManager.notifyProjectChangeListeners(ProjectRegistryManager.java:824)
	at org.eclipse.m2e.core.internal.project.registry.ProjectRegistryManager.applyMutableProjectRegistry(ProjectRegistryManager.java:990)
	at org.eclipse.m2e.core.internal.project.registry.ProjectRegistryRefreshJob.lambda$0(ProjectRegistryRefreshJob.java:149)
	at org.eclipse.m2e.core.internal.embedder.MavenExecutionContext.executeBare(MavenExecutionContext.java:179)
	at org.eclipse.m2e.core.internal.embedder.MavenExecutionContext.execute(MavenExecutionContext.java:153)
	at org.eclipse.m2e.core.internal.embedder.MavenExecutionContext.execute(MavenExecutionContext.java:101)
	at org.eclipse.m2e.core.internal.embedder.MavenImpl.execute(MavenImpl.java:1374)
	at org.eclipse.m2e.core.internal.project.registry.ProjectRegistryRefreshJob.run(ProjectRegistryRefreshJob.java:84)
	at org.eclipse.core.internal.jobs.Worker.run(Worker.java:63)
2022-02-13 22:08:42,152 [Worker-90: Building] INFO  o.e.m.c.i.embedder.EclipseLogger - Using 'UTF-8' encoding to copy filtered resources.
2022-02-13 22:08:42,169 [Worker-90: Building] INFO  o.e.m.c.i.embedder.EclipseLogger - Copying 1 resource
2022-02-13 22:08:42,171 [Worker-90: Building] INFO  o.e.m.c.i.embedder.EclipseLogger - Copying 0 resource
2022-02-13 22:08:42,173 [Worker-90: Building] INFO  o.e.m.c.i.embedder.EclipseLogger - Using 'UTF-8' encoding to copy filtered resources.
2022-02-13 22:08:42,173 [Worker-90: Building] INFO  o.e.m.c.i.embedder.EclipseLogger - skip non existing resourceDirectory E:\Work\ideajava\GraduationProject\SecKill\SecKill\miaosha_2\src\test\resources
2022-02-14 00:41:55,775 [Worker-1: Loading available Gradle versions] INFO  o.e.b.c.i.u.g.PublishedGradleVersions - Gradle version information cache is out-of-date. Trying to update.
2022-02-14 18:34:42,156 [Worker-0: Loading available Gradle versions] INFO  o.e.b.c.i.u.g.PublishedGradleVersions - Gradle version information cache is up-to-date. Trying to read.
2022-02-14 19:02:41,304 [Worker-26: Building] INFO  o.e.m.c.i.l.LifecycleMappingFactory - Using org.eclipse.m2e.jdt.JarLifecycleMapping lifecycle mapping for MavenProject: com.kirin:miaosha_1:0.0.1-SNAPSHOT @ E:\Work\ideajava\GraduationProject\SecKill\SecKill\miaosha_2\pom.xml.
2022-02-14 19:02:42,676 [Worker-26: Building] INFO  o.e.m.c.i.embedder.EclipseLogger - Using 'UTF-8' encoding to copy filtered resources.
2022-02-14 19:02:42,685 [Worker-26: Building] INFO  o.e.m.c.i.embedder.EclipseLogger - Copying 1 resource
2022-02-14 19:02:42,706 [Worker-26: Building] INFO  o.e.m.c.i.embedder.EclipseLogger - Copying 39 resources
2022-02-14 19:02:42,729 [Worker-26: Building] INFO  o.e.m.c.i.embedder.EclipseLogger - Using 'UTF-8' encoding to copy filtered resources.
2022-02-14 19:02:42,729 [Worker-26: Building] INFO  o.e.m.c.i.embedder.EclipseLogger - skip non existing resourceDirectory E:\Work\ideajava\GraduationProject\SecKill\SecKill\miaosha_2\src\test\resources
2022-02-14 19:02:46,072 [Worker-25: Building] INFO  o.e.m.c.i.embedder.EclipseLogger - Using 'UTF-8' encoding to copy filtered resources.
2022-02-14 19:02:46,091 [Worker-25: Building] INFO  o.e.m.c.i.embedder.EclipseLogger - Copying 1 resource
2022-02-14 19:02:46,116 [Worker-25: Building] INFO  o.e.m.c.i.embedder.EclipseLogger - Copying 39 resources
2022-02-14 19:02:46,404 [Worker-25: Building] INFO  o.e.m.c.i.embedder.EclipseLogger - Using 'UTF-8' encoding to copy filtered resources.
2022-02-14 19:02:46,406 [Worker-25: Building] INFO  o.e.m.c.i.embedder.EclipseLogger - skip non existing resourceDirectory E:\Work\ideajava\GraduationProject\SecKill\SecKill\miaosha_2\src\test\resources
2022-02-14 19:25:00,809 [Worker-36: Building] INFO  o.e.m.c.i.embedder.EclipseLogger - Using 'UTF-8' encoding to copy filtered resources.
2022-02-14 19:25:00,817 [Worker-36: Building] INFO  o.e.m.c.i.embedder.EclipseLogger - Copying 1 resource
2022-02-14 19:25:00,826 [Worker-36: Building] INFO  o.e.m.c.i.embedder.EclipseLogger - Copying 39 resources
2022-02-14 19:25:00,838 [Worker-36: Building] INFO  o.e.m.c.i.embedder.EclipseLogger - Using 'UTF-8' encoding to copy filtered resources.
2022-02-14 19:25:00,839 [Worker-36: Building] INFO  o.e.m.c.i.embedder.EclipseLogger - skip non existing resourceDirectory E:\Work\ideajava\GraduationProject\SecKill\SecKill\miaosha_2\src\test\resources
2022-02-14 19:25:04,729 [Worker-31: Building] INFO  o.e.m.c.i.e.AbstractTransferListenerAdapter - Downloading https://repo.maven.apache.org/maven2/org/apache/maven/plugins/maven-war-plugin/2.6/maven-war-plugin-2.6.jar
2022-02-14 19:25:05,509 [Worker-31: Building] INFO  o.e.m.c.i.e.AbstractTransferListenerAdapter - Downloaded https://repo.maven.apache.org/maven2/org/apache/maven/plugins/maven-war-plugin/2.6/maven-war-plugin-2.6.jar
2022-02-14 19:25:06,170 [Worker-31: Building] INFO  o.e.m.c.i.l.LifecycleMappingFactory - Using org.maven.ide.eclipse.wtp.WarLifecycleMapping lifecycle mapping for MavenProject: com.kirin:miaosha_1:0.0.1-SNAPSHOT @ E:\Work\ideajava\GraduationProject\SecKill\SecKill\miaosha_2\pom.xml.
2022-02-14 19:25:07,759 [Worker-31: Building] INFO  o.e.m.c.i.e.AbstractTransferListenerAdapter - Downloading https://repo.maven.apache.org/maven2/org/apache/maven/plugins/maven-war-plugin/2.6/maven-war-plugin-2.6.pom
2022-02-14 19:25:08,215 [Worker-31: Building] INFO  o.e.m.c.i.e.AbstractTransferListenerAdapter - Downloaded https://repo.maven.apache.org/maven2/org/apache/maven/plugins/maven-war-plugin/2.6/maven-war-plugin-2.6.pom
2022-02-14 19:25:08,764 [Worker-31: Building] INFO  o.e.m.c.i.e.AbstractTransferListenerAdapter - Downloading https://repo.maven.apache.org/maven2/org/codehaus/plexus/plexus-io/2.4.1/plexus-io-2.4.1.pom
2022-02-14 19:25:09,026 [Worker-31: Building] INFO  o.e.m.c.i.e.AbstractTransferListenerAdapter - Downloaded https://repo.maven.apache.org/maven2/org/codehaus/plexus/plexus-io/2.4.1/plexus-io-2.4.1.pom
2022-02-14 19:25:09,313 [Worker-31: Building] INFO  o.e.m.c.i.e.AbstractTransferListenerAdapter - Downloading https://repo.maven.apache.org/maven2/com/thoughtworks/xstream/xstream/1.4.4/xstream-1.4.4.pom
2022-02-14 19:25:09,578 [Worker-31: Building] INFO  o.e.m.c.i.e.AbstractTransferListenerAdapter - Downloaded https://repo.maven.apache.org/maven2/com/thoughtworks/xstream/xstream/1.4.4/xstream-1.4.4.pom
2022-02-14 19:25:09,822 [Worker-31: Building] INFO  o.e.m.c.i.e.AbstractTransferListenerAdapter - Downloading https://repo.maven.apache.org/maven2/com/thoughtworks/xstream/xstream-parent/1.4.4/xstream-parent-1.4.4.pom
2022-02-14 19:25:10,642 [Worker-31: Building] INFO  o.e.m.c.i.e.AbstractTransferListenerAdapter - Downloaded https://repo.maven.apache.org/maven2/com/thoughtworks/xstream/xstream-parent/1.4.4/xstream-parent-1.4.4.pom
2022-02-14 19:25:10,970 [Worker-31: Building] INFO  o.e.m.c.i.e.AbstractTransferListenerAdapter - Downloading https://repo.maven.apache.org/maven2/org/apache/maven/shared/maven-filtering/1.3/maven-filtering-1.3.pom
2022-02-14 19:25:11,736 [Worker-31: Building] INFO  o.e.m.c.i.e.AbstractTransferListenerAdapter - Downloaded https://repo.maven.apache.org/maven2/org/apache/maven/shared/maven-filtering/1.3/maven-filtering-1.3.pom
2022-02-14 19:25:12,051 [Worker-31: Building] INFO  o.e.m.c.i.e.AbstractTransferListenerAdapter - Downloading https://repo.maven.apache.org/maven2/org/apache/maven/shared/maven-shared-utils/0.6/maven-shared-utils-0.6.pom
2022-02-14 19:25:12,272 [Worker-31: Building] INFO  o.e.m.c.i.e.AbstractTransferListenerAdapter - Downloaded https://repo.maven.apache.org/maven2/org/apache/maven/shared/maven-shared-utils/0.6/maven-shared-utils-0.6.pom
2022-02-14 19:25:12,540 [Worker-31: Building] INFO  o.e.m.c.i.e.AbstractTransferListenerAdapter - Downloading https://repo.maven.apache.org/maven2/org/apache/maven/shared/maven-mapping/1.0/maven-mapping-1.0.pom
2022-02-14 19:25:12,811 [Worker-31: Building] INFO  o.e.m.c.i.e.AbstractTransferListenerAdapter - Downloaded https://repo.maven.apache.org/maven2/org/apache/maven/shared/maven-mapping/1.0/maven-mapping-1.0.pom
2022-02-14 19:25:13,153 [AetherRepositoryConnector-repo.maven.apache.org-0-1] INFO  o.e.m.c.i.e.AbstractTransferListenerAdapter - Downloading https://repo.maven.apache.org/maven2/com/thoughtworks/xstream/xstream/1.4.4/xstream-1.4.4.jar
2022-02-14 19:25:13,420 [AetherRepositoryConnector-repo.maven.apache.org-0-2] INFO  o.e.m.c.i.e.AbstractTransferListenerAdapter - Downloading https://repo.maven.apache.org/maven2/org/apache/maven/shared/maven-filtering/1.3/maven-filtering-1.3.jar
2022-02-14 19:25:13,421 [AetherRepositoryConnector-repo.maven.apache.org-0-3] INFO  o.e.m.c.i.e.AbstractTransferListenerAdapter - Downloading https://repo.maven.apache.org/maven2/org/apache/maven/shared/maven-mapping/1.0/maven-mapping-1.0.jar
2022-02-14 19:25:13,438 [AetherRepositoryConnector-repo.maven.apache.org-0-0] INFO  o.e.m.c.i.e.AbstractTransferListenerAdapter - Downloading https://repo.maven.apache.org/maven2/org/codehaus/plexus/plexus-io/2.4.1/plexus-io-2.4.1.jar
2022-02-14 19:25:14,587 [AetherRepositoryConnector-repo.maven.apache.org-0-3] INFO  o.e.m.c.i.e.AbstractTransferListenerAdapter - Downloaded https://repo.maven.apache.org/maven2/org/apache/maven/shared/maven-mapping/1.0/maven-mapping-1.0.jar
2022-02-14 19:25:16,145 [AetherRepositoryConnector-repo.maven.apache.org-0-2] INFO  o.e.m.c.i.e.AbstractTransferListenerAdapter - Downloaded https://repo.maven.apache.org/maven2/org/apache/maven/shared/maven-filtering/1.3/maven-filtering-1.3.jar
2022-02-14 19:25:17,370 [AetherRepositoryConnector-repo.maven.apache.org-0-0] INFO  o.e.m.c.i.e.AbstractTransferListenerAdapter - Downloaded https://repo.maven.apache.org/maven2/org/codehaus/plexus/plexus-io/2.4.1/plexus-io-2.4.1.jar
2022-02-14 19:25:23,905 [AetherRepositoryConnector-repo.maven.apache.org-0-1] INFO  o.e.m.c.i.e.AbstractTransferListenerAdapter - Downloaded https://repo.maven.apache.org/maven2/com/thoughtworks/xstream/xstream/1.4.4/xstream-1.4.4.jar
2022-02-14 19:25:26,322 [Worker-31: Building] INFO  o.e.m.c.i.embedder.EclipseLogger - Using 'UTF-8' encoding to copy filtered resources.
2022-02-14 19:25:26,327 [Worker-31: Building] INFO  o.e.m.c.i.embedder.EclipseLogger - Copying 0 resource
2022-02-14 19:25:26,327 [Worker-31: Building] INFO  o.e.m.c.i.embedder.EclipseLogger - Copying 0 resource
2022-02-14 19:25:26,333 [Worker-31: Building] INFO  o.e.m.c.i.embedder.EclipseLogger - Using 'UTF-8' encoding to copy filtered resources.
2022-02-14 19:25:26,333 [Worker-31: Building] INFO  o.e.m.c.i.embedder.EclipseLogger - skip non existing resourceDirectory E:\Work\ideajava\GraduationProject\SecKill\SecKill\miaosha_2\src\test\resources
2022-02-14 19:25:26,338 [Worker-31: Building] INFO  o.e.m.w.i.f.ResourceFilteringBuildParticipant - Changed resources require a complete clean of filtered resources of miaosha_2
2022-02-14 19:25:26,339 [Worker-31: Building] INFO  o.e.m.w.i.f.ResourceFilteringBuildParticipant - Executing resource filtering for miaosha_2
2022-02-14 19:25:26,539 [Worker-31: Building] INFO  o.e.m.c.i.embedder.EclipseLogger - Using 'UTF-8' encoding to copy filtered resources.
2022-02-14 19:46:18,625 [Worker-44: Building] INFO  o.e.m.c.i.l.LifecycleMappingFactory - Using org.maven.ide.eclipse.wtp.WarLifecycleMapping lifecycle mapping for MavenProject: com.kirin:miaosha_2:0.0.1-SNAPSHOT @ E:\Work\ideajava\GraduationProject\SecKill\SecKill\miaosha_2\pom.xml.
2022-02-14 19:46:19,866 [Worker-44: Building] INFO  o.e.m.c.i.embedder.EclipseLogger - Using 'UTF-8' encoding to copy filtered resources.
2022-02-14 19:46:19,880 [Worker-44: Building] INFO  o.e.m.c.i.embedder.EclipseLogger - Copying 1 resource
2022-02-14 19:46:19,893 [Worker-44: Building] INFO  o.e.m.c.i.embedder.EclipseLogger - Copying 0 resource
2022-02-14 19:46:19,895 [Worker-44: Building] INFO  o.e.m.c.i.embedder.EclipseLogger - Using 'UTF-8' encoding to copy filtered resources.
2022-02-14 19:46:19,896 [Worker-44: Building] INFO  o.e.m.c.i.embedder.EclipseLogger - skip non existing resourceDirectory E:\Work\ideajava\GraduationProject\SecKill\SecKill\miaosha_2\src\test\resources
2022-02-14 19:46:19,896 [Worker-44: Building] INFO  o.e.m.w.i.f.ResourceFilteringBuildParticipant - Changed resources require a complete clean of filtered resources of miaosha_2
2022-02-14 19:46:19,896 [Worker-44: Building] INFO  o.e.m.w.i.f.ResourceFilteringBuildParticipant - Executing resource filtering for miaosha_2
2022-02-14 19:46:19,901 [Worker-44: Building] INFO  o.e.m.c.i.embedder.EclipseLogger - Using 'UTF-8' encoding to copy filtered resources.
2022-02-14 19:58:56,121 [Worker-44: Building] INFO  o.e.m.c.i.l.LifecycleMappingFactory - Using org.eclipse.m2e.jdt.JarLifecycleMapping lifecycle mapping for MavenProject: com.kirin:miaosha_2:0.0.1-SNAPSHOT @ E:\Work\ideajava\GraduationProject\SecKill\SecKill\miaosha_2\pom.xml.
2022-02-14 19:58:57,117 [Worker-44: Building] INFO  o.e.m.c.i.embedder.EclipseLogger - Using 'UTF-8' encoding to copy filtered resources.
2022-02-14 19:58:57,128 [Worker-44: Building] INFO  o.e.m.c.i.embedder.EclipseLogger - Copying 1 resource
2022-02-14 19:58:57,145 [Worker-44: Building] INFO  o.e.m.c.i.embedder.EclipseLogger - Copying 39 resources
2022-02-14 19:58:57,159 [Worker-44: Building] INFO  o.e.m.c.i.embedder.EclipseLogger - Using 'UTF-8' encoding to copy filtered resources.
2022-02-14 19:58:57,159 [Worker-44: Building] INFO  o.e.m.c.i.embedder.EclipseLogger - skip non existing resourceDirectory E:\Work\ideajava\GraduationProject\SecKill\SecKill\miaosha_2\src\test\resources
2022-02-14 19:58:58,998 [Worker-51: Building] INFO  o.e.m.c.i.embedder.EclipseLogger - Using 'UTF-8' encoding to copy filtered resources.
2022-02-14 19:58:59,003 [Worker-51: Building] INFO  o.e.m.c.i.embedder.EclipseLogger - Copying 1 resource
2022-02-14 19:58:59,009 [Worker-51: Building] INFO  o.e.m.c.i.embedder.EclipseLogger - Copying 39 resources
2022-02-14 19:58:59,134 [Worker-51: Building] INFO  o.e.m.c.i.embedder.EclipseLogger - Using 'UTF-8' encoding to copy filtered resources.
2022-02-14 19:58:59,134 [Worker-51: Building] INFO  o.e.m.c.i.embedder.EclipseLogger - skip non existing resourceDirectory E:\Work\ideajava\GraduationProject\SecKill\SecKill\miaosha_2\src\test\resources
2022-02-14 20:11:04,163 [Worker-54: Building] INFO  o.e.m.c.i.embedder.EclipseLogger - Using 'UTF-8' encoding to copy filtered resources.
2022-02-14 20:11:04,173 [Worker-54: Building] INFO  o.e.m.c.i.embedder.EclipseLogger - Copying 1 resource
2022-02-14 20:11:04,180 [Worker-54: Building] INFO  o.e.m.c.i.embedder.EclipseLogger - Copying 39 resources
2022-02-14 20:11:04,190 [Worker-54: Building] INFO  o.e.m.c.i.embedder.EclipseLogger - Using 'UTF-8' encoding to copy filtered resources.
2022-02-14 20:11:04,191 [Worker-54: Building] INFO  o.e.m.c.i.embedder.EclipseLogger - skip non existing resourceDirectory E:\Work\ideajava\GraduationProject\SecKill\SecKill\miaosha_2\src\test\resources
2022-02-14 20:11:06,135 [Worker-56: Building] INFO  o.e.m.c.i.l.LifecycleMappingFactory - Using org.eclipse.m2e.jdt.JarLifecycleMapping lifecycle mapping for MavenProject: com.kirin:miaosha_2:0.0.1-SNAPSHOT @ E:\Work\ideajava\GraduationProject\SecKill\SecKill\miaosha_2\pom.xml.
2022-02-14 20:11:06,774 [Worker-56: Building] INFO  o.e.m.c.i.embedder.EclipseLogger - Using 'UTF-8' encoding to copy filtered resources.
2022-02-14 20:11:06,776 [Worker-56: Building] INFO  o.e.m.c.i.embedder.EclipseLogger - Copying 0 resource
2022-02-14 20:11:06,776 [Worker-56: Building] INFO  o.e.m.c.i.embedder.EclipseLogger - Copying 0 resource
2022-02-14 20:11:06,777 [Worker-56: Building] INFO  o.e.m.c.i.embedder.EclipseLogger - Using 'UTF-8' encoding to copy filtered resources.
2022-02-14 20:11:06,777 [Worker-56: Building] INFO  o.e.m.c.i.embedder.EclipseLogger - skip non existing resourceDirectory E:\Work\ideajava\GraduationProject\SecKill\SecKill\miaosha_2\src\test\resources
2022-02-14 20:22:54,152 [Worker-57: Building] INFO  o.e.m.c.i.embedder.EclipseLogger - Using 'UTF-8' encoding to copy filtered resources.
2022-02-14 20:22:54,157 [Worker-57: Building] INFO  o.e.m.c.i.embedder.EclipseLogger - Copying 1 resource
2022-02-14 20:22:54,172 [Worker-57: Building] INFO  o.e.m.c.i.embedder.EclipseLogger - Copying 39 resources
2022-02-14 20:22:54,182 [Worker-57: Building] INFO  o.e.m.c.i.embedder.EclipseLogger - Using 'UTF-8' encoding to copy filtered resources.
2022-02-14 20:22:54,182 [Worker-57: Building] INFO  o.e.m.c.i.embedder.EclipseLogger - skip non existing resourceDirectory E:\Work\ideajava\GraduationProject\SecKill\SecKill\miaosha_2\src\test\resources
2022-02-14 20:27:09,497 [Worker-61: Building] INFO  o.e.m.c.i.l.LifecycleMappingFactory - Using org.eclipse.m2e.jdt.JarLifecycleMapping lifecycle mapping for MavenProject: com.kirin:miaosha_2:0.0.1-SNAPSHOT @ E:\Work\ideajava\GraduationProject\SecKill\SecKill\miaosha_2\pom.xml.
2022-02-14 20:27:10,151 [Worker-61: Building] INFO  o.e.m.c.i.embedder.EclipseLogger - Using 'UTF-8' encoding to copy filtered resources.
2022-02-14 20:27:10,153 [Worker-61: Building] INFO  o.e.m.c.i.embedder.EclipseLogger - Copying 0 resource
2022-02-14 20:27:10,153 [Worker-61: Building] INFO  o.e.m.c.i.embedder.EclipseLogger - Copying 0 resource
2022-02-14 20:27:10,155 [Worker-61: Building] INFO  o.e.m.c.i.embedder.EclipseLogger - Using 'UTF-8' encoding to copy filtered resources.
2022-02-14 20:27:10,155 [Worker-61: Building] INFO  o.e.m.c.i.embedder.EclipseLogger - skip non existing resourceDirectory E:\Work\ideajava\GraduationProject\SecKill\SecKill\miaosha_2\src\test\resources
2022-02-14 20:32:46,436 [Worker-62: Building] INFO  o.e.m.c.i.l.LifecycleMappingFactory - Using org.eclipse.m2e.jdt.JarLifecycleMapping lifecycle mapping for MavenProject: com.kirin:miaosha_2:0.0.1-SNAPSHOT @ E:\Work\ideajava\GraduationProject\SecKill\SecKill\miaosha_2\pom.xml.
2022-02-14 20:32:48,317 [Worker-62: Building] INFO  o.e.m.c.i.e.AbstractTransferListenerAdapter - Downloading https://repo.maven.apache.org/maven2/org/springframework/boot/spring-boot-devtools/1.5.9.RELEASE/spring-boot-devtools-1.5.9.RELEASE.pom
2022-02-14 20:32:48,980 [Worker-62: Building] INFO  o.e.m.c.i.e.AbstractTransferListenerAdapter - Downloaded https://repo.maven.apache.org/maven2/org/springframework/boot/spring-boot-devtools/1.5.9.RELEASE/spring-boot-devtools-1.5.9.RELEASE.pom
2022-02-14 20:32:49,258 [Worker-62: Building] INFO  o.e.m.c.i.e.AbstractTransferListenerAdapter - Downloading https://repo.maven.apache.org/maven2/org/springframework/boot/spring-boot-devtools/1.5.9.RELEASE/spring-boot-devtools-1.5.9.RELEASE.jar
2022-02-14 20:32:52,927 [Worker-62: Building] INFO  o.e.m.c.i.e.AbstractTransferListenerAdapter - Downloaded https://repo.maven.apache.org/maven2/org/springframework/boot/spring-boot-devtools/1.5.9.RELEASE/spring-boot-devtools-1.5.9.RELEASE.jar
2022-02-14 20:32:53,713 [Worker-62: Building] INFO  o.e.m.c.i.embedder.EclipseLogger - Using 'UTF-8' encoding to copy filtered resources.
2022-02-14 20:32:53,714 [Worker-62: Building] INFO  o.e.m.c.i.embedder.EclipseLogger - Copying 0 resource
2022-02-14 20:32:53,715 [Worker-62: Building] INFO  o.e.m.c.i.embedder.EclipseLogger - Copying 0 resource
2022-02-14 20:32:53,716 [Worker-62: Building] INFO  o.e.m.c.i.embedder.EclipseLogger - Using 'UTF-8' encoding to copy filtered resources.
2022-02-14 20:32:53,716 [Worker-62: Building] INFO  o.e.m.c.i.embedder.EclipseLogger - skip non existing resourceDirectory E:\Work\ideajava\GraduationProject\SecKill\SecKill\miaosha_2\src\test\resources
2022-02-14 20:32:55,142 [Worker-65: Building] INFO  o.e.m.c.i.embedder.EclipseLogger - Using 'UTF-8' encoding to copy filtered resources.
2022-02-14 20:32:55,148 [Worker-65: Building] INFO  o.e.m.c.i.embedder.EclipseLogger - Copying 1 resource
2022-02-14 20:32:55,163 [Worker-65: Building] INFO  o.e.m.c.i.embedder.EclipseLogger - Copying 39 resources
2022-02-14 20:32:55,289 [Worker-65: Building] INFO  o.e.m.c.i.embedder.EclipseLogger - Using 'UTF-8' encoding to copy filtered resources.
2022-02-14 20:32:55,289 [Worker-65: Building] INFO  o.e.m.c.i.embedder.EclipseLogger - skip non existing resourceDirectory E:\Work\ideajava\GraduationProject\SecKill\SecKill\miaosha_2\src\test\resources
2022-02-14 20:32:55,901 [Worker-59: Download sources and javadoc] INFO  o.e.m.c.i.e.AbstractTransferListenerAdapter - Downloading https://repo.maven.apache.org/maven2/org/springframework/boot/spring-boot-devtools/1.5.9.RELEASE/spring-boot-devtools-1.5.9.RELEASE-sources.jar
2022-02-14 20:32:58,395 [Worker-59: Download sources and javadoc] INFO  o.e.m.c.i.e.AbstractTransferListenerAdapter - Downloaded https://repo.maven.apache.org/maven2/org/springframework/boot/spring-boot-devtools/1.5.9.RELEASE/spring-boot-devtools-1.5.9.RELEASE-sources.jar
2022-02-14 20:32:58,452 [Worker-59: Download sources and javadoc] INFO  o.e.m.j.internal.DownloadSourcesJob - Downloaded sources for org.springframework.boot:spring-boot-devtools:1.5.9.RELEASE
2022-02-14 20:32:58,833 [Worker-59: Building] INFO  o.e.m.c.i.embedder.EclipseLogger - Using 'UTF-8' encoding to copy filtered resources.
2022-02-14 20:32:58,833 [Worker-59: Building] INFO  o.e.m.c.i.embedder.EclipseLogger - Copying 0 resource
2022-02-14 20:32:58,833 [Worker-59: Building] INFO  o.e.m.c.i.embedder.EclipseLogger - Copying 0 resource
2022-02-14 20:32:58,834 [Worker-59: Building] INFO  o.e.m.c.i.embedder.EclipseLogger - Using 'UTF-8' encoding to copy filtered resources.
2022-02-14 20:32:58,835 [Worker-59: Building] INFO  o.e.m.c.i.embedder.EclipseLogger - skip non existing resourceDirectory E:\Work\ideajava\GraduationProject\SecKill\SecKill\miaosha_2\src\test\resources
2022-02-14 20:34:08,229 [Worker-62: Building] INFO  o.e.m.c.i.l.LifecycleMappingFactory - Using org.eclipse.m2e.jdt.JarLifecycleMapping lifecycle mapping for MavenProject: com.kirin:miaosha_2:0.0.1-SNAPSHOT @ E:\Work\ideajava\GraduationProject\SecKill\SecKill\miaosha_2\pom.xml.
2022-02-14 20:34:09,248 [Worker-62: Building] INFO  o.e.m.c.i.embedder.EclipseLogger - Using 'UTF-8' encoding to copy filtered resources.
2022-02-14 20:34:09,251 [Worker-62: Building] INFO  o.e.m.c.i.embedder.EclipseLogger - Copying 0 resource
2022-02-14 20:34:09,251 [Worker-62: Building] INFO  o.e.m.c.i.embedder.EclipseLogger - Copying 0 resource
2022-02-14 20:34:09,254 [Worker-62: Building] INFO  o.e.m.c.i.embedder.EclipseLogger - Using 'UTF-8' encoding to copy filtered resources.
2022-02-14 20:34:09,254 [Worker-62: Building] INFO  o.e.m.c.i.embedder.EclipseLogger - skip non existing resourceDirectory E:\Work\ideajava\GraduationProject\SecKill\SecKill\miaosha_2\src\test\resources
2022-02-14 20:36:47,955 [Worker-67: Building] INFO  o.e.m.c.i.l.LifecycleMappingFactory - Using org.eclipse.m2e.jdt.JarLifecycleMapping lifecycle mapping for MavenProject: com.kirin:miaosha_2:0.0.1-SNAPSHOT @ E:\Work\ideajava\GraduationProject\SecKill\SecKill\miaosha_2\pom.xml.
2022-02-14 20:36:48,896 [Worker-67: Building] INFO  o.e.m.c.i.embedder.EclipseLogger - Using 'UTF-8' encoding to copy filtered resources.
2022-02-14 20:36:48,903 [Worker-67: Building] INFO  o.e.m.c.i.embedder.EclipseLogger - Copying 1 resource
2022-02-14 20:36:48,920 [Worker-67: Building] INFO  o.e.m.c.i.embedder.EclipseLogger - Copying 39 resources
2022-02-14 20:36:48,929 [Worker-67: Building] INFO  o.e.m.c.i.embedder.EclipseLogger - Using 'UTF-8' encoding to copy filtered resources.
2022-02-14 20:36:48,930 [Worker-67: Building] INFO  o.e.m.c.i.embedder.EclipseLogger - skip non existing resourceDirectory E:\Work\ideajava\GraduationProject\SecKill\SecKill\miaosha_2\src\test\resources
2022-02-14 21:05:55,131 [Worker-74: reload maven project] ERROR o.e.m2e.editor.pom.MavenPomEditor - failed to load maven project for org.eclipse.ui.part.FileEditorInput(/miaosha_2/pom.xml)
org.eclipse.core.runtime.CoreException: Could not read maven project
	at org.eclipse.m2e.core.internal.project.registry.ProjectRegistryManager.readProjectWithDependencies(ProjectRegistryManager.java:850)
	at org.eclipse.m2e.core.internal.project.registry.ProjectRegistryManager.lambda$22(ProjectRegistryManager.java:1069)
	at com.google.common.cache.LocalCache$LocalManualCache$1.load(LocalCache.java:4878)
	at com.google.common.cache.LocalCache$LoadingValueReference.loadFuture(LocalCache.java:3529)
	at com.google.common.cache.LocalCache$Segment.loadSync(LocalCache.java:2278)
	at com.google.common.cache.LocalCache$Segment.lockedGetOrLoad(LocalCache.java:2155)
	at com.google.common.cache.LocalCache$Segment.get(LocalCache.java:2045)
	at com.google.common.cache.LocalCache.get(LocalCache.java:3953)
	at com.google.common.cache.LocalCache$LocalManualCache.get(LocalCache.java:4873)
	at org.eclipse.m2e.core.internal.project.registry.ProjectRegistryManager.getMavenProject(ProjectRegistryManager.java:1068)
	at org.eclipse.m2e.core.internal.project.registry.MavenProjectFacade.getMavenProject(MavenProjectFacade.java:243)
	at org.eclipse.m2e.core.ui.internal.actions.SelectionUtil.getMavenProject(SelectionUtil.java:261)
	at org.eclipse.m2e.editor.pom.MavenPomEditor.readMavenProject(MavenPomEditor.java:634)
	at org.eclipse.m2e.editor.pom.MavenPomEditor$3.run(MavenPomEditor.java:938)
	at org.eclipse.core.internal.jobs.Worker.run(Worker.java:63)
2022-02-14 21:05:55,314 [Worker-61: Building] ERROR o.e.m.c.i.p.r.ProjectRegistryManager - Could not read pom.xml
org.eclipse.core.runtime.CoreException: Could not read pom.xml
	at org.eclipse.m2e.core.internal.embedder.MavenImpl.readModel(MavenImpl.java:560)
	at org.eclipse.m2e.core.internal.project.registry.ProjectRegistryManager.refreshPhase2(ProjectRegistryManager.java:562)
	at org.eclipse.m2e.core.internal.project.registry.ProjectRegistryManager.refresh(ProjectRegistryManager.java:518)
	at org.eclipse.m2e.core.internal.project.registry.ProjectRegistryManager.refresh(ProjectRegistryManager.java:364)
	at org.eclipse.m2e.core.internal.project.registry.ProjectRegistryManager.refresh(ProjectRegistryManager.java:315)
	at org.eclipse.m2e.core.internal.builder.MavenBuilder$BuildMethod.getProjectFacade(MavenBuilder.java:151)
	at org.eclipse.m2e.core.internal.builder.MavenBuilder$BuildMethod.lambda$0(MavenBuilder.java:89)
	at org.eclipse.m2e.core.internal.embedder.MavenExecutionContext.executeBare(MavenExecutionContext.java:179)
	at org.eclipse.m2e.core.internal.embedder.MavenExecutionContext.execute(MavenExecutionContext.java:153)
	at org.eclipse.m2e.core.internal.embedder.MavenExecutionContext.execute(MavenExecutionContext.java:101)
	at org.eclipse.m2e.core.internal.builder.MavenBuilder$BuildMethod.execute(MavenBuilder.java:88)
	at org.eclipse.m2e.core.internal.builder.MavenBuilder.build(MavenBuilder.java:197)
	at org.eclipse.core.internal.events.BuildManager$2.run(BuildManager.java:845)
	at org.eclipse.core.runtime.SafeRunner.run(SafeRunner.java:45)
	at org.eclipse.core.internal.events.BuildManager.basicBuild(BuildManager.java:228)
	at org.eclipse.core.internal.events.BuildManager.basicBuild(BuildManager.java:276)
	at org.eclipse.core.internal.events.BuildManager$1.run(BuildManager.java:329)
	at org.eclipse.core.runtime.SafeRunner.run(SafeRunner.java:45)
	at org.eclipse.core.internal.events.BuildManager.basicBuild(BuildManager.java:332)
	at org.eclipse.core.internal.events.BuildManager.basicBuildLoop(BuildManager.java:384)
	at org.eclipse.core.internal.events.BuildManager.build(BuildManager.java:405)
	at org.eclipse.core.internal.events.AutoBuildJob.doBuild(AutoBuildJob.java:154)
	at org.eclipse.core.internal.events.AutoBuildJob.run(AutoBuildJob.java:244)
	at org.eclipse.core.internal.jobs.Worker.run(Worker.java:63)
Caused by: org.apache.maven.model.io.ModelParseException: in comment after two dashes (--) next character must be > not   (position: END_TAG seen ...</artifactId>\r\n\t\t</plugin>\r\n\t\t<!-- <!-- ... @135:13) 
	at org.apache.maven.model.io.DefaultModelReader.read(DefaultModelReader.java:117)
	at org.apache.maven.model.io.DefaultModelReader.read(DefaultModelReader.java:85)
	at org.eclipse.m2e.core.internal.embedder.MavenImpl.readModel(MavenImpl.java:558)
	... 23 common frames omitted
Caused by: org.codehaus.plexus.util.xml.pull.XmlPullParserException: in comment after two dashes (--) next character must be > not   (position: END_TAG seen ...</artifactId>\r\n\t\t</plugin>\r\n\t\t<!-- <!-- ... @135:13) 
	at org.codehaus.plexus.util.xml.pull.MXParser.parseComment(MXParser.java:2905)
	at org.codehaus.plexus.util.xml.pull.MXParser.nextImpl(MXParser.java:1420)
	at org.codehaus.plexus.util.xml.pull.MXParser.next(MXParser.java:1319)
	at org.codehaus.plexus.util.xml.pull.MXParser.nextTag(MXParser.java:1302)
	at org.apache.maven.model.io.xpp3.MavenXpp3Reader.parsePluginManagement(MavenXpp3Reader.java:3007)
	at org.apache.maven.model.io.xpp3.MavenXpp3Reader.parseBuild(MavenXpp3Reader.java:978)
	at org.apache.maven.model.io.xpp3.MavenXpp3Reader.parseModel(MavenXpp3Reader.java:2281)
	at org.apache.maven.model.io.xpp3.MavenXpp3Reader.read(MavenXpp3Reader.java:3872)
	at org.apache.maven.model.io.xpp3.MavenXpp3Reader.read(MavenXpp3Reader.java:595)
	at org.apache.maven.model.io.DefaultModelReader.read(DefaultModelReader.java:112)
	... 25 common frames omitted
2022-02-14 21:05:56,891 [Worker-61: Building] ERROR o.e.m.c.i.p.r.ProjectRegistryManager - Could not read pom.xml
org.eclipse.core.runtime.CoreException: Could not read pom.xml
	at org.eclipse.m2e.core.internal.embedder.MavenImpl.readModel(MavenImpl.java:560)
	at org.eclipse.m2e.core.internal.project.registry.ProjectRegistryManager.refreshPhase2(ProjectRegistryManager.java:562)
	at org.eclipse.m2e.core.internal.project.registry.ProjectRegistryManager.refresh(ProjectRegistryManager.java:518)
	at org.eclipse.m2e.core.internal.project.registry.ProjectRegistryManager.refresh(ProjectRegistryManager.java:364)
	at org.eclipse.m2e.core.internal.project.registry.ProjectRegistryManager.refresh(ProjectRegistryManager.java:315)
	at org.eclipse.m2e.core.internal.builder.MavenBuilder$BuildMethod.getProjectFacade(MavenBuilder.java:151)
	at org.eclipse.m2e.core.internal.builder.MavenBuilder$BuildMethod.lambda$0(MavenBuilder.java:89)
	at org.eclipse.m2e.core.internal.embedder.MavenExecutionContext.executeBare(MavenExecutionContext.java:179)
	at org.eclipse.m2e.core.internal.embedder.MavenExecutionContext.execute(MavenExecutionContext.java:153)
	at org.eclipse.m2e.core.internal.embedder.MavenExecutionContext.execute(MavenExecutionContext.java:101)
	at org.eclipse.m2e.core.internal.builder.MavenBuilder$BuildMethod.execute(MavenBuilder.java:88)
	at org.eclipse.m2e.core.internal.builder.MavenBuilder.build(MavenBuilder.java:197)
	at org.eclipse.core.internal.events.BuildManager$2.run(BuildManager.java:845)
	at org.eclipse.core.runtime.SafeRunner.run(SafeRunner.java:45)
	at org.eclipse.core.internal.events.BuildManager.basicBuild(BuildManager.java:228)
	at org.eclipse.core.internal.events.BuildManager.basicBuild(BuildManager.java:276)
	at org.eclipse.core.internal.events.BuildManager$1.run(BuildManager.java:329)
	at org.eclipse.core.runtime.SafeRunner.run(SafeRunner.java:45)
	at org.eclipse.core.internal.events.BuildManager.basicBuild(BuildManager.java:332)
	at org.eclipse.core.internal.events.BuildManager.basicBuildLoop(BuildManager.java:384)
	at org.eclipse.core.internal.events.BuildManager.build(BuildManager.java:405)
	at org.eclipse.core.internal.events.AutoBuildJob.doBuild(AutoBuildJob.java:154)
	at org.eclipse.core.internal.events.AutoBuildJob.run(AutoBuildJob.java:244)
	at org.eclipse.core.internal.jobs.Worker.run(Worker.java:63)
Caused by: org.apache.maven.model.io.ModelParseException: in comment after two dashes (--) next character must be > not   (position: END_TAG seen ...</artifactId>\r\n\t\t</plugin>\r\n\t\t<!-- <!-- ... @135:13) 
	at org.apache.maven.model.io.DefaultModelReader.read(DefaultModelReader.java:117)
	at org.apache.maven.model.io.DefaultModelReader.read(DefaultModelReader.java:85)
	at org.eclipse.m2e.core.internal.embedder.MavenImpl.readModel(MavenImpl.java:558)
	... 23 common frames omitted
Caused by: org.codehaus.plexus.util.xml.pull.XmlPullParserException: in comment after two dashes (--) next character must be > not   (position: END_TAG seen ...</artifactId>\r\n\t\t</plugin>\r\n\t\t<!-- <!-- ... @135:13) 
	at org.codehaus.plexus.util.xml.pull.MXParser.parseComment(MXParser.java:2905)
	at org.codehaus.plexus.util.xml.pull.MXParser.nextImpl(MXParser.java:1420)
	at org.codehaus.plexus.util.xml.pull.MXParser.next(MXParser.java:1319)
	at org.codehaus.plexus.util.xml.pull.MXParser.nextTag(MXParser.java:1302)
	at org.apache.maven.model.io.xpp3.MavenXpp3Reader.parsePluginManagement(MavenXpp3Reader.java:3007)
	at org.apache.maven.model.io.xpp3.MavenXpp3Reader.parseBuild(MavenXpp3Reader.java:978)
	at org.apache.maven.model.io.xpp3.MavenXpp3Reader.parseModel(MavenXpp3Reader.java:2281)
	at org.apache.maven.model.io.xpp3.MavenXpp3Reader.read(MavenXpp3Reader.java:3872)
	at org.apache.maven.model.io.xpp3.MavenXpp3Reader.read(MavenXpp3Reader.java:595)
	at org.apache.maven.model.io.DefaultModelReader.read(DefaultModelReader.java:112)
	... 25 common frames omitted
2022-02-14 21:06:16,097 [Worker-74: Building] INFO  o.e.m.c.i.l.LifecycleMappingFactory - Using org.eclipse.m2e.jdt.JarLifecycleMapping lifecycle mapping for MavenProject: com.kirin:miaosha_2:0.0.1-SNAPSHOT @ E:\Work\ideajava\GraduationProject\SecKill\SecKill\miaosha_2\pom.xml.
2022-02-14 21:06:17,145 [Worker-74: Building] INFO  o.e.m.c.i.embedder.EclipseLogger - Using 'UTF-8' encoding to copy filtered resources.
2022-02-14 21:06:17,158 [Worker-74: Building] INFO  o.e.m.c.i.embedder.EclipseLogger - Copying 1 resource
2022-02-14 21:06:17,176 [Worker-74: Building] INFO  o.e.m.c.i.embedder.EclipseLogger - Copying 39 resources
2022-02-14 21:06:17,302 [Worker-74: Building] INFO  o.e.m.c.i.embedder.EclipseLogger - Using 'UTF-8' encoding to copy filtered resources.
2022-02-14 21:06:17,302 [Worker-74: Building] INFO  o.e.m.c.i.embedder.EclipseLogger - skip non existing resourceDirectory E:\Work\ideajava\GraduationProject\SecKill\SecKill\miaosha_2\src\test\resources
2022-02-14 21:06:19,417 [Worker-61: Building] INFO  o.e.m.c.i.embedder.EclipseLogger - Using 'UTF-8' encoding to copy filtered resources.
2022-02-14 21:06:19,425 [Worker-61: Building] INFO  o.e.m.c.i.embedder.EclipseLogger - Copying 1 resource
2022-02-14 21:06:19,434 [Worker-61: Building] INFO  o.e.m.c.i.embedder.EclipseLogger - Copying 39 resources
2022-02-14 21:06:19,568 [Worker-61: Building] INFO  o.e.m.c.i.embedder.EclipseLogger - Using 'UTF-8' encoding to copy filtered resources.
2022-02-14 21:06:19,568 [Worker-61: Building] INFO  o.e.m.c.i.embedder.EclipseLogger - skip non existing resourceDirectory E:\Work\ideajava\GraduationProject\SecKill\SecKill\miaosha_2\src\test\resources
2022-02-14 21:10:44,125 [Worker-2: Loading available Gradle versions] INFO  o.e.b.c.i.u.g.PublishedGradleVersions - Gradle version information cache is up-to-date. Trying to read.
2022-02-14 21:14:33,023 [Worker-18: Launching Executing install in E__Work_ideajava_GraduationProject_SecKill_SecKill_miaosha_2] INFO  o.e.m.i.launch.MavenLaunchDelegate - E:\Work\ideajava\GraduationProject\SecKill\SecKill\miaosha_2
2022-02-14 21:14:33,036 [Worker-18: Launching Executing install in E__Work_ideajava_GraduationProject_SecKill_SecKill_miaosha_2] INFO  o.e.m.i.launch.MavenLaunchDelegate -  mvn -B install
2022-02-14 21:14:38,818 [Worker-20: Building] INFO  o.e.m.c.i.embedder.EclipseLogger - Using 'UTF-8' encoding to copy filtered resources.
2022-02-14 21:14:38,821 [Worker-20: Building] INFO  o.e.m.c.i.embedder.EclipseLogger - Copying 1 resource
2022-02-14 21:14:38,834 [Worker-20: Building] INFO  o.e.m.c.i.embedder.EclipseLogger - Copying 39 resources
2022-02-14 21:14:38,844 [Worker-20: Building] INFO  o.e.m.c.i.embedder.EclipseLogger - Using 'UTF-8' encoding to copy filtered resources.
2022-02-14 21:14:38,845 [Worker-20: Building] INFO  o.e.m.c.i.embedder.EclipseLogger - skip non existing resourceDirectory E:\Work\ideajava\GraduationProject\SecKill\SecKill\miaosha_2\src\test\resources
2022-02-14 21:16:13,951 [Worker-20: Launching MainApplication (1)] INFO  o.e.m.c.i.e.AbstractTransferListenerAdapter - Downloading https://repo.maven.apache.org/maven2/org/springframework/boot/spring-boot-maven-plugin/1.5.9.RELEASE/spring-boot-maven-plugin-1.5.9.RELEASE.pom
2022-02-14 21:16:15,195 [Worker-20: Launching MainApplication (1)] INFO  o.e.m.c.i.e.AbstractTransferListenerAdapter - Downloaded https://repo.maven.apache.org/maven2/org/springframework/boot/spring-boot-maven-plugin/1.5.9.RELEASE/spring-boot-maven-plugin-1.5.9.RELEASE.pom
2022-02-14 21:16:15,420 [Worker-20: Launching MainApplication (1)] INFO  o.e.m.c.i.e.AbstractTransferListenerAdapter - Downloading https://repo.maven.apache.org/maven2/org/springframework/boot/spring-boot-tools/1.5.9.RELEASE/spring-boot-tools-1.5.9.RELEASE.pom
2022-02-14 21:16:15,647 [Worker-20: Launching MainApplication (1)] INFO  o.e.m.c.i.e.AbstractTransferListenerAdapter - Downloaded https://repo.maven.apache.org/maven2/org/springframework/boot/spring-boot-tools/1.5.9.RELEASE/spring-boot-tools-1.5.9.RELEASE.pom
2022-02-14 21:16:15,888 [Worker-20: Launching MainApplication (1)] INFO  o.e.m.c.i.e.AbstractTransferListenerAdapter - Downloading https://repo.maven.apache.org/maven2/org/springframework/boot/spring-boot-maven-plugin/1.5.9.RELEASE/spring-boot-maven-plugin-1.5.9.RELEASE.jar
2022-02-14 21:16:17,713 [Worker-20: Launching MainApplication (1)] INFO  o.e.m.c.i.e.AbstractTransferListenerAdapter - Downloaded https://repo.maven.apache.org/maven2/org/springframework/boot/spring-boot-maven-plugin/1.5.9.RELEASE/spring-boot-maven-plugin-1.5.9.RELEASE.jar
2022-02-14 21:16:18,345 [Worker-20: Launching MainApplication (1)] INFO  o.e.m.c.i.l.LifecycleMappingFactory - Using org.eclipse.m2e.jdt.JarLifecycleMapping lifecycle mapping for MavenProject: com.kirin:miaosha_2:0.0.1-SNAPSHOT @ E:\Work\ideajava\GraduationProject\SecKill\SecKill\miaosha_2\pom.xml.
2022-02-14 21:16:18,927 [Worker-20: Launching MainApplication (1)] INFO  o.e.m.c.i.embedder.EclipseLogger - Using 'UTF-8' encoding to copy filtered resources.
2022-02-14 21:16:18,929 [Worker-20: Launching MainApplication (1)] INFO  o.e.m.c.i.embedder.EclipseLogger - Copying 0 resource
2022-02-14 21:16:18,929 [Worker-20: Launching MainApplication (1)] INFO  o.e.m.c.i.embedder.EclipseLogger - Copying 0 resource
2022-02-14 21:16:18,931 [Worker-20: Launching MainApplication (1)] INFO  o.e.m.c.i.embedder.EclipseLogger - Using 'UTF-8' encoding to copy filtered resources.
2022-02-14 21:16:18,931 [Worker-20: Launching MainApplication (1)] INFO  o.e.m.c.i.embedder.EclipseLogger - skip non existing resourceDirectory E:\Work\ideajava\GraduationProject\SecKill\SecKill\miaosha_2\src\test\resources
2022-02-14 21:16:55,567 [Worker-21: Building] INFO  o.e.m.c.i.l.LifecycleMappingFactory - Using org.eclipse.m2e.jdt.JarLifecycleMapping lifecycle mapping for MavenProject: com.kirin:miaosha_2:0.0.1-SNAPSHOT @ E:\Work\ideajava\GraduationProject\SecKill\SecKill\miaosha_2\pom.xml.
2022-02-14 21:16:56,092 [Worker-21: Building] INFO  o.e.m.c.i.embedder.EclipseLogger - Using 'UTF-8' encoding to copy filtered resources.
2022-02-14 21:16:56,094 [Worker-21: Building] INFO  o.e.m.c.i.embedder.EclipseLogger - Copying 0 resource
2022-02-14 21:16:56,094 [Worker-21: Building] INFO  o.e.m.c.i.embedder.EclipseLogger - Copying 0 resource
2022-02-14 21:16:56,097 [Worker-21: Building] INFO  o.e.m.c.i.embedder.EclipseLogger - Using 'UTF-8' encoding to copy filtered resources.
2022-02-14 21:16:56,097 [Worker-21: Building] INFO  o.e.m.c.i.embedder.EclipseLogger - skip non existing resourceDirectory E:\Work\ideajava\GraduationProject\SecKill\SecKill\miaosha_2\src\test\resources
2022-02-14 21:17:35,567 [Worker-23: Building] INFO  o.e.m.c.i.l.LifecycleMappingFactory - Using org.eclipse.m2e.jdt.JarLifecycleMapping lifecycle mapping for MavenProject: com.kirin:miaosha_2:0.0.1-SNAPSHOT @ E:\Work\ideajava\GraduationProject\SecKill\SecKill\miaosha_2\pom.xml.
2022-02-14 21:17:36,081 [Worker-23: Building] INFO  o.e.m.c.i.embedder.EclipseLogger - Using 'UTF-8' encoding to copy filtered resources.
2022-02-14 21:17:36,083 [Worker-23: Building] INFO  o.e.m.c.i.embedder.EclipseLogger - Copying 0 resource
2022-02-14 21:17:36,083 [Worker-23: Building] INFO  o.e.m.c.i.embedder.EclipseLogger - Copying 0 resource
2022-02-14 21:17:36,085 [Worker-23: Building] INFO  o.e.m.c.i.embedder.EclipseLogger - Using 'UTF-8' encoding to copy filtered resources.
2022-02-14 21:17:36,085 [Worker-23: Building] INFO  o.e.m.c.i.embedder.EclipseLogger - skip non existing resourceDirectory E:\Work\ideajava\GraduationProject\SecKill\SecKill\miaosha_2\src\test\resources
2022-02-14 21:18:21,225 [Worker-20: Building] INFO  o.e.m.c.i.l.LifecycleMappingFactory - Using org.eclipse.m2e.jdt.JarLifecycleMapping lifecycle mapping for MavenProject: com.kirin:miaosha_2:0.0.1-SNAPSHOT @ E:\Work\ideajava\GraduationProject\SecKill\SecKill\miaosha_2\pom.xml.
2022-02-14 21:18:21,829 [Worker-20: Building] INFO  o.e.m.c.i.embedder.EclipseLogger - Using 'UTF-8' encoding to copy filtered resources.
2022-02-14 21:18:21,831 [Worker-20: Building] INFO  o.e.m.c.i.embedder.EclipseLogger - Copying 0 resource
2022-02-14 21:18:21,832 [Worker-20: Building] INFO  o.e.m.c.i.embedder.EclipseLogger - Copying 0 resource
2022-02-14 21:18:21,834 [Worker-20: Building] INFO  o.e.m.c.i.embedder.EclipseLogger - Using 'UTF-8' encoding to copy filtered resources.
2022-02-14 21:18:21,834 [Worker-20: Building] INFO  o.e.m.c.i.embedder.EclipseLogger - skip non existing resourceDirectory E:\Work\ideajava\GraduationProject\SecKill\SecKill\miaosha_2\src\test\resources
2022-02-14 21:26:21,824 [Worker-24: Building] INFO  o.e.m.c.i.l.LifecycleMappingFactory - Using org.eclipse.m2e.jdt.JarLifecycleMapping lifecycle mapping for MavenProject: com.kirin:miaosha_2:0.0.1-SNAPSHOT @ E:\Work\ideajava\GraduationProject\SecKill\SecKill\miaosha_2\pom.xml.
2022-02-14 21:26:22,581 [Worker-24: Building] INFO  o.e.m.c.i.embedder.EclipseLogger - Using 'UTF-8' encoding to copy filtered resources.
2022-02-14 21:26:22,588 [Worker-24: Building] INFO  o.e.m.c.i.embedder.EclipseLogger - Copying 1 resource
2022-02-14 21:26:22,603 [Worker-24: Building] INFO  o.e.m.c.i.embedder.EclipseLogger - Copying 39 resources
2022-02-14 21:26:22,609 [Worker-24: Building] INFO  o.e.m.c.i.embedder.EclipseLogger - Using 'UTF-8' encoding to copy filtered resources.
2022-02-14 21:26:22,609 [Worker-24: Building] INFO  o.e.m.c.i.embedder.EclipseLogger - skip non existing resourceDirectory E:\Work\ideajava\GraduationProject\SecKill\SecKill\miaosha_2\src\test\resources
2022-02-14 21:26:39,216 [Worker-24: Building] INFO  o.e.m.c.i.l.LifecycleMappingFactory - Using org.eclipse.m2e.jdt.JarLifecycleMapping lifecycle mapping for MavenProject: com.kirin:miaosha_2:0.0.1-SNAPSHOT @ E:\Work\ideajava\GraduationProject\SecKill\SecKill\miaosha_2\pom.xml.
2022-02-14 21:26:40,003 [Worker-24: Building] INFO  o.e.m.c.i.embedder.EclipseLogger - Using 'UTF-8' encoding to copy filtered resources.
2022-02-14 21:26:40,011 [Worker-24: Building] INFO  o.e.m.c.i.embedder.EclipseLogger - Copying 1 resource
2022-02-14 21:26:40,027 [Worker-24: Building] INFO  o.e.m.c.i.embedder.EclipseLogger - Copying 39 resources
2022-02-14 21:26:40,036 [Worker-24: Building] INFO  o.e.m.c.i.embedder.EclipseLogger - Using 'UTF-8' encoding to copy filtered resources.
2022-02-14 21:26:40,036 [Worker-24: Building] INFO  o.e.m.c.i.embedder.EclipseLogger - skip non existing resourceDirectory E:\Work\ideajava\GraduationProject\SecKill\SecKill\miaosha_2\src\test\resources
2022-02-14 21:27:31,916 [Worker-1: Loading available Gradle versions] INFO  o.e.b.c.i.u.g.PublishedGradleVersions - Gradle version information cache is up-to-date. Trying to read.
2022-02-14 21:29:24,113 [Worker-3: Building] INFO  o.e.m.c.i.l.LifecycleMappingFactory - Using org.eclipse.m2e.jdt.JarLifecycleMapping lifecycle mapping for MavenProject: com.kirin:miaosha_2:0.0.1-SNAPSHOT @ E:\Work\ideajava\GraduationProject\SecKill\SecKill\miaosha_2\pom.xml.
2022-02-14 21:29:24,878 [Worker-3: Building] INFO  o.e.m.c.i.embedder.EclipseLogger - Using 'UTF-8' encoding to copy filtered resources.
2022-02-14 21:29:24,882 [Worker-3: Building] INFO  o.e.m.c.i.embedder.EclipseLogger - Copying 1 resource
2022-02-14 21:29:24,898 [Worker-3: Building] INFO  o.e.m.c.i.embedder.EclipseLogger - Copying 39 resources
2022-02-14 21:29:24,908 [Worker-3: Building] INFO  o.e.m.c.i.embedder.EclipseLogger - Using 'UTF-8' encoding to copy filtered resources.
2022-02-14 21:29:24,909 [Worker-3: Building] INFO  o.e.m.c.i.embedder.EclipseLogger - skip non existing resourceDirectory E:\Work\ideajava\GraduationProject\SecKill\SecKill\miaosha_2\src\test\resources
2022-02-14 21:29:27,452 [Worker-19: Building] INFO  o.e.m.c.i.embedder.EclipseLogger - Using 'UTF-8' encoding to copy filtered resources.
2022-02-14 21:29:27,461 [Worker-19: Building] INFO  o.e.m.c.i.embedder.EclipseLogger - Copying 1 resource
2022-02-14 21:29:27,472 [Worker-19: Building] INFO  o.e.m.c.i.embedder.EclipseLogger - Copying 39 resources
2022-02-14 21:29:27,615 [Worker-19: Building] INFO  o.e.m.c.i.embedder.EclipseLogger - Using 'UTF-8' encoding to copy filtered resources.
2022-02-14 21:29:27,615 [Worker-19: Building] INFO  o.e.m.c.i.embedder.EclipseLogger - skip non existing resourceDirectory E:\Work\ideajava\GraduationProject\SecKill\SecKill\miaosha_2\src\test\resources
2022-02-15 00:25:49,433 [Worker-42: Building] INFO  o.e.m.c.i.embedder.EclipseLogger - Using 'UTF-8' encoding to copy filtered resources.
2022-02-15 00:25:49,446 [Worker-42: Building] INFO  o.e.m.c.i.embedder.EclipseLogger - Copying 1 resource
2022-02-15 00:25:49,455 [Worker-42: Building] INFO  o.e.m.c.i.embedder.EclipseLogger - Copying 39 resources
2022-02-15 00:25:49,464 [Worker-42: Building] INFO  o.e.m.c.i.embedder.EclipseLogger - Using 'UTF-8' encoding to copy filtered resources.
2022-02-15 00:25:49,464 [Worker-42: Building] INFO  o.e.m.c.i.embedder.EclipseLogger - skip non existing resourceDirectory E:\Work\ideajava\GraduationProject\SecKill\SecKill\miaosha_2\src\test\resources
2022-02-15 00:25:51,277 [Worker-42: Building] INFO  o.e.m.c.i.l.LifecycleMappingFactory - Using org.eclipse.m2e.jdt.JarLifecycleMapping lifecycle mapping for MavenProject: com.kirin:miaosha_2:0.0.1-SNAPSHOT @ E:\Work\ideajava\GraduationProject\SecKill\SecKill\miaosha_2\pom.xml.
2022-02-15 00:25:51,918 [Worker-42: Building] INFO  o.e.m.c.i.embedder.EclipseLogger - Using 'UTF-8' encoding to copy filtered resources.
2022-02-15 00:25:51,925 [Worker-42: Building] INFO  o.e.m.c.i.embedder.EclipseLogger - Copying 1 resource
2022-02-15 00:25:51,938 [Worker-42: Building] INFO  o.e.m.c.i.embedder.EclipseLogger - Copying 39 resources
2022-02-15 00:25:51,943 [Worker-42: Building] INFO  o.e.m.c.i.embedder.EclipseLogger - Using 'UTF-8' encoding to copy filtered resources.
2022-02-15 00:25:51,944 [Worker-42: Building] INFO  o.e.m.c.i.embedder.EclipseLogger - skip non existing resourceDirectory E:\Work\ideajava\GraduationProject\SecKill\SecKill\miaosha_2\src\test\resources
2022-02-15 00:32:07,250 [Worker-2: Loading available Gradle versions] INFO  o.e.b.c.i.u.g.PublishedGradleVersions - Gradle version information cache is up-to-date. Trying to read.
2022-02-15 00:32:40,038 [Worker-9: Building] INFO  o.e.m.c.i.embedder.EclipseLogger - Using 'UTF-8' encoding to copy filtered resources.
2022-02-15 00:32:40,043 [Worker-9: Building] INFO  o.e.m.c.i.embedder.EclipseLogger - Copying 1 resource
2022-02-15 00:32:40,060 [Worker-9: Building] INFO  o.e.m.c.i.embedder.EclipseLogger - Copying 39 resources
2022-02-15 00:32:40,068 [Worker-9: Building] INFO  o.e.m.c.i.embedder.EclipseLogger - Using 'UTF-8' encoding to copy filtered resources.
2022-02-15 00:32:40,068 [Worker-9: Building] INFO  o.e.m.c.i.embedder.EclipseLogger - skip non existing resourceDirectory E:\Work\ideajava\GraduationProject\SecKill\SecKill\miaosha_2\src\test\resources
2022-02-15 00:41:44,914 [Worker-8: Building] INFO  o.e.m.c.i.embedder.EclipseLogger - Using 'UTF-8' encoding to copy filtered resources.
2022-02-15 00:41:44,927 [Worker-8: Building] INFO  o.e.m.c.i.embedder.EclipseLogger - Copying 1 resource
2022-02-15 00:41:44,939 [Worker-8: Building] INFO  o.e.m.c.i.embedder.EclipseLogger - Copying 39 resources
2022-02-15 00:41:44,951 [Worker-8: Building] INFO  o.e.m.c.i.embedder.EclipseLogger - Using 'UTF-8' encoding to copy filtered resources.
2022-02-15 00:41:44,952 [Worker-8: Building] INFO  o.e.m.c.i.embedder.EclipseLogger - skip non existing resourceDirectory E:\Work\ideajava\GraduationProject\SecKill\SecKill\miaosha_2\src\test\resources
2022-02-15 00:44:14,244 [Worker-8: Building] INFO  o.e.m.c.i.embedder.EclipseLogger - Using 'UTF-8' encoding to copy filtered resources.
2022-02-15 00:44:14,251 [Worker-8: Building] INFO  o.e.m.c.i.embedder.EclipseLogger - Copying 1 resource
2022-02-15 00:44:14,258 [Worker-8: Building] INFO  o.e.m.c.i.embedder.EclipseLogger - Copying 39 resources
2022-02-15 00:44:14,265 [Worker-8: Building] INFO  o.e.m.c.i.embedder.EclipseLogger - Using 'UTF-8' encoding to copy filtered resources.
2022-02-15 00:44:14,266 [Worker-8: Building] INFO  o.e.m.c.i.embedder.EclipseLogger - skip non existing resourceDirectory E:\Work\ideajava\GraduationProject\SecKill\SecKill\miaosha_2\src\test\resources
2022-02-15 00:45:50,203 [Worker-8: Building] INFO  o.e.m.c.i.embedder.EclipseLogger - Using 'UTF-8' encoding to copy filtered resources.
2022-02-15 00:45:50,212 [Worker-8: Building] INFO  o.e.m.c.i.embedder.EclipseLogger - Copying 1 resource
2022-02-15 00:45:50,224 [Worker-8: Building] INFO  o.e.m.c.i.embedder.EclipseLogger - Copying 39 resources
2022-02-15 00:45:50,235 [Worker-8: Building] INFO  o.e.m.c.i.embedder.EclipseLogger - Using 'UTF-8' encoding to copy filtered resources.
2022-02-15 00:45:50,235 [Worker-8: Building] INFO  o.e.m.c.i.embedder.EclipseLogger - skip non existing resourceDirectory E:\Work\ideajava\GraduationProject\SecKill\SecKill\miaosha_2\src\test\resources
2022-02-15 00:47:05,995 [Worker-20: Launching MainApplication (1)] INFO  o.e.m.c.i.embedder.EclipseLogger - Using 'UTF-8' encoding to copy filtered resources.
2022-02-15 00:47:06,002 [Worker-20: Launching MainApplication (1)] INFO  o.e.m.c.i.embedder.EclipseLogger - Copying 1 resource
2022-02-15 00:47:06,012 [Worker-20: Launching MainApplication (1)] INFO  o.e.m.c.i.embedder.EclipseLogger - Copying 39 resources
2022-02-15 00:47:06,019 [Worker-20: Launching MainApplication (1)] INFO  o.e.m.c.i.embedder.EclipseLogger - Using 'UTF-8' encoding to copy filtered resources.
2022-02-15 00:47:06,020 [Worker-20: Launching MainApplication (1)] INFO  o.e.m.c.i.embedder.EclipseLogger - skip non existing resourceDirectory E:\Work\ideajava\GraduationProject\SecKill\SecKill\miaosha_2\src\test\resources
2022-02-15 00:49:17,726 [Worker-14: Building] INFO  o.e.m.c.i.embedder.EclipseLogger - Using 'UTF-8' encoding to copy filtered resources.
2022-02-15 00:49:17,731 [Worker-14: Building] INFO  o.e.m.c.i.embedder.EclipseLogger - Copying 1 resource
2022-02-15 00:49:17,738 [Worker-14: Building] INFO  o.e.m.c.i.embedder.EclipseLogger - Copying 39 resources
2022-02-15 00:49:17,745 [Worker-14: Building] INFO  o.e.m.c.i.embedder.EclipseLogger - Using 'UTF-8' encoding to copy filtered resources.
2022-02-15 00:49:17,745 [Worker-14: Building] INFO  o.e.m.c.i.embedder.EclipseLogger - skip non existing resourceDirectory E:\Work\ideajava\GraduationProject\SecKill\SecKill\miaosha_2\src\test\resources
2022-02-15 00:50:06,522 [Worker-14: Building] INFO  o.e.m.c.i.embedder.EclipseLogger - Using 'UTF-8' encoding to copy filtered resources.
2022-02-15 00:50:06,528 [Worker-14: Building] INFO  o.e.m.c.i.embedder.EclipseLogger - Copying 1 resource
2022-02-15 00:50:06,536 [Worker-14: Building] INFO  o.e.m.c.i.embedder.EclipseLogger - Copying 39 resources
2022-02-15 00:50:06,543 [Worker-14: Building] INFO  o.e.m.c.i.embedder.EclipseLogger - Using 'UTF-8' encoding to copy filtered resources.
2022-02-15 00:50:06,543 [Worker-14: Building] INFO  o.e.m.c.i.embedder.EclipseLogger - skip non existing resourceDirectory E:\Work\ideajava\GraduationProject\SecKill\SecKill\miaosha_2\src\test\resources
2022-02-15 00:50:30,178 [Worker-21: Launching MainApplication (1)] INFO  o.e.m.c.i.embedder.EclipseLogger - Using 'UTF-8' encoding to copy filtered resources.
2022-02-15 00:50:30,183 [Worker-21: Launching MainApplication (1)] INFO  o.e.m.c.i.embedder.EclipseLogger - Copying 1 resource
2022-02-15 00:50:30,189 [Worker-21: Launching MainApplication (1)] INFO  o.e.m.c.i.embedder.EclipseLogger - Copying 39 resources
2022-02-15 00:50:30,197 [Worker-21: Launching MainApplication (1)] INFO  o.e.m.c.i.embedder.EclipseLogger - Using 'UTF-8' encoding to copy filtered resources.
2022-02-15 00:50:30,197 [Worker-21: Launching MainApplication (1)] INFO  o.e.m.c.i.embedder.EclipseLogger - skip non existing resourceDirectory E:\Work\ideajava\GraduationProject\SecKill\SecKill\miaosha_2\src\test\resources
2022-02-15 01:00:14,921 [Worker-21: Building] INFO  o.e.m.c.i.embedder.EclipseLogger - Using 'UTF-8' encoding to copy filtered resources.
2022-02-15 01:00:14,926 [Worker-21: Building] INFO  o.e.m.c.i.embedder.EclipseLogger - Copying 1 resource
2022-02-15 01:00:14,932 [Worker-21: Building] INFO  o.e.m.c.i.embedder.EclipseLogger - Copying 39 resources
2022-02-15 01:00:14,937 [Worker-21: Building] INFO  o.e.m.c.i.embedder.EclipseLogger - Using 'UTF-8' encoding to copy filtered resources.
2022-02-15 01:00:14,938 [Worker-21: Building] INFO  o.e.m.c.i.embedder.EclipseLogger - skip non existing resourceDirectory E:\Work\ideajava\GraduationProject\SecKill\SecKill\miaosha_2\src\test\resources
2022-02-15 01:00:19,895 [Worker-30: Building] INFO  o.e.m.c.i.embedder.EclipseLogger - Using 'UTF-8' encoding to copy filtered resources.
2022-02-15 01:00:19,902 [Worker-30: Building] INFO  o.e.m.c.i.embedder.EclipseLogger - Copying 1 resource
2022-02-15 01:00:19,909 [Worker-30: Building] INFO  o.e.m.c.i.embedder.EclipseLogger - Copying 39 resources
2022-02-15 01:00:19,916 [Worker-30: Building] INFO  o.e.m.c.i.embedder.EclipseLogger - Using 'UTF-8' encoding to copy filtered resources.
2022-02-15 01:00:19,916 [Worker-30: Building] INFO  o.e.m.c.i.embedder.EclipseLogger - skip non existing resourceDirectory E:\Work\ideajava\GraduationProject\SecKill\SecKill\miaosha_2\src\test\resources
2022-02-15 01:02:29,561 [Worker-29: Building] INFO  o.e.m.c.i.embedder.EclipseLogger - Using 'UTF-8' encoding to copy filtered resources.
2022-02-15 01:02:29,566 [Worker-29: Building] INFO  o.e.m.c.i.embedder.EclipseLogger - Copying 1 resource
2022-02-15 01:02:29,572 [Worker-29: Building] INFO  o.e.m.c.i.embedder.EclipseLogger - Copying 39 resources
2022-02-15 01:02:29,577 [Worker-29: Building] INFO  o.e.m.c.i.embedder.EclipseLogger - Using 'UTF-8' encoding to copy filtered resources.
2022-02-15 01:02:29,577 [Worker-29: Building] INFO  o.e.m.c.i.embedder.EclipseLogger - skip non existing resourceDirectory E:\Work\ideajava\GraduationProject\SecKill\SecKill\miaosha_2\src\test\resources
2022-02-15 02:28:25,558 [Worker-1: Loading available Gradle versions] INFO  o.e.b.c.i.u.g.PublishedGradleVersions - Gradle version information cache is out-of-date. Trying to update.
2022-02-15 02:28:36,075 [Worker-2: Building] INFO  o.e.m.c.i.embedder.EclipseLogger - Using 'UTF-8' encoding to copy filtered resources.
2022-02-15 02:28:36,080 [Worker-2: Building] INFO  o.e.m.c.i.embedder.EclipseLogger - Copying 1 resource
2022-02-15 02:28:36,098 [Worker-2: Building] INFO  o.e.m.c.i.embedder.EclipseLogger - Copying 39 resources
2022-02-15 02:28:36,108 [Worker-2: Building] INFO  o.e.m.c.i.embedder.EclipseLogger - Using 'UTF-8' encoding to copy filtered resources.
2022-02-15 02:28:36,108 [Worker-2: Building] INFO  o.e.m.c.i.embedder.EclipseLogger - skip non existing resourceDirectory E:\Work\ideajava\GraduationProject\SecKill\SecKill\miaosha_2\src\test\resources
2022-02-15 02:28:37,716 [Worker-2: Building] INFO  o.e.m.c.i.l.LifecycleMappingFactory - Using org.eclipse.m2e.jdt.JarLifecycleMapping lifecycle mapping for MavenProject: com.kirin:miaosha_2:0.0.1-SNAPSHOT @ E:\Work\ideajava\GraduationProject\SecKill\SecKill\miaosha_3\pom.xml.
2022-02-15 02:28:38,335 [Worker-2: Building] INFO  o.e.m.c.i.embedder.EclipseLogger - Using 'UTF-8' encoding to copy filtered resources.
2022-02-15 02:28:38,336 [Worker-2: Building] INFO  o.e.m.c.i.embedder.EclipseLogger - Copying 1 resource
2022-02-15 02:28:38,338 [Worker-2: Building] INFO  o.e.m.c.i.embedder.EclipseLogger - Copying 39 resources
2022-02-15 02:28:38,422 [Worker-2: Building] INFO  o.e.m.c.i.embedder.EclipseLogger - Using 'UTF-8' encoding to copy filtered resources.
2022-02-15 02:28:38,422 [Worker-2: Building] INFO  o.e.m.c.i.embedder.EclipseLogger - skip non existing resourceDirectory E:\Work\ideajava\GraduationProject\SecKill\SecKill\miaosha_3\src\test\resources
2022-02-15 02:28:39,666 [Worker-15: Updating Maven Dependencies] ERROR o.e.m.j.i.l.MavenLaunchConfigurationListener - Launch configuration MainApplication (1) references closed project miaosha_2
org.eclipse.core.runtime.CoreException: Launch configuration MainApplication (1) references closed project miaosha_2
	at org.eclipse.jdt.launching.JavaRuntime.abort(JavaRuntime.java:1843)
	at org.eclipse.jdt.launching.JavaRuntime.getJavaProject(JavaRuntime.java:1715)
	at org.eclipse.m2e.jdt.internal.launch.MavenLaunchConfigurationListener.updateLaunchConfiguration(MavenLaunchConfigurationListener.java:55)
	at org.eclipse.m2e.jdt.internal.launch.MavenLaunchConfigurationListener.launchConfigurationChanged(MavenLaunchConfigurationListener.java:40)
	at org.eclipse.debug.internal.core.LaunchManager$ConfigurationNotifier.run(LaunchManager.java:225)
	at org.eclipse.core.runtime.SafeRunner.run(SafeRunner.java:45)
	at org.eclipse.debug.internal.core.LaunchManager$ConfigurationNotifier.notify(LaunchManager.java:209)
	at org.eclipse.debug.internal.core.LaunchConfigurationWorkingCopy.setDirty(LaunchConfigurationWorkingCopy.java:521)
	at org.eclipse.debug.internal.core.LaunchConfigurationWorkingCopy.setAttribute(LaunchConfigurationWorkingCopy.java:409)
	at org.eclipse.m2e.jdt.internal.launch.MavenRuntimeClasspathProvider.disable(MavenRuntimeClasspathProvider.java:401)
	at org.eclipse.m2e.jdt.internal.launch.MavenRuntimeClasspathProvider.disable(MavenRuntimeClasspathProvider.java:427)
	at org.eclipse.m2e.jdt.internal.launch.MavenLaunchConfigurationListener.mavenProjectChanged(MavenLaunchConfigurationListener.java:72)
	at org.eclipse.m2e.core.internal.project.registry.ProjectRegistryManager.notifyProjectChangeListeners(ProjectRegistryManager.java:824)
	at org.eclipse.m2e.core.internal.project.registry.ProjectRegistryManager.applyMutableProjectRegistry(ProjectRegistryManager.java:990)
	at org.eclipse.m2e.core.internal.project.registry.ProjectRegistryRefreshJob.lambda$0(ProjectRegistryRefreshJob.java:149)
	at org.eclipse.m2e.core.internal.embedder.MavenExecutionContext.executeBare(MavenExecutionContext.java:179)
	at org.eclipse.m2e.core.internal.embedder.MavenExecutionContext.execute(MavenExecutionContext.java:153)
	at org.eclipse.m2e.core.internal.embedder.MavenExecutionContext.execute(MavenExecutionContext.java:101)
	at org.eclipse.m2e.core.internal.embedder.MavenImpl.execute(MavenImpl.java:1374)
	at org.eclipse.m2e.core.internal.project.registry.ProjectRegistryRefreshJob.run(ProjectRegistryRefreshJob.java:84)
	at org.eclipse.core.internal.jobs.Worker.run(Worker.java:63)
2022-02-15 02:28:39,668 [Worker-15: Updating Maven Dependencies] ERROR o.e.m.j.i.l.MavenLaunchConfigurationListener - Launch configuration MainApplication (1) references closed project miaosha_2
org.eclipse.core.runtime.CoreException: Launch configuration MainApplication (1) references closed project miaosha_2
	at org.eclipse.jdt.launching.JavaRuntime.abort(JavaRuntime.java:1843)
	at org.eclipse.jdt.launching.JavaRuntime.getJavaProject(JavaRuntime.java:1715)
	at org.eclipse.m2e.jdt.internal.launch.MavenLaunchConfigurationListener.updateLaunchConfiguration(MavenLaunchConfigurationListener.java:55)
	at org.eclipse.m2e.jdt.internal.launch.MavenLaunchConfigurationListener.launchConfigurationChanged(MavenLaunchConfigurationListener.java:40)
	at org.eclipse.debug.internal.core.LaunchManager$ConfigurationNotifier.run(LaunchManager.java:225)
	at org.eclipse.core.runtime.SafeRunner.run(SafeRunner.java:45)
	at org.eclipse.debug.internal.core.LaunchManager$ConfigurationNotifier.notify(LaunchManager.java:209)
	at org.eclipse.debug.internal.core.LaunchConfigurationWorkingCopy.setDirty(LaunchConfigurationWorkingCopy.java:521)
	at org.eclipse.debug.internal.core.LaunchConfigurationWorkingCopy.setAttribute(LaunchConfigurationWorkingCopy.java:409)
	at org.eclipse.m2e.jdt.internal.launch.MavenRuntimeClasspathProvider.disable(MavenRuntimeClasspathProvider.java:402)
	at org.eclipse.m2e.jdt.internal.launch.MavenRuntimeClasspathProvider.disable(MavenRuntimeClasspathProvider.java:427)
	at org.eclipse.m2e.jdt.internal.launch.MavenLaunchConfigurationListener.mavenProjectChanged(MavenLaunchConfigurationListener.java:72)
	at org.eclipse.m2e.core.internal.project.registry.ProjectRegistryManager.notifyProjectChangeListeners(ProjectRegistryManager.java:824)
	at org.eclipse.m2e.core.internal.project.registry.ProjectRegistryManager.applyMutableProjectRegistry(ProjectRegistryManager.java:990)
	at org.eclipse.m2e.core.internal.project.registry.ProjectRegistryRefreshJob.lambda$0(ProjectRegistryRefreshJob.java:149)
	at org.eclipse.m2e.core.internal.embedder.MavenExecutionContext.executeBare(MavenExecutionContext.java:179)
	at org.eclipse.m2e.core.internal.embedder.MavenExecutionContext.execute(MavenExecutionContext.java:153)
	at org.eclipse.m2e.core.internal.embedder.MavenExecutionContext.execute(MavenExecutionContext.java:101)
	at org.eclipse.m2e.core.internal.embedder.MavenImpl.execute(MavenImpl.java:1374)
	at org.eclipse.m2e.core.internal.project.registry.ProjectRegistryRefreshJob.run(ProjectRegistryRefreshJob.java:84)
	at org.eclipse.core.internal.jobs.Worker.run(Worker.java:63)
2022-02-15 02:28:39,672 [Worker-15: Updating Maven Dependencies] ERROR o.e.m.j.i.l.MavenLaunchConfigurationListener - Launch configuration MainApplication (1) references closed project miaosha_2
org.eclipse.core.runtime.CoreException: Launch configuration MainApplication (1) references closed project miaosha_2
	at org.eclipse.jdt.launching.JavaRuntime.abort(JavaRuntime.java:1843)
	at org.eclipse.jdt.launching.JavaRuntime.getJavaProject(JavaRuntime.java:1715)
	at org.eclipse.m2e.jdt.internal.launch.MavenLaunchConfigurationListener.updateLaunchConfiguration(MavenLaunchConfigurationListener.java:55)
	at org.eclipse.m2e.jdt.internal.launch.MavenLaunchConfigurationListener.launchConfigurationChanged(MavenLaunchConfigurationListener.java:40)
	at org.eclipse.debug.internal.core.LaunchManager$ConfigurationNotifier.run(LaunchManager.java:225)
	at org.eclipse.core.runtime.SafeRunner.run(SafeRunner.java:45)
	at org.eclipse.debug.internal.core.LaunchManager$ConfigurationNotifier.notify(LaunchManager.java:209)
	at org.eclipse.debug.internal.core.LaunchManager.launchConfigurationChanged(LaunchManager.java:2132)
	at org.eclipse.debug.internal.core.LaunchConfigurationWorkingCopy.writeNewFile(LaunchConfigurationWorkingCopy.java:374)
	at org.eclipse.debug.internal.core.LaunchConfigurationWorkingCopy.doSave0(LaunchConfigurationWorkingCopy.java:257)
	at org.eclipse.debug.internal.core.LaunchConfigurationWorkingCopy.doSave(LaunchConfigurationWorkingCopy.java:227)
	at org.eclipse.debug.internal.core.LaunchConfigurationWorkingCopy.doSave(LaunchConfigurationWorkingCopy.java:185)
	at org.eclipse.m2e.jdt.internal.launch.MavenRuntimeClasspathProvider.disable(MavenRuntimeClasspathProvider.java:403)
	at org.eclipse.m2e.jdt.internal.launch.MavenRuntimeClasspathProvider.disable(MavenRuntimeClasspathProvider.java:427)
	at org.eclipse.m2e.jdt.internal.launch.MavenLaunchConfigurationListener.mavenProjectChanged(MavenLaunchConfigurationListener.java:72)
	at org.eclipse.m2e.core.internal.project.registry.ProjectRegistryManager.notifyProjectChangeListeners(ProjectRegistryManager.java:824)
	at org.eclipse.m2e.core.internal.project.registry.ProjectRegistryManager.applyMutableProjectRegistry(ProjectRegistryManager.java:990)
	at org.eclipse.m2e.core.internal.project.registry.ProjectRegistryRefreshJob.lambda$0(ProjectRegistryRefreshJob.java:149)
	at org.eclipse.m2e.core.internal.embedder.MavenExecutionContext.executeBare(MavenExecutionContext.java:179)
	at org.eclipse.m2e.core.internal.embedder.MavenExecutionContext.execute(MavenExecutionContext.java:153)
	at org.eclipse.m2e.core.internal.embedder.MavenExecutionContext.execute(MavenExecutionContext.java:101)
	at org.eclipse.m2e.core.internal.embedder.MavenImpl.execute(MavenImpl.java:1374)
	at org.eclipse.m2e.core.internal.project.registry.ProjectRegistryRefreshJob.run(ProjectRegistryRefreshJob.java:84)
	at org.eclipse.core.internal.jobs.Worker.run(Worker.java:63)
2022-02-15 02:28:39,673 [Worker-15: Updating Maven Dependencies] ERROR o.e.m.j.i.l.MavenLaunchConfigurationListener - Launch configuration UserUtil references closed project miaosha_2
org.eclipse.core.runtime.CoreException: Launch configuration UserUtil references closed project miaosha_2
	at org.eclipse.jdt.launching.JavaRuntime.abort(JavaRuntime.java:1843)
	at org.eclipse.jdt.launching.JavaRuntime.getJavaProject(JavaRuntime.java:1715)
	at org.eclipse.m2e.jdt.internal.launch.MavenLaunchConfigurationListener.updateLaunchConfiguration(MavenLaunchConfigurationListener.java:55)
	at org.eclipse.m2e.jdt.internal.launch.MavenLaunchConfigurationListener.launchConfigurationChanged(MavenLaunchConfigurationListener.java:40)
	at org.eclipse.debug.internal.core.LaunchManager$ConfigurationNotifier.run(LaunchManager.java:225)
	at org.eclipse.core.runtime.SafeRunner.run(SafeRunner.java:45)
	at org.eclipse.debug.internal.core.LaunchManager$ConfigurationNotifier.notify(LaunchManager.java:209)
	at org.eclipse.debug.internal.core.LaunchConfigurationWorkingCopy.setDirty(LaunchConfigurationWorkingCopy.java:521)
	at org.eclipse.debug.internal.core.LaunchConfigurationWorkingCopy.setAttribute(LaunchConfigurationWorkingCopy.java:409)
	at org.eclipse.m2e.jdt.internal.launch.MavenRuntimeClasspathProvider.disable(MavenRuntimeClasspathProvider.java:401)
	at org.eclipse.m2e.jdt.internal.launch.MavenRuntimeClasspathProvider.disable(MavenRuntimeClasspathProvider.java:427)
	at org.eclipse.m2e.jdt.internal.launch.MavenLaunchConfigurationListener.mavenProjectChanged(MavenLaunchConfigurationListener.java:72)
	at org.eclipse.m2e.core.internal.project.registry.ProjectRegistryManager.notifyProjectChangeListeners(ProjectRegistryManager.java:824)
	at org.eclipse.m2e.core.internal.project.registry.ProjectRegistryManager.applyMutableProjectRegistry(ProjectRegistryManager.java:990)
	at org.eclipse.m2e.core.internal.project.registry.ProjectRegistryRefreshJob.lambda$0(ProjectRegistryRefreshJob.java:149)
	at org.eclipse.m2e.core.internal.embedder.MavenExecutionContext.executeBare(MavenExecutionContext.java:179)
	at org.eclipse.m2e.core.internal.embedder.MavenExecutionContext.execute(MavenExecutionContext.java:153)
	at org.eclipse.m2e.core.internal.embedder.MavenExecutionContext.execute(MavenExecutionContext.java:101)
	at org.eclipse.m2e.core.internal.embedder.MavenImpl.execute(MavenImpl.java:1374)
	at org.eclipse.m2e.core.internal.project.registry.ProjectRegistryRefreshJob.run(ProjectRegistryRefreshJob.java:84)
	at org.eclipse.core.internal.jobs.Worker.run(Worker.java:63)
2022-02-15 02:28:39,674 [Worker-15: Updating Maven Dependencies] ERROR o.e.m.j.i.l.MavenLaunchConfigurationListener - Launch configuration UserUtil references closed project miaosha_2
org.eclipse.core.runtime.CoreException: Launch configuration UserUtil references closed project miaosha_2
	at org.eclipse.jdt.launching.JavaRuntime.abort(JavaRuntime.java:1843)
	at org.eclipse.jdt.launching.JavaRuntime.getJavaProject(JavaRuntime.java:1715)
	at org.eclipse.m2e.jdt.internal.launch.MavenLaunchConfigurationListener.updateLaunchConfiguration(MavenLaunchConfigurationListener.java:55)
	at org.eclipse.m2e.jdt.internal.launch.MavenLaunchConfigurationListener.launchConfigurationChanged(MavenLaunchConfigurationListener.java:40)
	at org.eclipse.debug.internal.core.LaunchManager$ConfigurationNotifier.run(LaunchManager.java:225)
	at org.eclipse.core.runtime.SafeRunner.run(SafeRunner.java:45)
	at org.eclipse.debug.internal.core.LaunchManager$ConfigurationNotifier.notify(LaunchManager.java:209)
	at org.eclipse.debug.internal.core.LaunchConfigurationWorkingCopy.setDirty(LaunchConfigurationWorkingCopy.java:521)
	at org.eclipse.debug.internal.core.LaunchConfigurationWorkingCopy.setAttribute(LaunchConfigurationWorkingCopy.java:409)
	at org.eclipse.m2e.jdt.internal.launch.MavenRuntimeClasspathProvider.disable(MavenRuntimeClasspathProvider.java:402)
	at org.eclipse.m2e.jdt.internal.launch.MavenRuntimeClasspathProvider.disable(MavenRuntimeClasspathProvider.java:427)
	at org.eclipse.m2e.jdt.internal.launch.MavenLaunchConfigurationListener.mavenProjectChanged(MavenLaunchConfigurationListener.java:72)
	at org.eclipse.m2e.core.internal.project.registry.ProjectRegistryManager.notifyProjectChangeListeners(ProjectRegistryManager.java:824)
	at org.eclipse.m2e.core.internal.project.registry.ProjectRegistryManager.applyMutableProjectRegistry(ProjectRegistryManager.java:990)
	at org.eclipse.m2e.core.internal.project.registry.ProjectRegistryRefreshJob.lambda$0(ProjectRegistryRefreshJob.java:149)
	at org.eclipse.m2e.core.internal.embedder.MavenExecutionContext.executeBare(MavenExecutionContext.java:179)
	at org.eclipse.m2e.core.internal.embedder.MavenExecutionContext.execute(MavenExecutionContext.java:153)
	at org.eclipse.m2e.core.internal.embedder.MavenExecutionContext.execute(MavenExecutionContext.java:101)
	at org.eclipse.m2e.core.internal.embedder.MavenImpl.execute(MavenImpl.java:1374)
	at org.eclipse.m2e.core.internal.project.registry.ProjectRegistryRefreshJob.run(ProjectRegistryRefreshJob.java:84)
	at org.eclipse.core.internal.jobs.Worker.run(Worker.java:63)
2022-02-15 02:28:39,679 [Worker-15: Updating Maven Dependencies] ERROR o.e.m.j.i.l.MavenLaunchConfigurationListener - Launch configuration UserUtil references closed project miaosha_2
org.eclipse.core.runtime.CoreException: Launch configuration UserUtil references closed project miaosha_2
	at org.eclipse.jdt.launching.JavaRuntime.abort(JavaRuntime.java:1843)
	at org.eclipse.jdt.launching.JavaRuntime.getJavaProject(JavaRuntime.java:1715)
	at org.eclipse.m2e.jdt.internal.launch.MavenLaunchConfigurationListener.updateLaunchConfiguration(MavenLaunchConfigurationListener.java:55)
	at org.eclipse.m2e.jdt.internal.launch.MavenLaunchConfigurationListener.launchConfigurationChanged(MavenLaunchConfigurationListener.java:40)
	at org.eclipse.debug.internal.core.LaunchManager$ConfigurationNotifier.run(LaunchManager.java:225)
	at org.eclipse.core.runtime.SafeRunner.run(SafeRunner.java:45)
	at org.eclipse.debug.internal.core.LaunchManager$ConfigurationNotifier.notify(LaunchManager.java:209)
	at org.eclipse.debug.internal.core.LaunchManager.launchConfigurationChanged(LaunchManager.java:2132)
	at org.eclipse.debug.internal.core.LaunchConfigurationWorkingCopy.writeNewFile(LaunchConfigurationWorkingCopy.java:374)
	at org.eclipse.debug.internal.core.LaunchConfigurationWorkingCopy.doSave0(LaunchConfigurationWorkingCopy.java:257)
	at org.eclipse.debug.internal.core.LaunchConfigurationWorkingCopy.doSave(LaunchConfigurationWorkingCopy.java:227)
	at org.eclipse.debug.internal.core.LaunchConfigurationWorkingCopy.doSave(LaunchConfigurationWorkingCopy.java:185)
	at org.eclipse.m2e.jdt.internal.launch.MavenRuntimeClasspathProvider.disable(MavenRuntimeClasspathProvider.java:403)
	at org.eclipse.m2e.jdt.internal.launch.MavenRuntimeClasspathProvider.disable(MavenRuntimeClasspathProvider.java:427)
	at org.eclipse.m2e.jdt.internal.launch.MavenLaunchConfigurationListener.mavenProjectChanged(MavenLaunchConfigurationListener.java:72)
	at org.eclipse.m2e.core.internal.project.registry.ProjectRegistryManager.notifyProjectChangeListeners(ProjectRegistryManager.java:824)
	at org.eclipse.m2e.core.internal.project.registry.ProjectRegistryManager.applyMutableProjectRegistry(ProjectRegistryManager.java:990)
	at org.eclipse.m2e.core.internal.project.registry.ProjectRegistryRefreshJob.lambda$0(ProjectRegistryRefreshJob.java:149)
	at org.eclipse.m2e.core.internal.embedder.MavenExecutionContext.executeBare(MavenExecutionContext.java:179)
	at org.eclipse.m2e.core.internal.embedder.MavenExecutionContext.execute(MavenExecutionContext.java:153)
	at org.eclipse.m2e.core.internal.embedder.MavenExecutionContext.execute(MavenExecutionContext.java:101)
	at org.eclipse.m2e.core.internal.embedder.MavenImpl.execute(MavenImpl.java:1374)
	at org.eclipse.m2e.core.internal.project.registry.ProjectRegistryRefreshJob.run(ProjectRegistryRefreshJob.java:84)
	at org.eclipse.core.internal.jobs.Worker.run(Worker.java:63)
2022-02-15 02:28:40,506 [Worker-14: Building] INFO  o.e.m.c.i.embedder.EclipseLogger - Using 'UTF-8' encoding to copy filtered resources.
2022-02-15 02:28:40,514 [Worker-14: Building] INFO  o.e.m.c.i.embedder.EclipseLogger - Copying 1 resource
2022-02-15 02:28:40,524 [Worker-14: Building] INFO  o.e.m.c.i.embedder.EclipseLogger - Copying 39 resources
2022-02-15 02:28:40,608 [Worker-14: Building] INFO  o.e.m.c.i.embedder.EclipseLogger - Using 'UTF-8' encoding to copy filtered resources.
2022-02-15 02:28:40,608 [Worker-14: Building] INFO  o.e.m.c.i.embedder.EclipseLogger - skip non existing resourceDirectory E:\Work\ideajava\GraduationProject\SecKill\SecKill\miaosha_3\src\test\resources
2022-02-15 02:28:52,095 [Worker-7: Building] INFO  o.e.m.c.i.l.LifecycleMappingFactory - Using org.eclipse.m2e.jdt.JarLifecycleMapping lifecycle mapping for MavenProject: com.kirin:miaosha_3:0.0.1-SNAPSHOT @ E:\Work\ideajava\GraduationProject\SecKill\SecKill\miaosha_3\pom.xml.
2022-02-15 02:28:52,615 [Worker-7: Building] INFO  o.e.m.c.i.embedder.EclipseLogger - Using 'UTF-8' encoding to copy filtered resources.
2022-02-15 02:28:52,617 [Worker-7: Building] INFO  o.e.m.c.i.embedder.EclipseLogger - Copying 0 resource
2022-02-15 02:28:52,617 [Worker-7: Building] INFO  o.e.m.c.i.embedder.EclipseLogger - Copying 0 resource
2022-02-15 02:28:52,619 [Worker-7: Building] INFO  o.e.m.c.i.embedder.EclipseLogger - Using 'UTF-8' encoding to copy filtered resources.
2022-02-15 02:28:52,620 [Worker-7: Building] INFO  o.e.m.c.i.embedder.EclipseLogger - skip non existing resourceDirectory E:\Work\ideajava\GraduationProject\SecKill\SecKill\miaosha_3\src\test\resources
2022-02-15 02:30:29,464 [Worker-20: Updating Maven Dependencies] INFO  o.e.m.c.i.l.LifecycleMappingFactory - Using org.eclipse.m2e.jdt.JarLifecycleMapping lifecycle mapping for MavenProject: com.kirin:miaosha_2:0.0.1-SNAPSHOT @ E:\Work\ideajava\GraduationProject\SecKill\SecKill\miaosha_2\pom.xml.
2022-02-15 02:30:30,887 [Worker-13: Building] INFO  o.e.m.c.i.embedder.EclipseLogger - Using 'UTF-8' encoding to copy filtered resources.
2022-02-15 02:30:30,887 [Worker-13: Building] INFO  o.e.m.c.i.embedder.EclipseLogger - Copying 1 resource
2022-02-15 02:30:30,898 [Worker-13: Building] INFO  o.e.m.c.i.embedder.EclipseLogger - Copying 39 resources
2022-02-15 02:30:30,905 [Worker-13: Building] INFO  o.e.m.c.i.embedder.EclipseLogger - Using 'UTF-8' encoding to copy filtered resources.
2022-02-15 02:30:30,905 [Worker-13: Building] INFO  o.e.m.c.i.embedder.EclipseLogger - skip non existing resourceDirectory E:\Work\ideajava\GraduationProject\SecKill\SecKill\miaosha_2\src\test\resources
2022-02-15 02:30:44,244 [Worker-17: Building] INFO  o.e.m.c.i.embedder.EclipseLogger - Using 'UTF-8' encoding to copy filtered resources.
2022-02-15 02:30:44,249 [Worker-17: Building] INFO  o.e.m.c.i.embedder.EclipseLogger - Copying 1 resource
2022-02-15 02:30:44,256 [Worker-17: Building] INFO  o.e.m.c.i.embedder.EclipseLogger - Copying 39 resources
2022-02-15 02:30:44,262 [Worker-17: Building] INFO  o.e.m.c.i.embedder.EclipseLogger - Using 'UTF-8' encoding to copy filtered resources.
2022-02-15 02:30:44,262 [Worker-17: Building] INFO  o.e.m.c.i.embedder.EclipseLogger - skip non existing resourceDirectory E:\Work\ideajava\GraduationProject\SecKill\SecKill\miaosha_2\src\test\resources
2022-02-15 02:30:46,151 [Worker-8: Building] INFO  o.e.m.c.i.embedder.EclipseLogger - Using 'UTF-8' encoding to copy filtered resources.
2022-02-15 02:30:46,156 [Worker-8: Building] INFO  o.e.m.c.i.embedder.EclipseLogger - Copying 1 resource
2022-02-15 02:30:46,163 [Worker-8: Building] INFO  o.e.m.c.i.embedder.EclipseLogger - Copying 39 resources
2022-02-15 02:30:46,169 [Worker-8: Building] INFO  o.e.m.c.i.embedder.EclipseLogger - Using 'UTF-8' encoding to copy filtered resources.
2022-02-15 02:30:46,170 [Worker-8: Building] INFO  o.e.m.c.i.embedder.EclipseLogger - skip non existing resourceDirectory E:\Work\ideajava\GraduationProject\SecKill\SecKill\miaosha_3\src\test\resources
2022-02-15 02:30:56,678 [Worker-1: Updating Maven Dependencies] ERROR o.e.m.j.i.l.MavenLaunchConfigurationListener - Launch configuration MainApplication (1) references closed project miaosha_2
org.eclipse.core.runtime.CoreException: Launch configuration MainApplication (1) references closed project miaosha_2
	at org.eclipse.jdt.launching.JavaRuntime.abort(JavaRuntime.java:1843)
	at org.eclipse.jdt.launching.JavaRuntime.getJavaProject(JavaRuntime.java:1715)
	at org.eclipse.m2e.jdt.internal.launch.MavenLaunchConfigurationListener.updateLaunchConfiguration(MavenLaunchConfigurationListener.java:55)
	at org.eclipse.m2e.jdt.internal.launch.MavenLaunchConfigurationListener.launchConfigurationChanged(MavenLaunchConfigurationListener.java:40)
	at org.eclipse.debug.internal.core.LaunchManager$ConfigurationNotifier.run(LaunchManager.java:225)
	at org.eclipse.core.runtime.SafeRunner.run(SafeRunner.java:45)
	at org.eclipse.debug.internal.core.LaunchManager$ConfigurationNotifier.notify(LaunchManager.java:209)
	at org.eclipse.debug.internal.core.LaunchConfigurationWorkingCopy.setDirty(LaunchConfigurationWorkingCopy.java:521)
	at org.eclipse.debug.internal.core.LaunchConfigurationWorkingCopy.setAttribute(LaunchConfigurationWorkingCopy.java:409)
	at org.eclipse.m2e.jdt.internal.launch.MavenRuntimeClasspathProvider.disable(MavenRuntimeClasspathProvider.java:401)
	at org.eclipse.m2e.jdt.internal.launch.MavenRuntimeClasspathProvider.disable(MavenRuntimeClasspathProvider.java:427)
	at org.eclipse.m2e.jdt.internal.launch.MavenLaunchConfigurationListener.mavenProjectChanged(MavenLaunchConfigurationListener.java:72)
	at org.eclipse.m2e.core.internal.project.registry.ProjectRegistryManager.notifyProjectChangeListeners(ProjectRegistryManager.java:824)
	at org.eclipse.m2e.core.internal.project.registry.ProjectRegistryManager.applyMutableProjectRegistry(ProjectRegistryManager.java:990)
	at org.eclipse.m2e.core.internal.project.registry.ProjectRegistryRefreshJob.lambda$0(ProjectRegistryRefreshJob.java:149)
	at org.eclipse.m2e.core.internal.embedder.MavenExecutionContext.executeBare(MavenExecutionContext.java:179)
	at org.eclipse.m2e.core.internal.embedder.MavenExecutionContext.execute(MavenExecutionContext.java:153)
	at org.eclipse.m2e.core.internal.embedder.MavenExecutionContext.execute(MavenExecutionContext.java:101)
	at org.eclipse.m2e.core.internal.embedder.MavenImpl.execute(MavenImpl.java:1374)
	at org.eclipse.m2e.core.internal.project.registry.ProjectRegistryRefreshJob.run(ProjectRegistryRefreshJob.java:84)
	at org.eclipse.core.internal.jobs.Worker.run(Worker.java:63)
2022-02-15 02:30:56,679 [Worker-1: Updating Maven Dependencies] ERROR o.e.m.j.i.l.MavenLaunchConfigurationListener - Launch configuration MainApplication (1) references closed project miaosha_2
org.eclipse.core.runtime.CoreException: Launch configuration MainApplication (1) references closed project miaosha_2
	at org.eclipse.jdt.launching.JavaRuntime.abort(JavaRuntime.java:1843)
	at org.eclipse.jdt.launching.JavaRuntime.getJavaProject(JavaRuntime.java:1715)
	at org.eclipse.m2e.jdt.internal.launch.MavenLaunchConfigurationListener.updateLaunchConfiguration(MavenLaunchConfigurationListener.java:55)
	at org.eclipse.m2e.jdt.internal.launch.MavenLaunchConfigurationListener.launchConfigurationChanged(MavenLaunchConfigurationListener.java:40)
	at org.eclipse.debug.internal.core.LaunchManager$ConfigurationNotifier.run(LaunchManager.java:225)
	at org.eclipse.core.runtime.SafeRunner.run(SafeRunner.java:45)
	at org.eclipse.debug.internal.core.LaunchManager$ConfigurationNotifier.notify(LaunchManager.java:209)
	at org.eclipse.debug.internal.core.LaunchConfigurationWorkingCopy.setDirty(LaunchConfigurationWorkingCopy.java:521)
	at org.eclipse.debug.internal.core.LaunchConfigurationWorkingCopy.setAttribute(LaunchConfigurationWorkingCopy.java:409)
	at org.eclipse.m2e.jdt.internal.launch.MavenRuntimeClasspathProvider.disable(MavenRuntimeClasspathProvider.java:402)
	at org.eclipse.m2e.jdt.internal.launch.MavenRuntimeClasspathProvider.disable(MavenRuntimeClasspathProvider.java:427)
	at org.eclipse.m2e.jdt.internal.launch.MavenLaunchConfigurationListener.mavenProjectChanged(MavenLaunchConfigurationListener.java:72)
	at org.eclipse.m2e.core.internal.project.registry.ProjectRegistryManager.notifyProjectChangeListeners(ProjectRegistryManager.java:824)
	at org.eclipse.m2e.core.internal.project.registry.ProjectRegistryManager.applyMutableProjectRegistry(ProjectRegistryManager.java:990)
	at org.eclipse.m2e.core.internal.project.registry.ProjectRegistryRefreshJob.lambda$0(ProjectRegistryRefreshJob.java:149)
	at org.eclipse.m2e.core.internal.embedder.MavenExecutionContext.executeBare(MavenExecutionContext.java:179)
	at org.eclipse.m2e.core.internal.embedder.MavenExecutionContext.execute(MavenExecutionContext.java:153)
	at org.eclipse.m2e.core.internal.embedder.MavenExecutionContext.execute(MavenExecutionContext.java:101)
	at org.eclipse.m2e.core.internal.embedder.MavenImpl.execute(MavenImpl.java:1374)
	at org.eclipse.m2e.core.internal.project.registry.ProjectRegistryRefreshJob.run(ProjectRegistryRefreshJob.java:84)
	at org.eclipse.core.internal.jobs.Worker.run(Worker.java:63)
2022-02-15 02:30:56,682 [Worker-1: Updating Maven Dependencies] ERROR o.e.m.j.i.l.MavenLaunchConfigurationListener - Launch configuration MainApplication (1) references closed project miaosha_2
org.eclipse.core.runtime.CoreException: Launch configuration MainApplication (1) references closed project miaosha_2
	at org.eclipse.jdt.launching.JavaRuntime.abort(JavaRuntime.java:1843)
	at org.eclipse.jdt.launching.JavaRuntime.getJavaProject(JavaRuntime.java:1715)
	at org.eclipse.m2e.jdt.internal.launch.MavenLaunchConfigurationListener.updateLaunchConfiguration(MavenLaunchConfigurationListener.java:55)
	at org.eclipse.m2e.jdt.internal.launch.MavenLaunchConfigurationListener.launchConfigurationChanged(MavenLaunchConfigurationListener.java:40)
	at org.eclipse.debug.internal.core.LaunchManager$ConfigurationNotifier.run(LaunchManager.java:225)
	at org.eclipse.core.runtime.SafeRunner.run(SafeRunner.java:45)
	at org.eclipse.debug.internal.core.LaunchManager$ConfigurationNotifier.notify(LaunchManager.java:209)
	at org.eclipse.debug.internal.core.LaunchManager.launchConfigurationChanged(LaunchManager.java:2132)
	at org.eclipse.debug.internal.core.LaunchConfigurationWorkingCopy.writeNewFile(LaunchConfigurationWorkingCopy.java:374)
	at org.eclipse.debug.internal.core.LaunchConfigurationWorkingCopy.doSave0(LaunchConfigurationWorkingCopy.java:257)
	at org.eclipse.debug.internal.core.LaunchConfigurationWorkingCopy.doSave(LaunchConfigurationWorkingCopy.java:227)
	at org.eclipse.debug.internal.core.LaunchConfigurationWorkingCopy.doSave(LaunchConfigurationWorkingCopy.java:185)
	at org.eclipse.m2e.jdt.internal.launch.MavenRuntimeClasspathProvider.disable(MavenRuntimeClasspathProvider.java:403)
	at org.eclipse.m2e.jdt.internal.launch.MavenRuntimeClasspathProvider.disable(MavenRuntimeClasspathProvider.java:427)
	at org.eclipse.m2e.jdt.internal.launch.MavenLaunchConfigurationListener.mavenProjectChanged(MavenLaunchConfigurationListener.java:72)
	at org.eclipse.m2e.core.internal.project.registry.ProjectRegistryManager.notifyProjectChangeListeners(ProjectRegistryManager.java:824)
	at org.eclipse.m2e.core.internal.project.registry.ProjectRegistryManager.applyMutableProjectRegistry(ProjectRegistryManager.java:990)
	at org.eclipse.m2e.core.internal.project.registry.ProjectRegistryRefreshJob.lambda$0(ProjectRegistryRefreshJob.java:149)
	at org.eclipse.m2e.core.internal.embedder.MavenExecutionContext.executeBare(MavenExecutionContext.java:179)
	at org.eclipse.m2e.core.internal.embedder.MavenExecutionContext.execute(MavenExecutionContext.java:153)
	at org.eclipse.m2e.core.internal.embedder.MavenExecutionContext.execute(MavenExecutionContext.java:101)
	at org.eclipse.m2e.core.internal.embedder.MavenImpl.execute(MavenImpl.java:1374)
	at org.eclipse.m2e.core.internal.project.registry.ProjectRegistryRefreshJob.run(ProjectRegistryRefreshJob.java:84)
	at org.eclipse.core.internal.jobs.Worker.run(Worker.java:63)
2022-02-15 02:30:56,683 [Worker-1: Updating Maven Dependencies] ERROR o.e.m.j.i.l.MavenLaunchConfigurationListener - Launch configuration UserUtil references closed project miaosha_2
org.eclipse.core.runtime.CoreException: Launch configuration UserUtil references closed project miaosha_2
	at org.eclipse.jdt.launching.JavaRuntime.abort(JavaRuntime.java:1843)
	at org.eclipse.jdt.launching.JavaRuntime.getJavaProject(JavaRuntime.java:1715)
	at org.eclipse.m2e.jdt.internal.launch.MavenLaunchConfigurationListener.updateLaunchConfiguration(MavenLaunchConfigurationListener.java:55)
	at org.eclipse.m2e.jdt.internal.launch.MavenLaunchConfigurationListener.launchConfigurationChanged(MavenLaunchConfigurationListener.java:40)
	at org.eclipse.debug.internal.core.LaunchManager$ConfigurationNotifier.run(LaunchManager.java:225)
	at org.eclipse.core.runtime.SafeRunner.run(SafeRunner.java:45)
	at org.eclipse.debug.internal.core.LaunchManager$ConfigurationNotifier.notify(LaunchManager.java:209)
	at org.eclipse.debug.internal.core.LaunchConfigurationWorkingCopy.setDirty(LaunchConfigurationWorkingCopy.java:521)
	at org.eclipse.debug.internal.core.LaunchConfigurationWorkingCopy.setAttribute(LaunchConfigurationWorkingCopy.java:409)
	at org.eclipse.m2e.jdt.internal.launch.MavenRuntimeClasspathProvider.disable(MavenRuntimeClasspathProvider.java:401)
	at org.eclipse.m2e.jdt.internal.launch.MavenRuntimeClasspathProvider.disable(MavenRuntimeClasspathProvider.java:427)
	at org.eclipse.m2e.jdt.internal.launch.MavenLaunchConfigurationListener.mavenProjectChanged(MavenLaunchConfigurationListener.java:72)
	at org.eclipse.m2e.core.internal.project.registry.ProjectRegistryManager.notifyProjectChangeListeners(ProjectRegistryManager.java:824)
	at org.eclipse.m2e.core.internal.project.registry.ProjectRegistryManager.applyMutableProjectRegistry(ProjectRegistryManager.java:990)
	at org.eclipse.m2e.core.internal.project.registry.ProjectRegistryRefreshJob.lambda$0(ProjectRegistryRefreshJob.java:149)
	at org.eclipse.m2e.core.internal.embedder.MavenExecutionContext.executeBare(MavenExecutionContext.java:179)
	at org.eclipse.m2e.core.internal.embedder.MavenExecutionContext.execute(MavenExecutionContext.java:153)
	at org.eclipse.m2e.core.internal.embedder.MavenExecutionContext.execute(MavenExecutionContext.java:101)
	at org.eclipse.m2e.core.internal.embedder.MavenImpl.execute(MavenImpl.java:1374)
	at org.eclipse.m2e.core.internal.project.registry.ProjectRegistryRefreshJob.run(ProjectRegistryRefreshJob.java:84)
	at org.eclipse.core.internal.jobs.Worker.run(Worker.java:63)
2022-02-15 02:30:56,684 [Worker-1: Updating Maven Dependencies] ERROR o.e.m.j.i.l.MavenLaunchConfigurationListener - Launch configuration UserUtil references closed project miaosha_2
org.eclipse.core.runtime.CoreException: Launch configuration UserUtil references closed project miaosha_2
	at org.eclipse.jdt.launching.JavaRuntime.abort(JavaRuntime.java:1843)
	at org.eclipse.jdt.launching.JavaRuntime.getJavaProject(JavaRuntime.java:1715)
	at org.eclipse.m2e.jdt.internal.launch.MavenLaunchConfigurationListener.updateLaunchConfiguration(MavenLaunchConfigurationListener.java:55)
	at org.eclipse.m2e.jdt.internal.launch.MavenLaunchConfigurationListener.launchConfigurationChanged(MavenLaunchConfigurationListener.java:40)
	at org.eclipse.debug.internal.core.LaunchManager$ConfigurationNotifier.run(LaunchManager.java:225)
	at org.eclipse.core.runtime.SafeRunner.run(SafeRunner.java:45)
	at org.eclipse.debug.internal.core.LaunchManager$ConfigurationNotifier.notify(LaunchManager.java:209)
	at org.eclipse.debug.internal.core.LaunchConfigurationWorkingCopy.setDirty(LaunchConfigurationWorkingCopy.java:521)
	at org.eclipse.debug.internal.core.LaunchConfigurationWorkingCopy.setAttribute(LaunchConfigurationWorkingCopy.java:409)
	at org.eclipse.m2e.jdt.internal.launch.MavenRuntimeClasspathProvider.disable(MavenRuntimeClasspathProvider.java:402)
	at org.eclipse.m2e.jdt.internal.launch.MavenRuntimeClasspathProvider.disable(MavenRuntimeClasspathProvider.java:427)
	at org.eclipse.m2e.jdt.internal.launch.MavenLaunchConfigurationListener.mavenProjectChanged(MavenLaunchConfigurationListener.java:72)
	at org.eclipse.m2e.core.internal.project.registry.ProjectRegistryManager.notifyProjectChangeListeners(ProjectRegistryManager.java:824)
	at org.eclipse.m2e.core.internal.project.registry.ProjectRegistryManager.applyMutableProjectRegistry(ProjectRegistryManager.java:990)
	at org.eclipse.m2e.core.internal.project.registry.ProjectRegistryRefreshJob.lambda$0(ProjectRegistryRefreshJob.java:149)
	at org.eclipse.m2e.core.internal.embedder.MavenExecutionContext.executeBare(MavenExecutionContext.java:179)
	at org.eclipse.m2e.core.internal.embedder.MavenExecutionContext.execute(MavenExecutionContext.java:153)
	at org.eclipse.m2e.core.internal.embedder.MavenExecutionContext.execute(MavenExecutionContext.java:101)
	at org.eclipse.m2e.core.internal.embedder.MavenImpl.execute(MavenImpl.java:1374)
	at org.eclipse.m2e.core.internal.project.registry.ProjectRegistryRefreshJob.run(ProjectRegistryRefreshJob.java:84)
	at org.eclipse.core.internal.jobs.Worker.run(Worker.java:63)
2022-02-15 02:30:56,686 [Worker-1: Updating Maven Dependencies] ERROR o.e.m.j.i.l.MavenLaunchConfigurationListener - Launch configuration UserUtil references closed project miaosha_2
org.eclipse.core.runtime.CoreException: Launch configuration UserUtil references closed project miaosha_2
	at org.eclipse.jdt.launching.JavaRuntime.abort(JavaRuntime.java:1843)
	at org.eclipse.jdt.launching.JavaRuntime.getJavaProject(JavaRuntime.java:1715)
	at org.eclipse.m2e.jdt.internal.launch.MavenLaunchConfigurationListener.updateLaunchConfiguration(MavenLaunchConfigurationListener.java:55)
	at org.eclipse.m2e.jdt.internal.launch.MavenLaunchConfigurationListener.launchConfigurationChanged(MavenLaunchConfigurationListener.java:40)
	at org.eclipse.debug.internal.core.LaunchManager$ConfigurationNotifier.run(LaunchManager.java:225)
	at org.eclipse.core.runtime.SafeRunner.run(SafeRunner.java:45)
	at org.eclipse.debug.internal.core.LaunchManager$ConfigurationNotifier.notify(LaunchManager.java:209)
	at org.eclipse.debug.internal.core.LaunchManager.launchConfigurationChanged(LaunchManager.java:2132)
	at org.eclipse.debug.internal.core.LaunchConfigurationWorkingCopy.writeNewFile(LaunchConfigurationWorkingCopy.java:374)
	at org.eclipse.debug.internal.core.LaunchConfigurationWorkingCopy.doSave0(LaunchConfigurationWorkingCopy.java:257)
	at org.eclipse.debug.internal.core.LaunchConfigurationWorkingCopy.doSave(LaunchConfigurationWorkingCopy.java:227)
	at org.eclipse.debug.internal.core.LaunchConfigurationWorkingCopy.doSave(LaunchConfigurationWorkingCopy.java:185)
	at org.eclipse.m2e.jdt.internal.launch.MavenRuntimeClasspathProvider.disable(MavenRuntimeClasspathProvider.java:403)
	at org.eclipse.m2e.jdt.internal.launch.MavenRuntimeClasspathProvider.disable(MavenRuntimeClasspathProvider.java:427)
	at org.eclipse.m2e.jdt.internal.launch.MavenLaunchConfigurationListener.mavenProjectChanged(MavenLaunchConfigurationListener.java:72)
	at org.eclipse.m2e.core.internal.project.registry.ProjectRegistryManager.notifyProjectChangeListeners(ProjectRegistryManager.java:824)
	at org.eclipse.m2e.core.internal.project.registry.ProjectRegistryManager.applyMutableProjectRegistry(ProjectRegistryManager.java:990)
	at org.eclipse.m2e.core.internal.project.registry.ProjectRegistryRefreshJob.lambda$0(ProjectRegistryRefreshJob.java:149)
	at org.eclipse.m2e.core.internal.embedder.MavenExecutionContext.executeBare(MavenExecutionContext.java:179)
	at org.eclipse.m2e.core.internal.embedder.MavenExecutionContext.execute(MavenExecutionContext.java:153)
	at org.eclipse.m2e.core.internal.embedder.MavenExecutionContext.execute(MavenExecutionContext.java:101)
	at org.eclipse.m2e.core.internal.embedder.MavenImpl.execute(MavenImpl.java:1374)
	at org.eclipse.m2e.core.internal.project.registry.ProjectRegistryRefreshJob.run(ProjectRegistryRefreshJob.java:84)
	at org.eclipse.core.internal.jobs.Worker.run(Worker.java:63)
2022-02-15 02:35:12,114 [Worker-22: Building] INFO  o.e.m.c.i.embedder.EclipseLogger - Using 'UTF-8' encoding to copy filtered resources.
2022-02-15 02:35:12,119 [Worker-22: Building] INFO  o.e.m.c.i.embedder.EclipseLogger - Copying 1 resource
2022-02-15 02:35:12,124 [Worker-22: Building] INFO  o.e.m.c.i.embedder.EclipseLogger - Copying 39 resources
2022-02-15 02:35:12,131 [Worker-22: Building] INFO  o.e.m.c.i.embedder.EclipseLogger - Using 'UTF-8' encoding to copy filtered resources.
2022-02-15 02:35:12,131 [Worker-22: Building] INFO  o.e.m.c.i.embedder.EclipseLogger - skip non existing resourceDirectory E:\Work\ideajava\GraduationProject\SecKill\SecKill\miaosha_3\src\test\resources
2022-02-15 02:36:03,307 [Worker-19: Building] INFO  o.e.m.c.i.embedder.EclipseLogger - Using 'UTF-8' encoding to copy filtered resources.
2022-02-15 02:36:03,313 [Worker-19: Building] INFO  o.e.m.c.i.embedder.EclipseLogger - Copying 1 resource
2022-02-15 02:36:03,321 [Worker-19: Building] INFO  o.e.m.c.i.embedder.EclipseLogger - Copying 39 resources
2022-02-15 02:36:03,327 [Worker-19: Building] INFO  o.e.m.c.i.embedder.EclipseLogger - Using 'UTF-8' encoding to copy filtered resources.
2022-02-15 02:36:03,327 [Worker-19: Building] INFO  o.e.m.c.i.embedder.EclipseLogger - skip non existing resourceDirectory E:\Work\ideajava\GraduationProject\SecKill\SecKill\miaosha_3\src\test\resources
2022-02-15 02:38:11,804 [Worker-24: Building] INFO  o.e.m.c.i.embedder.EclipseLogger - Using 'UTF-8' encoding to copy filtered resources.
2022-02-15 02:38:11,812 [Worker-24: Building] INFO  o.e.m.c.i.embedder.EclipseLogger - Copying 1 resource
2022-02-15 02:38:11,821 [Worker-24: Building] INFO  o.e.m.c.i.embedder.EclipseLogger - Copying 39 resources
2022-02-15 02:38:11,829 [Worker-24: Building] INFO  o.e.m.c.i.embedder.EclipseLogger - Using 'UTF-8' encoding to copy filtered resources.
2022-02-15 02:38:11,829 [Worker-24: Building] INFO  o.e.m.c.i.embedder.EclipseLogger - skip non existing resourceDirectory E:\Work\ideajava\GraduationProject\SecKill\SecKill\miaosha_3\src\test\resources
2022-02-15 02:40:18,824 [Worker-26: Building] INFO  o.e.m.c.i.embedder.EclipseLogger - Using 'UTF-8' encoding to copy filtered resources.
2022-02-15 02:40:18,830 [Worker-26: Building] INFO  o.e.m.c.i.embedder.EclipseLogger - Copying 1 resource
2022-02-15 02:40:18,837 [Worker-26: Building] INFO  o.e.m.c.i.embedder.EclipseLogger - Copying 39 resources
2022-02-15 02:40:18,844 [Worker-26: Building] INFO  o.e.m.c.i.embedder.EclipseLogger - Using 'UTF-8' encoding to copy filtered resources.
2022-02-15 02:40:18,845 [Worker-26: Building] INFO  o.e.m.c.i.embedder.EclipseLogger - skip non existing resourceDirectory E:\Work\ideajava\GraduationProject\SecKill\SecKill\miaosha_3\src\test\resources
2022-02-15 02:40:31,692 [Worker-26: Building] INFO  o.e.m.c.i.embedder.EclipseLogger - Using 'UTF-8' encoding to copy filtered resources.
2022-02-15 02:40:31,699 [Worker-26: Building] INFO  o.e.m.c.i.embedder.EclipseLogger - Copying 1 resource
2022-02-15 02:40:31,707 [Worker-26: Building] INFO  o.e.m.c.i.embedder.EclipseLogger - Copying 39 resources
2022-02-15 02:40:31,713 [Worker-26: Building] INFO  o.e.m.c.i.embedder.EclipseLogger - Using 'UTF-8' encoding to copy filtered resources.
2022-02-15 02:40:31,713 [Worker-26: Building] INFO  o.e.m.c.i.embedder.EclipseLogger - skip non existing resourceDirectory E:\Work\ideajava\GraduationProject\SecKill\SecKill\miaosha_3\src\test\resources
2022-02-15 02:47:04,979 [Worker-25: Building] INFO  o.e.m.c.i.embedder.EclipseLogger - Using 'UTF-8' encoding to copy filtered resources.
2022-02-15 02:47:04,985 [Worker-25: Building] INFO  o.e.m.c.i.embedder.EclipseLogger - Copying 1 resource
2022-02-15 02:47:04,991 [Worker-25: Building] INFO  o.e.m.c.i.embedder.EclipseLogger - Copying 39 resources
2022-02-15 02:47:04,997 [Worker-25: Building] INFO  o.e.m.c.i.embedder.EclipseLogger - Using 'UTF-8' encoding to copy filtered resources.
2022-02-15 02:47:04,997 [Worker-25: Building] INFO  o.e.m.c.i.embedder.EclipseLogger - skip non existing resourceDirectory E:\Work\ideajava\GraduationProject\SecKill\SecKill\miaosha_3\src\test\resources
2022-02-15 02:55:44,731 [Worker-29: Building] INFO  o.e.m.c.i.embedder.EclipseLogger - Using 'UTF-8' encoding to copy filtered resources.
2022-02-15 02:55:44,736 [Worker-29: Building] INFO  o.e.m.c.i.embedder.EclipseLogger - Copying 1 resource
2022-02-15 02:55:44,744 [Worker-29: Building] INFO  o.e.m.c.i.embedder.EclipseLogger - Copying 39 resources
2022-02-15 02:55:44,752 [Worker-29: Building] INFO  o.e.m.c.i.embedder.EclipseLogger - Using 'UTF-8' encoding to copy filtered resources.
2022-02-15 02:55:44,753 [Worker-29: Building] INFO  o.e.m.c.i.embedder.EclipseLogger - skip non existing resourceDirectory E:\Work\ideajava\GraduationProject\SecKill\SecKill\miaosha_3\src\test\resources
2022-02-15 03:02:16,236 [Worker-23: Building] INFO  o.e.m.c.i.embedder.EclipseLogger - Using 'UTF-8' encoding to copy filtered resources.
2022-02-15 03:02:16,244 [Worker-23: Building] INFO  o.e.m.c.i.embedder.EclipseLogger - Copying 1 resource
2022-02-15 03:02:16,250 [Worker-23: Building] INFO  o.e.m.c.i.embedder.EclipseLogger - Copying 39 resources
2022-02-15 03:02:16,257 [Worker-23: Building] INFO  o.e.m.c.i.embedder.EclipseLogger - Using 'UTF-8' encoding to copy filtered resources.
2022-02-15 03:02:16,257 [Worker-23: Building] INFO  o.e.m.c.i.embedder.EclipseLogger - skip non existing resourceDirectory E:\Work\ideajava\GraduationProject\SecKill\SecKill\miaosha_3\src\test\resources
2022-02-15 03:08:51,476 [Worker-35: Building] INFO  o.e.m.c.i.embedder.EclipseLogger - Using 'UTF-8' encoding to copy filtered resources.
2022-02-15 03:08:51,481 [Worker-35: Building] INFO  o.e.m.c.i.embedder.EclipseLogger - Copying 1 resource
2022-02-15 03:08:51,487 [Worker-35: Building] INFO  o.e.m.c.i.embedder.EclipseLogger - Copying 39 resources
2022-02-15 03:08:51,495 [Worker-35: Building] INFO  o.e.m.c.i.embedder.EclipseLogger - Using 'UTF-8' encoding to copy filtered resources.
2022-02-15 03:08:51,495 [Worker-35: Building] INFO  o.e.m.c.i.embedder.EclipseLogger - skip non existing resourceDirectory E:\Work\ideajava\GraduationProject\SecKill\SecKill\miaosha_3\src\test\resources
2022-02-15 03:18:06,436 [Worker-37: Building] INFO  o.e.m.c.i.embedder.EclipseLogger - Using 'UTF-8' encoding to copy filtered resources.
2022-02-15 03:18:06,441 [Worker-37: Building] INFO  o.e.m.c.i.embedder.EclipseLogger - Copying 1 resource
2022-02-15 03:18:06,448 [Worker-37: Building] INFO  o.e.m.c.i.embedder.EclipseLogger - Copying 39 resources
2022-02-15 03:18:06,455 [Worker-37: Building] INFO  o.e.m.c.i.embedder.EclipseLogger - Using 'UTF-8' encoding to copy filtered resources.
2022-02-15 03:18:06,456 [Worker-37: Building] INFO  o.e.m.c.i.embedder.EclipseLogger - skip non existing resourceDirectory E:\Work\ideajava\GraduationProject\SecKill\SecKill\miaosha_3\src\test\resources
2022-02-15 03:18:09,323 [Worker-40: Building] INFO  o.e.m.c.i.embedder.EclipseLogger - Using 'UTF-8' encoding to copy filtered resources.
2022-02-15 03:18:09,330 [Worker-40: Building] INFO  o.e.m.c.i.embedder.EclipseLogger - Copying 1 resource
2022-02-15 03:18:09,336 [Worker-40: Building] INFO  o.e.m.c.i.embedder.EclipseLogger - Copying 39 resources
2022-02-15 03:18:09,343 [Worker-40: Building] INFO  o.e.m.c.i.embedder.EclipseLogger - Using 'UTF-8' encoding to copy filtered resources.
2022-02-15 03:18:09,343 [Worker-40: Building] INFO  o.e.m.c.i.embedder.EclipseLogger - skip non existing resourceDirectory E:\Work\ideajava\GraduationProject\SecKill\SecKill\miaosha_3\src\test\resources
2022-02-15 03:26:59,767 [Worker-42: Building] INFO  o.e.m.c.i.embedder.EclipseLogger - Using 'UTF-8' encoding to copy filtered resources.
2022-02-15 03:26:59,772 [Worker-42: Building] INFO  o.e.m.c.i.embedder.EclipseLogger - Copying 1 resource
2022-02-15 03:26:59,777 [Worker-42: Building] INFO  o.e.m.c.i.embedder.EclipseLogger - Copying 39 resources
2022-02-15 03:26:59,785 [Worker-42: Building] INFO  o.e.m.c.i.embedder.EclipseLogger - Using 'UTF-8' encoding to copy filtered resources.
2022-02-15 03:26:59,785 [Worker-42: Building] INFO  o.e.m.c.i.embedder.EclipseLogger - skip non existing resourceDirectory E:\Work\ideajava\GraduationProject\SecKill\SecKill\miaosha_3\src\test\resources
2022-02-15 03:37:42,196 [Worker-47: Building] INFO  o.e.m.c.i.embedder.EclipseLogger - Using 'UTF-8' encoding to copy filtered resources.
2022-02-15 03:37:42,202 [Worker-47: Building] INFO  o.e.m.c.i.embedder.EclipseLogger - Copying 1 resource
2022-02-15 03:37:42,209 [Worker-47: Building] INFO  o.e.m.c.i.embedder.EclipseLogger - Copying 39 resources
2022-02-15 03:37:42,216 [Worker-47: Building] INFO  o.e.m.c.i.embedder.EclipseLogger - Using 'UTF-8' encoding to copy filtered resources.
2022-02-15 03:37:42,216 [Worker-47: Building] INFO  o.e.m.c.i.embedder.EclipseLogger - skip non existing resourceDirectory E:\Work\ideajava\GraduationProject\SecKill\SecKill\miaosha_3\src\test\resources
2022-02-15 03:39:10,042 [Worker-47: Building] INFO  o.e.m.c.i.embedder.EclipseLogger - Using 'UTF-8' encoding to copy filtered resources.
2022-02-15 03:39:10,047 [Worker-47: Building] INFO  o.e.m.c.i.embedder.EclipseLogger - Copying 1 resource
2022-02-15 03:39:10,053 [Worker-47: Building] INFO  o.e.m.c.i.embedder.EclipseLogger - Copying 39 resources
2022-02-15 03:39:10,058 [Worker-47: Building] INFO  o.e.m.c.i.embedder.EclipseLogger - Using 'UTF-8' encoding to copy filtered resources.
2022-02-15 03:39:10,058 [Worker-47: Building] INFO  o.e.m.c.i.embedder.EclipseLogger - skip non existing resourceDirectory E:\Work\ideajava\GraduationProject\SecKill\SecKill\miaosha_3\src\test\resources
2022-02-15 03:51:45,417 [Worker-52: Building] INFO  o.e.m.c.i.embedder.EclipseLogger - Using 'UTF-8' encoding to copy filtered resources.
2022-02-15 03:51:45,419 [Worker-52: Building] INFO  o.e.m.c.i.embedder.EclipseLogger - Copying 1 resource
2022-02-15 03:51:45,421 [Worker-52: Building] INFO  o.e.m.c.i.embedder.EclipseLogger - Copying 0 resource
2022-02-15 03:51:45,423 [Worker-52: Building] INFO  o.e.m.c.i.embedder.EclipseLogger - Using 'UTF-8' encoding to copy filtered resources.
2022-02-15 03:51:45,423 [Worker-52: Building] INFO  o.e.m.c.i.embedder.EclipseLogger - skip non existing resourceDirectory E:\Work\ideajava\GraduationProject\SecKill\SecKill\miaosha_3\src\test\resources
2022-02-15 03:51:53,471 [Worker-53: Building] INFO  o.e.m.c.i.embedder.EclipseLogger - Using 'UTF-8' encoding to copy filtered resources.
2022-02-15 03:51:53,476 [Worker-53: Building] INFO  o.e.m.c.i.embedder.EclipseLogger - Copying 1 resource
2022-02-15 03:51:53,483 [Worker-53: Building] INFO  o.e.m.c.i.embedder.EclipseLogger - Copying 39 resources
2022-02-15 03:51:53,489 [Worker-53: Building] INFO  o.e.m.c.i.embedder.EclipseLogger - Using 'UTF-8' encoding to copy filtered resources.
2022-02-15 03:51:53,489 [Worker-53: Building] INFO  o.e.m.c.i.embedder.EclipseLogger - skip non existing resourceDirectory E:\Work\ideajava\GraduationProject\SecKill\SecKill\miaosha_3\src\test\resources
2022-02-16 19:57:20,629 [Worker-1: Loading available Gradle versions] INFO  o.e.b.c.i.u.g.PublishedGradleVersions - Gradle version information cache is out-of-date. Trying to update.
2022-02-16 19:59:28,296 [Worker-14: Building] INFO  o.e.m.c.i.embedder.EclipseLogger - Using 'UTF-8' encoding to copy filtered resources.
2022-02-16 19:59:28,305 [Worker-14: Building] INFO  o.e.m.c.i.embedder.EclipseLogger - Copying 1 resource
2022-02-16 19:59:28,332 [Worker-14: Building] INFO  o.e.m.c.i.embedder.EclipseLogger - Copying 39 resources
2022-02-16 19:59:28,355 [Worker-14: Building] INFO  o.e.m.c.i.embedder.EclipseLogger - Using 'UTF-8' encoding to copy filtered resources.
2022-02-16 19:59:28,355 [Worker-14: Building] INFO  o.e.m.c.i.embedder.EclipseLogger - skip non existing resourceDirectory E:\Work\ideajava\GraduationProject\SecKill\SecKill\miaosha_3\src\test\resources
2022-02-16 20:00:44,530 [Worker-9: Building] INFO  o.e.m.c.i.embedder.EclipseLogger - Using 'UTF-8' encoding to copy filtered resources.
2022-02-16 20:00:44,545 [Worker-9: Building] INFO  o.e.m.c.i.embedder.EclipseLogger - Copying 1 resource
2022-02-16 20:00:44,559 [Worker-9: Building] INFO  o.e.m.c.i.embedder.EclipseLogger - Copying 39 resources
2022-02-16 20:00:44,573 [Worker-9: Building] INFO  o.e.m.c.i.embedder.EclipseLogger - Using 'UTF-8' encoding to copy filtered resources.
2022-02-16 20:00:44,574 [Worker-9: Building] INFO  o.e.m.c.i.embedder.EclipseLogger - skip non existing resourceDirectory E:\Work\ideajava\GraduationProject\SecKill\SecKill\miaosha_3\src\test\resources
2022-02-16 20:01:07,354 [Worker-14: Building] INFO  o.e.m.c.i.embedder.EclipseLogger - Using 'UTF-8' encoding to copy filtered resources.
2022-02-16 20:01:07,360 [Worker-14: Building] INFO  o.e.m.c.i.embedder.EclipseLogger - Copying 1 resource
2022-02-16 20:01:07,368 [Worker-14: Building] INFO  o.e.m.c.i.embedder.EclipseLogger - Copying 39 resources
2022-02-16 20:01:07,379 [Worker-14: Building] INFO  o.e.m.c.i.embedder.EclipseLogger - Using 'UTF-8' encoding to copy filtered resources.
2022-02-16 20:01:07,379 [Worker-14: Building] INFO  o.e.m.c.i.embedder.EclipseLogger - skip non existing resourceDirectory E:\Work\ideajava\GraduationProject\SecKill\SecKill\miaosha_3\src\test\resources
2022-02-16 20:01:17,670 [Worker-16: Building] INFO  o.e.m.c.i.embedder.EclipseLogger - Using 'UTF-8' encoding to copy filtered resources.
2022-02-16 20:01:17,674 [Worker-16: Building] INFO  o.e.m.c.i.embedder.EclipseLogger - Copying 1 resource
2022-02-16 20:01:17,681 [Worker-16: Building] INFO  o.e.m.c.i.embedder.EclipseLogger - Copying 39 resources
2022-02-16 20:01:17,690 [Worker-16: Building] INFO  o.e.m.c.i.embedder.EclipseLogger - Using 'UTF-8' encoding to copy filtered resources.
2022-02-16 20:01:17,690 [Worker-16: Building] INFO  o.e.m.c.i.embedder.EclipseLogger - skip non existing resourceDirectory E:\Work\ideajava\GraduationProject\SecKill\SecKill\miaosha_3\src\test\resources
2022-02-16 20:04:52,873 [Worker-23: Building] INFO  o.e.m.c.i.embedder.EclipseLogger - Using 'UTF-8' encoding to copy filtered resources.
2022-02-16 20:04:52,914 [Worker-23: Building] INFO  o.e.m.c.i.embedder.EclipseLogger - Copying 0 resource
2022-02-16 20:04:52,916 [Worker-23: Building] INFO  o.e.m.c.i.embedder.EclipseLogger - Copying 1 resource
2022-02-16 20:04:52,927 [Worker-23: Building] INFO  o.e.m.c.i.embedder.EclipseLogger - Using 'UTF-8' encoding to copy filtered resources.
2022-02-16 20:04:52,927 [Worker-23: Building] INFO  o.e.m.c.i.embedder.EclipseLogger - skip non existing resourceDirectory E:\Work\ideajava\GraduationProject\SecKill\SecKill\miaosha_3\src\test\resources
2022-02-16 20:05:53,388 [Worker-0: Loading available Gradle versions] INFO  o.e.b.c.i.u.g.PublishedGradleVersions - Gradle version information cache is up-to-date. Trying to read.
2022-02-16 20:11:48,169 [Worker-16: Building] INFO  o.e.m.c.i.l.LifecycleMappingFactory - Using org.eclipse.m2e.jdt.JarLifecycleMapping lifecycle mapping for MavenProject: com.kirin:miaosha_2:0.0.1-SNAPSHOT @ E:\Work\ideajava\GraduationProject\SecKill\SecKill\miaosha_2\pom.xml.
2022-02-16 20:11:49,044 [Worker-16: Building] INFO  o.e.m.c.i.embedder.EclipseLogger - Using 'UTF-8' encoding to copy filtered resources.
2022-02-16 20:11:49,050 [Worker-16: Building] INFO  o.e.m.c.i.embedder.EclipseLogger - Copying 1 resource
2022-02-16 20:11:49,070 [Worker-16: Building] INFO  o.e.m.c.i.embedder.EclipseLogger - Copying 39 resources
2022-02-16 20:11:49,092 [Worker-16: Building] INFO  o.e.m.c.i.embedder.EclipseLogger - Using 'UTF-8' encoding to copy filtered resources.
2022-02-16 20:11:49,092 [Worker-16: Building] INFO  o.e.m.c.i.embedder.EclipseLogger - skip non existing resourceDirectory E:\Work\ideajava\GraduationProject\SecKill\SecKill\miaosha_2\src\test\resources
2022-02-16 20:11:50,372 [Worker-10: Updating Maven Dependencies] INFO  o.e.m.c.i.l.LifecycleMappingFactory - Using org.eclipse.m2e.jdt.JarLifecycleMapping lifecycle mapping for MavenProject: com.kirin:miaosha_2:0.0.1-SNAPSHOT @ E:\Work\ideajava\GraduationProject\SecKill\SecKill\miaosha_2\pom.xml.
2022-02-16 20:11:52,314 [Worker-10: Building] INFO  o.e.m.c.i.embedder.EclipseLogger - Using 'UTF-8' encoding to copy filtered resources.
2022-02-16 20:11:52,317 [Worker-10: Building] INFO  o.e.m.c.i.embedder.EclipseLogger - Copying 0 resource
2022-02-16 20:11:52,317 [Worker-10: Building] INFO  o.e.m.c.i.embedder.EclipseLogger - Copying 0 resource
2022-02-16 20:11:52,321 [Worker-10: Building] INFO  o.e.m.c.i.embedder.EclipseLogger - Using 'UTF-8' encoding to copy filtered resources.
2022-02-16 20:11:52,321 [Worker-10: Building] INFO  o.e.m.c.i.embedder.EclipseLogger - skip non existing resourceDirectory E:\Work\ideajava\GraduationProject\SecKill\SecKill\miaosha_2\src\test\resources
2022-02-16 20:13:07,693 [Worker-16: Updating Maven Dependencies] ERROR o.e.m.j.i.l.MavenLaunchConfigurationListener - Launch configuration MainApplication (1) references closed project miaosha_2
org.eclipse.core.runtime.CoreException: Launch configuration MainApplication (1) references closed project miaosha_2
	at org.eclipse.jdt.launching.JavaRuntime.abort(JavaRuntime.java:1843)
	at org.eclipse.jdt.launching.JavaRuntime.getJavaProject(JavaRuntime.java:1715)
	at org.eclipse.m2e.jdt.internal.launch.MavenLaunchConfigurationListener.updateLaunchConfiguration(MavenLaunchConfigurationListener.java:55)
	at org.eclipse.m2e.jdt.internal.launch.MavenLaunchConfigurationListener.launchConfigurationChanged(MavenLaunchConfigurationListener.java:40)
	at org.eclipse.debug.internal.core.LaunchManager$ConfigurationNotifier.run(LaunchManager.java:225)
	at org.eclipse.core.runtime.SafeRunner.run(SafeRunner.java:45)
	at org.eclipse.debug.internal.core.LaunchManager$ConfigurationNotifier.notify(LaunchManager.java:209)
	at org.eclipse.debug.internal.core.LaunchConfigurationWorkingCopy.setDirty(LaunchConfigurationWorkingCopy.java:521)
	at org.eclipse.debug.internal.core.LaunchConfigurationWorkingCopy.setAttribute(LaunchConfigurationWorkingCopy.java:409)
	at org.eclipse.m2e.jdt.internal.launch.MavenRuntimeClasspathProvider.disable(MavenRuntimeClasspathProvider.java:401)
	at org.eclipse.m2e.jdt.internal.launch.MavenRuntimeClasspathProvider.disable(MavenRuntimeClasspathProvider.java:427)
	at org.eclipse.m2e.jdt.internal.launch.MavenLaunchConfigurationListener.mavenProjectChanged(MavenLaunchConfigurationListener.java:72)
	at org.eclipse.m2e.core.internal.project.registry.ProjectRegistryManager.notifyProjectChangeListeners(ProjectRegistryManager.java:824)
	at org.eclipse.m2e.core.internal.project.registry.ProjectRegistryManager.applyMutableProjectRegistry(ProjectRegistryManager.java:990)
	at org.eclipse.m2e.core.internal.project.registry.ProjectRegistryRefreshJob.lambda$0(ProjectRegistryRefreshJob.java:149)
	at org.eclipse.m2e.core.internal.embedder.MavenExecutionContext.executeBare(MavenExecutionContext.java:179)
	at org.eclipse.m2e.core.internal.embedder.MavenExecutionContext.execute(MavenExecutionContext.java:153)
	at org.eclipse.m2e.core.internal.embedder.MavenExecutionContext.execute(MavenExecutionContext.java:101)
	at org.eclipse.m2e.core.internal.embedder.MavenImpl.execute(MavenImpl.java:1374)
	at org.eclipse.m2e.core.internal.project.registry.ProjectRegistryRefreshJob.run(ProjectRegistryRefreshJob.java:84)
	at org.eclipse.core.internal.jobs.Worker.run(Worker.java:63)
2022-02-16 20:13:07,696 [Worker-16: Updating Maven Dependencies] ERROR o.e.m.j.i.l.MavenLaunchConfigurationListener - Launch configuration MainApplication (1) references closed project miaosha_2
org.eclipse.core.runtime.CoreException: Launch configuration MainApplication (1) references closed project miaosha_2
	at org.eclipse.jdt.launching.JavaRuntime.abort(JavaRuntime.java:1843)
	at org.eclipse.jdt.launching.JavaRuntime.getJavaProject(JavaRuntime.java:1715)
	at org.eclipse.m2e.jdt.internal.launch.MavenLaunchConfigurationListener.updateLaunchConfiguration(MavenLaunchConfigurationListener.java:55)
	at org.eclipse.m2e.jdt.internal.launch.MavenLaunchConfigurationListener.launchConfigurationChanged(MavenLaunchConfigurationListener.java:40)
	at org.eclipse.debug.internal.core.LaunchManager$ConfigurationNotifier.run(LaunchManager.java:225)
	at org.eclipse.core.runtime.SafeRunner.run(SafeRunner.java:45)
	at org.eclipse.debug.internal.core.LaunchManager$ConfigurationNotifier.notify(LaunchManager.java:209)
	at org.eclipse.debug.internal.core.LaunchConfigurationWorkingCopy.setDirty(LaunchConfigurationWorkingCopy.java:521)
	at org.eclipse.debug.internal.core.LaunchConfigurationWorkingCopy.setAttribute(LaunchConfigurationWorkingCopy.java:409)
	at org.eclipse.m2e.jdt.internal.launch.MavenRuntimeClasspathProvider.disable(MavenRuntimeClasspathProvider.java:402)
	at org.eclipse.m2e.jdt.internal.launch.MavenRuntimeClasspathProvider.disable(MavenRuntimeClasspathProvider.java:427)
	at org.eclipse.m2e.jdt.internal.launch.MavenLaunchConfigurationListener.mavenProjectChanged(MavenLaunchConfigurationListener.java:72)
	at org.eclipse.m2e.core.internal.project.registry.ProjectRegistryManager.notifyProjectChangeListeners(ProjectRegistryManager.java:824)
	at org.eclipse.m2e.core.internal.project.registry.ProjectRegistryManager.applyMutableProjectRegistry(ProjectRegistryManager.java:990)
	at org.eclipse.m2e.core.internal.project.registry.ProjectRegistryRefreshJob.lambda$0(ProjectRegistryRefreshJob.java:149)
	at org.eclipse.m2e.core.internal.embedder.MavenExecutionContext.executeBare(MavenExecutionContext.java:179)
	at org.eclipse.m2e.core.internal.embedder.MavenExecutionContext.execute(MavenExecutionContext.java:153)
	at org.eclipse.m2e.core.internal.embedder.MavenExecutionContext.execute(MavenExecutionContext.java:101)
	at org.eclipse.m2e.core.internal.embedder.MavenImpl.execute(MavenImpl.java:1374)
	at org.eclipse.m2e.core.internal.project.registry.ProjectRegistryRefreshJob.run(ProjectRegistryRefreshJob.java:84)
	at org.eclipse.core.internal.jobs.Worker.run(Worker.java:63)
2022-02-16 20:13:07,703 [Worker-16: Updating Maven Dependencies] ERROR o.e.m.j.i.l.MavenLaunchConfigurationListener - Launch configuration MainApplication (1) references closed project miaosha_2
org.eclipse.core.runtime.CoreException: Launch configuration MainApplication (1) references closed project miaosha_2
	at org.eclipse.jdt.launching.JavaRuntime.abort(JavaRuntime.java:1843)
	at org.eclipse.jdt.launching.JavaRuntime.getJavaProject(JavaRuntime.java:1715)
	at org.eclipse.m2e.jdt.internal.launch.MavenLaunchConfigurationListener.updateLaunchConfiguration(MavenLaunchConfigurationListener.java:55)
	at org.eclipse.m2e.jdt.internal.launch.MavenLaunchConfigurationListener.launchConfigurationChanged(MavenLaunchConfigurationListener.java:40)
	at org.eclipse.debug.internal.core.LaunchManager$ConfigurationNotifier.run(LaunchManager.java:225)
	at org.eclipse.core.runtime.SafeRunner.run(SafeRunner.java:45)
	at org.eclipse.debug.internal.core.LaunchManager$ConfigurationNotifier.notify(LaunchManager.java:209)
	at org.eclipse.debug.internal.core.LaunchManager.launchConfigurationChanged(LaunchManager.java:2132)
	at org.eclipse.debug.internal.core.LaunchConfigurationWorkingCopy.writeNewFile(LaunchConfigurationWorkingCopy.java:374)
	at org.eclipse.debug.internal.core.LaunchConfigurationWorkingCopy.doSave0(LaunchConfigurationWorkingCopy.java:257)
	at org.eclipse.debug.internal.core.LaunchConfigurationWorkingCopy.doSave(LaunchConfigurationWorkingCopy.java:227)
	at org.eclipse.debug.internal.core.LaunchConfigurationWorkingCopy.doSave(LaunchConfigurationWorkingCopy.java:185)
	at org.eclipse.m2e.jdt.internal.launch.MavenRuntimeClasspathProvider.disable(MavenRuntimeClasspathProvider.java:403)
	at org.eclipse.m2e.jdt.internal.launch.MavenRuntimeClasspathProvider.disable(MavenRuntimeClasspathProvider.java:427)
	at org.eclipse.m2e.jdt.internal.launch.MavenLaunchConfigurationListener.mavenProjectChanged(MavenLaunchConfigurationListener.java:72)
	at org.eclipse.m2e.core.internal.project.registry.ProjectRegistryManager.notifyProjectChangeListeners(ProjectRegistryManager.java:824)
	at org.eclipse.m2e.core.internal.project.registry.ProjectRegistryManager.applyMutableProjectRegistry(ProjectRegistryManager.java:990)
	at org.eclipse.m2e.core.internal.project.registry.ProjectRegistryRefreshJob.lambda$0(ProjectRegistryRefreshJob.java:149)
	at org.eclipse.m2e.core.internal.embedder.MavenExecutionContext.executeBare(MavenExecutionContext.java:179)
	at org.eclipse.m2e.core.internal.embedder.MavenExecutionContext.execute(MavenExecutionContext.java:153)
	at org.eclipse.m2e.core.internal.embedder.MavenExecutionContext.execute(MavenExecutionContext.java:101)
	at org.eclipse.m2e.core.internal.embedder.MavenImpl.execute(MavenImpl.java:1374)
	at org.eclipse.m2e.core.internal.project.registry.ProjectRegistryRefreshJob.run(ProjectRegistryRefreshJob.java:84)
	at org.eclipse.core.internal.jobs.Worker.run(Worker.java:63)
2022-02-16 20:13:07,704 [Worker-16: Updating Maven Dependencies] ERROR o.e.m.j.i.l.MavenLaunchConfigurationListener - Launch configuration UserUtil references closed project miaosha_2
org.eclipse.core.runtime.CoreException: Launch configuration UserUtil references closed project miaosha_2
	at org.eclipse.jdt.launching.JavaRuntime.abort(JavaRuntime.java:1843)
	at org.eclipse.jdt.launching.JavaRuntime.getJavaProject(JavaRuntime.java:1715)
	at org.eclipse.m2e.jdt.internal.launch.MavenLaunchConfigurationListener.updateLaunchConfiguration(MavenLaunchConfigurationListener.java:55)
	at org.eclipse.m2e.jdt.internal.launch.MavenLaunchConfigurationListener.launchConfigurationChanged(MavenLaunchConfigurationListener.java:40)
	at org.eclipse.debug.internal.core.LaunchManager$ConfigurationNotifier.run(LaunchManager.java:225)
	at org.eclipse.core.runtime.SafeRunner.run(SafeRunner.java:45)
	at org.eclipse.debug.internal.core.LaunchManager$ConfigurationNotifier.notify(LaunchManager.java:209)
	at org.eclipse.debug.internal.core.LaunchConfigurationWorkingCopy.setDirty(LaunchConfigurationWorkingCopy.java:521)
	at org.eclipse.debug.internal.core.LaunchConfigurationWorkingCopy.setAttribute(LaunchConfigurationWorkingCopy.java:409)
	at org.eclipse.m2e.jdt.internal.launch.MavenRuntimeClasspathProvider.disable(MavenRuntimeClasspathProvider.java:401)
	at org.eclipse.m2e.jdt.internal.launch.MavenRuntimeClasspathProvider.disable(MavenRuntimeClasspathProvider.java:427)
	at org.eclipse.m2e.jdt.internal.launch.MavenLaunchConfigurationListener.mavenProjectChanged(MavenLaunchConfigurationListener.java:72)
	at org.eclipse.m2e.core.internal.project.registry.ProjectRegistryManager.notifyProjectChangeListeners(ProjectRegistryManager.java:824)
	at org.eclipse.m2e.core.internal.project.registry.ProjectRegistryManager.applyMutableProjectRegistry(ProjectRegistryManager.java:990)
	at org.eclipse.m2e.core.internal.project.registry.ProjectRegistryRefreshJob.lambda$0(ProjectRegistryRefreshJob.java:149)
	at org.eclipse.m2e.core.internal.embedder.MavenExecutionContext.executeBare(MavenExecutionContext.java:179)
	at org.eclipse.m2e.core.internal.embedder.MavenExecutionContext.execute(MavenExecutionContext.java:153)
	at org.eclipse.m2e.core.internal.embedder.MavenExecutionContext.execute(MavenExecutionContext.java:101)
	at org.eclipse.m2e.core.internal.embedder.MavenImpl.execute(MavenImpl.java:1374)
	at org.eclipse.m2e.core.internal.project.registry.ProjectRegistryRefreshJob.run(ProjectRegistryRefreshJob.java:84)
	at org.eclipse.core.internal.jobs.Worker.run(Worker.java:63)
2022-02-16 20:13:07,706 [Worker-16: Updating Maven Dependencies] ERROR o.e.m.j.i.l.MavenLaunchConfigurationListener - Launch configuration UserUtil references closed project miaosha_2
org.eclipse.core.runtime.CoreException: Launch configuration UserUtil references closed project miaosha_2
	at org.eclipse.jdt.launching.JavaRuntime.abort(JavaRuntime.java:1843)
	at org.eclipse.jdt.launching.JavaRuntime.getJavaProject(JavaRuntime.java:1715)
	at org.eclipse.m2e.jdt.internal.launch.MavenLaunchConfigurationListener.updateLaunchConfiguration(MavenLaunchConfigurationListener.java:55)
	at org.eclipse.m2e.jdt.internal.launch.MavenLaunchConfigurationListener.launchConfigurationChanged(MavenLaunchConfigurationListener.java:40)
	at org.eclipse.debug.internal.core.LaunchManager$ConfigurationNotifier.run(LaunchManager.java:225)
	at org.eclipse.core.runtime.SafeRunner.run(SafeRunner.java:45)
	at org.eclipse.debug.internal.core.LaunchManager$ConfigurationNotifier.notify(LaunchManager.java:209)
	at org.eclipse.debug.internal.core.LaunchConfigurationWorkingCopy.setDirty(LaunchConfigurationWorkingCopy.java:521)
	at org.eclipse.debug.internal.core.LaunchConfigurationWorkingCopy.setAttribute(LaunchConfigurationWorkingCopy.java:409)
	at org.eclipse.m2e.jdt.internal.launch.MavenRuntimeClasspathProvider.disable(MavenRuntimeClasspathProvider.java:402)
	at org.eclipse.m2e.jdt.internal.launch.MavenRuntimeClasspathProvider.disable(MavenRuntimeClasspathProvider.java:427)
	at org.eclipse.m2e.jdt.internal.launch.MavenLaunchConfigurationListener.mavenProjectChanged(MavenLaunchConfigurationListener.java:72)
	at org.eclipse.m2e.core.internal.project.registry.ProjectRegistryManager.notifyProjectChangeListeners(ProjectRegistryManager.java:824)
	at org.eclipse.m2e.core.internal.project.registry.ProjectRegistryManager.applyMutableProjectRegistry(ProjectRegistryManager.java:990)
	at org.eclipse.m2e.core.internal.project.registry.ProjectRegistryRefreshJob.lambda$0(ProjectRegistryRefreshJob.java:149)
	at org.eclipse.m2e.core.internal.embedder.MavenExecutionContext.executeBare(MavenExecutionContext.java:179)
	at org.eclipse.m2e.core.internal.embedder.MavenExecutionContext.execute(MavenExecutionContext.java:153)
	at org.eclipse.m2e.core.internal.embedder.MavenExecutionContext.execute(MavenExecutionContext.java:101)
	at org.eclipse.m2e.core.internal.embedder.MavenImpl.execute(MavenImpl.java:1374)
	at org.eclipse.m2e.core.internal.project.registry.ProjectRegistryRefreshJob.run(ProjectRegistryRefreshJob.java:84)
	at org.eclipse.core.internal.jobs.Worker.run(Worker.java:63)
2022-02-16 20:13:07,711 [Worker-16: Updating Maven Dependencies] ERROR o.e.m.j.i.l.MavenLaunchConfigurationListener - Launch configuration UserUtil references closed project miaosha_2
org.eclipse.core.runtime.CoreException: Launch configuration UserUtil references closed project miaosha_2
	at org.eclipse.jdt.launching.JavaRuntime.abort(JavaRuntime.java:1843)
	at org.eclipse.jdt.launching.JavaRuntime.getJavaProject(JavaRuntime.java:1715)
	at org.eclipse.m2e.jdt.internal.launch.MavenLaunchConfigurationListener.updateLaunchConfiguration(MavenLaunchConfigurationListener.java:55)
	at org.eclipse.m2e.jdt.internal.launch.MavenLaunchConfigurationListener.launchConfigurationChanged(MavenLaunchConfigurationListener.java:40)
	at org.eclipse.debug.internal.core.LaunchManager$ConfigurationNotifier.run(LaunchManager.java:225)
	at org.eclipse.core.runtime.SafeRunner.run(SafeRunner.java:45)
	at org.eclipse.debug.internal.core.LaunchManager$ConfigurationNotifier.notify(LaunchManager.java:209)
	at org.eclipse.debug.internal.core.LaunchManager.launchConfigurationChanged(LaunchManager.java:2132)
	at org.eclipse.debug.internal.core.LaunchConfigurationWorkingCopy.writeNewFile(LaunchConfigurationWorkingCopy.java:374)
	at org.eclipse.debug.internal.core.LaunchConfigurationWorkingCopy.doSave0(LaunchConfigurationWorkingCopy.java:257)
	at org.eclipse.debug.internal.core.LaunchConfigurationWorkingCopy.doSave(LaunchConfigurationWorkingCopy.java:227)
	at org.eclipse.debug.internal.core.LaunchConfigurationWorkingCopy.doSave(LaunchConfigurationWorkingCopy.java:185)
	at org.eclipse.m2e.jdt.internal.launch.MavenRuntimeClasspathProvider.disable(MavenRuntimeClasspathProvider.java:403)
	at org.eclipse.m2e.jdt.internal.launch.MavenRuntimeClasspathProvider.disable(MavenRuntimeClasspathProvider.java:427)
	at org.eclipse.m2e.jdt.internal.launch.MavenLaunchConfigurationListener.mavenProjectChanged(MavenLaunchConfigurationListener.java:72)
	at org.eclipse.m2e.core.internal.project.registry.ProjectRegistryManager.notifyProjectChangeListeners(ProjectRegistryManager.java:824)
	at org.eclipse.m2e.core.internal.project.registry.ProjectRegistryManager.applyMutableProjectRegistry(ProjectRegistryManager.java:990)
	at org.eclipse.m2e.core.internal.project.registry.ProjectRegistryRefreshJob.lambda$0(ProjectRegistryRefreshJob.java:149)
	at org.eclipse.m2e.core.internal.embedder.MavenExecutionContext.executeBare(MavenExecutionContext.java:179)
	at org.eclipse.m2e.core.internal.embedder.MavenExecutionContext.execute(MavenExecutionContext.java:153)
	at org.eclipse.m2e.core.internal.embedder.MavenExecutionContext.execute(MavenExecutionContext.java:101)
	at org.eclipse.m2e.core.internal.embedder.MavenImpl.execute(MavenImpl.java:1374)
	at org.eclipse.m2e.core.internal.project.registry.ProjectRegistryRefreshJob.run(ProjectRegistryRefreshJob.java:84)
	at org.eclipse.core.internal.jobs.Worker.run(Worker.java:63)
2022-02-16 20:13:10,535 [Worker-10: Building] INFO  o.e.m.c.i.embedder.EclipseLogger - Using 'UTF-8' encoding to copy filtered resources.
2022-02-16 20:13:10,535 [Worker-10: Building] INFO  o.e.m.c.i.embedder.EclipseLogger - Copying 1 resource
2022-02-16 20:13:10,548 [Worker-10: Building] INFO  o.e.m.c.i.embedder.EclipseLogger - Copying 39 resources
2022-02-16 20:13:10,562 [Worker-10: Building] INFO  o.e.m.c.i.embedder.EclipseLogger - Using 'UTF-8' encoding to copy filtered resources.
2022-02-16 20:13:10,563 [Worker-10: Building] INFO  o.e.m.c.i.embedder.EclipseLogger - skip non existing resourceDirectory E:\Work\ideajava\GraduationProject\SecKill\SecKill\miaosha_3\src\test\resources
2022-02-16 20:13:14,205 [Worker-22: Building] INFO  o.e.m.c.i.embedder.EclipseLogger - Using 'UTF-8' encoding to copy filtered resources.
2022-02-16 20:13:14,213 [Worker-22: Building] INFO  o.e.m.c.i.embedder.EclipseLogger - Copying 1 resource
2022-02-16 20:13:14,222 [Worker-22: Building] INFO  o.e.m.c.i.embedder.EclipseLogger - Copying 39 resources
2022-02-16 20:13:14,234 [Worker-22: Building] INFO  o.e.m.c.i.embedder.EclipseLogger - Using 'UTF-8' encoding to copy filtered resources.
2022-02-16 20:13:14,234 [Worker-22: Building] INFO  o.e.m.c.i.embedder.EclipseLogger - skip non existing resourceDirectory E:\Work\ideajava\GraduationProject\SecKill\SecKill\miaosha_3\src\test\resources
2022-02-16 20:26:23,092 [Worker-28: Building] INFO  o.e.m.c.i.embedder.EclipseLogger - Using 'UTF-8' encoding to copy filtered resources.
2022-02-16 20:26:23,100 [Worker-28: Building] INFO  o.e.m.c.i.embedder.EclipseLogger - Copying 1 resource
2022-02-16 20:26:23,107 [Worker-28: Building] INFO  o.e.m.c.i.embedder.EclipseLogger - Copying 39 resources
2022-02-16 20:26:23,116 [Worker-28: Building] INFO  o.e.m.c.i.embedder.EclipseLogger - Using 'UTF-8' encoding to copy filtered resources.
2022-02-16 20:26:23,116 [Worker-28: Building] INFO  o.e.m.c.i.embedder.EclipseLogger - skip non existing resourceDirectory E:\Work\ideajava\GraduationProject\SecKill\SecKill\miaosha_3\src\test\resources
2022-02-16 20:27:00,021 [Worker-28: Building] INFO  o.e.m.c.i.embedder.EclipseLogger - Using 'UTF-8' encoding to copy filtered resources.
2022-02-16 20:27:00,022 [Worker-28: Building] INFO  o.e.m.c.i.embedder.EclipseLogger - Copying 0 resource
2022-02-16 20:27:00,022 [Worker-28: Building] INFO  o.e.m.c.i.embedder.EclipseLogger - Copying 0 resource
2022-02-16 20:27:00,023 [Worker-28: Building] INFO  o.e.m.c.i.embedder.EclipseLogger - Using 'UTF-8' encoding to copy filtered resources.
2022-02-16 20:27:00,023 [Worker-28: Building] INFO  o.e.m.c.i.embedder.EclipseLogger - skip non existing resourceDirectory E:\Work\ideajava\GraduationProject\SecKill\SecKill\miaosha_3\src\test\resources
2022-02-16 20:27:36,819 [Worker-22: Building] INFO  o.e.m.c.i.embedder.EclipseLogger - Using 'UTF-8' encoding to copy filtered resources.
2022-02-16 20:27:36,826 [Worker-22: Building] INFO  o.e.m.c.i.embedder.EclipseLogger - Copying 1 resource
2022-02-16 20:27:36,833 [Worker-22: Building] INFO  o.e.m.c.i.embedder.EclipseLogger - Copying 39 resources
2022-02-16 20:27:36,987 [Worker-22: Building] INFO  o.e.m.c.i.embedder.EclipseLogger - Using 'UTF-8' encoding to copy filtered resources.
2022-02-16 20:27:36,988 [Worker-22: Building] INFO  o.e.m.c.i.embedder.EclipseLogger - skip non existing resourceDirectory E:\Work\ideajava\GraduationProject\SecKill\SecKill\miaosha_3\src\test\resources
2022-02-16 20:27:49,671 [Worker-8: Building] INFO  o.e.m.c.i.embedder.EclipseLogger - Using 'UTF-8' encoding to copy filtered resources.
2022-02-16 20:27:49,678 [Worker-8: Building] INFO  o.e.m.c.i.embedder.EclipseLogger - Copying 1 resource
2022-02-16 20:27:49,685 [Worker-8: Building] INFO  o.e.m.c.i.embedder.EclipseLogger - Copying 39 resources
2022-02-16 20:27:49,696 [Worker-8: Building] INFO  o.e.m.c.i.embedder.EclipseLogger - Using 'UTF-8' encoding to copy filtered resources.
2022-02-16 20:27:49,696 [Worker-8: Building] INFO  o.e.m.c.i.embedder.EclipseLogger - skip non existing resourceDirectory E:\Work\ideajava\GraduationProject\SecKill\SecKill\miaosha_3\src\test\resources
2022-02-16 20:48:08,274 [Worker-8: Building] INFO  o.e.m.c.i.embedder.EclipseLogger - Using 'UTF-8' encoding to copy filtered resources.
2022-02-16 20:48:08,281 [Worker-8: Building] INFO  o.e.m.c.i.embedder.EclipseLogger - Copying 1 resource
2022-02-16 20:48:08,290 [Worker-8: Building] INFO  o.e.m.c.i.embedder.EclipseLogger - Copying 39 resources
2022-02-16 20:48:08,304 [Worker-8: Building] INFO  o.e.m.c.i.embedder.EclipseLogger - Using 'UTF-8' encoding to copy filtered resources.
2022-02-16 20:48:08,304 [Worker-8: Building] INFO  o.e.m.c.i.embedder.EclipseLogger - skip non existing resourceDirectory E:\Work\ideajava\GraduationProject\SecKill\SecKill\miaosha_3\src\test\resources
2022-02-16 20:49:24,211 [Worker-32: Building] INFO  o.e.m.c.i.embedder.EclipseLogger - Using 'UTF-8' encoding to copy filtered resources.
2022-02-16 20:49:24,216 [Worker-32: Building] INFO  o.e.m.c.i.embedder.EclipseLogger - Copying 1 resource
2022-02-16 20:49:24,223 [Worker-32: Building] INFO  o.e.m.c.i.embedder.EclipseLogger - Copying 39 resources
2022-02-16 20:49:24,232 [Worker-32: Building] INFO  o.e.m.c.i.embedder.EclipseLogger - Using 'UTF-8' encoding to copy filtered resources.
2022-02-16 20:49:24,233 [Worker-32: Building] INFO  o.e.m.c.i.embedder.EclipseLogger - skip non existing resourceDirectory E:\Work\ideajava\GraduationProject\SecKill\SecKill\miaosha_3\src\test\resources
2022-02-16 20:50:56,984 [Worker-33: Building] INFO  o.e.m.c.i.embedder.EclipseLogger - Using 'UTF-8' encoding to copy filtered resources.
2022-02-16 20:50:56,991 [Worker-33: Building] INFO  o.e.m.c.i.embedder.EclipseLogger - Copying 1 resource
2022-02-16 20:50:56,997 [Worker-33: Building] INFO  o.e.m.c.i.embedder.EclipseLogger - Copying 39 resources
2022-02-16 20:50:57,007 [Worker-33: Building] INFO  o.e.m.c.i.embedder.EclipseLogger - Using 'UTF-8' encoding to copy filtered resources.
2022-02-16 20:50:57,008 [Worker-33: Building] INFO  o.e.m.c.i.embedder.EclipseLogger - skip non existing resourceDirectory E:\Work\ideajava\GraduationProject\SecKill\SecKill\miaosha_3\src\test\resources
2022-02-16 21:04:10,004 [Worker-37: Building] INFO  o.e.m.c.i.embedder.EclipseLogger - Using 'UTF-8' encoding to copy filtered resources.
2022-02-16 21:04:10,011 [Worker-37: Building] INFO  o.e.m.c.i.embedder.EclipseLogger - Copying 1 resource
2022-02-16 21:04:10,017 [Worker-37: Building] INFO  o.e.m.c.i.embedder.EclipseLogger - Copying 39 resources
2022-02-16 21:04:10,027 [Worker-37: Building] INFO  o.e.m.c.i.embedder.EclipseLogger - Using 'UTF-8' encoding to copy filtered resources.
2022-02-16 21:04:10,027 [Worker-37: Building] INFO  o.e.m.c.i.embedder.EclipseLogger - skip non existing resourceDirectory E:\Work\ideajava\GraduationProject\SecKill\SecKill\miaosha_3\src\test\resources
2022-02-16 21:08:20,635 [Worker-30: Building] INFO  o.e.m.c.i.embedder.EclipseLogger - Using 'UTF-8' encoding to copy filtered resources.
2022-02-16 21:08:20,641 [Worker-30: Building] INFO  o.e.m.c.i.embedder.EclipseLogger - Copying 1 resource
2022-02-16 21:08:20,648 [Worker-30: Building] INFO  o.e.m.c.i.embedder.EclipseLogger - Copying 39 resources
2022-02-16 21:08:20,659 [Worker-30: Building] INFO  o.e.m.c.i.embedder.EclipseLogger - Using 'UTF-8' encoding to copy filtered resources.
2022-02-16 21:08:20,659 [Worker-30: Building] INFO  o.e.m.c.i.embedder.EclipseLogger - skip non existing resourceDirectory E:\Work\ideajava\GraduationProject\SecKill\SecKill\miaosha_3\src\test\resources
2022-02-16 21:08:22,988 [Worker-40: Building] INFO  o.e.m.c.i.embedder.EclipseLogger - Using 'UTF-8' encoding to copy filtered resources.
2022-02-16 21:08:22,997 [Worker-40: Building] INFO  o.e.m.c.i.embedder.EclipseLogger - Copying 1 resource
2022-02-16 21:08:23,006 [Worker-40: Building] INFO  o.e.m.c.i.embedder.EclipseLogger - Copying 39 resources
2022-02-16 21:08:23,018 [Worker-40: Building] INFO  o.e.m.c.i.embedder.EclipseLogger - Using 'UTF-8' encoding to copy filtered resources.
2022-02-16 21:08:23,018 [Worker-40: Building] INFO  o.e.m.c.i.embedder.EclipseLogger - skip non existing resourceDirectory E:\Work\ideajava\GraduationProject\SecKill\SecKill\miaosha_3\src\test\resources
2022-02-16 21:22:04,226 [Worker-47: Building] INFO  o.e.m.c.i.embedder.EclipseLogger - Using 'UTF-8' encoding to copy filtered resources.
2022-02-16 21:22:04,232 [Worker-47: Building] INFO  o.e.m.c.i.embedder.EclipseLogger - Copying 1 resource
2022-02-16 21:22:04,239 [Worker-47: Building] INFO  o.e.m.c.i.embedder.EclipseLogger - Copying 39 resources
2022-02-16 21:22:04,252 [Worker-47: Building] INFO  o.e.m.c.i.embedder.EclipseLogger - Using 'UTF-8' encoding to copy filtered resources.
2022-02-16 21:22:04,253 [Worker-47: Building] INFO  o.e.m.c.i.embedder.EclipseLogger - skip non existing resourceDirectory E:\Work\ideajava\GraduationProject\SecKill\SecKill\miaosha_3\src\test\resources
2022-02-16 21:34:34,387 [Worker-1: Loading available Gradle versions] INFO  o.e.b.c.i.u.g.PublishedGradleVersions - Gradle version information cache is up-to-date. Trying to read.
2022-02-16 22:05:37,673 [Worker-0: Loading available Gradle versions] INFO  o.e.b.c.i.u.g.PublishedGradleVersions - Gradle version information cache is up-to-date. Trying to read.
2022-02-16 22:08:48,769 [Worker-14: Building] INFO  o.e.m.c.i.embedder.EclipseLogger - Using 'UTF-8' encoding to copy filtered resources.
2022-02-16 22:08:48,776 [Worker-14: Building] INFO  o.e.m.c.i.embedder.EclipseLogger - Copying 1 resource
2022-02-16 22:08:48,798 [Worker-14: Building] INFO  o.e.m.c.i.embedder.EclipseLogger - Copying 39 resources
2022-02-16 22:08:48,823 [Worker-14: Building] INFO  o.e.m.c.i.embedder.EclipseLogger - Using 'UTF-8' encoding to copy filtered resources.
2022-02-16 22:08:48,823 [Worker-14: Building] INFO  o.e.m.c.i.embedder.EclipseLogger - skip non existing resourceDirectory E:\Work\ideajava\GraduationProject\SecKill\SecKill\miaosha_3\src\test\resources
2022-02-16 22:30:05,121 [Worker-3: Loading available Gradle versions] INFO  o.e.b.c.i.u.g.PublishedGradleVersions - Gradle version information cache is up-to-date. Trying to read.
2022-02-16 22:30:08,655 [Worker-0: Building] INFO  o.e.m.c.i.embedder.EclipseLogger - Using 'UTF-8' encoding to copy filtered resources.
2022-02-16 22:30:08,663 [Worker-0: Building] INFO  o.e.m.c.i.embedder.EclipseLogger - Copying 1 resource
2022-02-16 22:30:08,682 [Worker-0: Building] INFO  o.e.m.c.i.embedder.EclipseLogger - Copying 39 resources
2022-02-16 22:30:08,691 [Worker-0: Building] INFO  o.e.m.c.i.embedder.EclipseLogger - Using 'UTF-8' encoding to copy filtered resources.
2022-02-16 22:30:08,691 [Worker-0: Building] INFO  o.e.m.c.i.embedder.EclipseLogger - skip non existing resourceDirectory E:\Work\ideajava\GraduationProject\SecKill\SecKill\miaosha_3\src\test\resources
2022-02-16 22:40:51,618 [Worker-0: Loading available Gradle versions] INFO  o.e.b.c.i.u.g.PublishedGradleVersions - Gradle version information cache is up-to-date. Trying to read.
2022-02-16 22:44:49,110 [Worker-12: Building] INFO  o.e.m.c.i.embedder.EclipseLogger - Using 'UTF-8' encoding to copy filtered resources.
2022-02-16 22:44:49,121 [Worker-12: Building] INFO  o.e.m.c.i.embedder.EclipseLogger - Copying 1 resource
2022-02-16 22:44:49,162 [Worker-12: Building] INFO  o.e.m.c.i.embedder.EclipseLogger - Copying 39 resources
2022-02-16 22:44:49,181 [Worker-12: Building] INFO  o.e.m.c.i.embedder.EclipseLogger - Using 'UTF-8' encoding to copy filtered resources.
2022-02-16 22:44:49,182 [Worker-12: Building] INFO  o.e.m.c.i.embedder.EclipseLogger - skip non existing resourceDirectory E:\Work\ideajava\GraduationProject\SecKill\SecKill\miaosha_3\src\test\resources
2022-02-16 23:46:51,090 [Worker-30: Building Workspace] INFO  o.e.m.c.i.embedder.EclipseLogger - Using 'UTF-8' encoding to copy filtered resources.
2022-02-16 23:46:51,100 [Worker-30: Building Workspace] INFO  o.e.m.c.i.embedder.EclipseLogger - Copying 1 resource
2022-02-16 23:46:51,111 [Worker-30: Building Workspace] INFO  o.e.m.c.i.embedder.EclipseLogger - Copying 40 resources
2022-02-16 23:46:51,123 [Worker-30: Building Workspace] INFO  o.e.m.c.i.embedder.EclipseLogger - Using 'UTF-8' encoding to copy filtered resources.
2022-02-16 23:46:51,124 [Worker-30: Building Workspace] INFO  o.e.m.c.i.embedder.EclipseLogger - skip non existing resourceDirectory E:\Work\ideajava\GraduationProject\SecKill\SecKill\miaosha_3\src\test\resources
2022-02-16 23:52:02,945 [Worker-31: Building] INFO  o.e.m.c.i.embedder.EclipseLogger - Using 'UTF-8' encoding to copy filtered resources.
2022-02-16 23:52:02,946 [Worker-31: Building] INFO  o.e.m.c.i.embedder.EclipseLogger - Copying 0 resource
2022-02-16 23:52:02,946 [Worker-31: Building] INFO  o.e.m.c.i.embedder.EclipseLogger - Copying 1 resource
2022-02-16 23:52:02,950 [Worker-31: Building] INFO  o.e.m.c.i.embedder.EclipseLogger - Using 'UTF-8' encoding to copy filtered resources.
2022-02-16 23:52:02,950 [Worker-31: Building] INFO  o.e.m.c.i.embedder.EclipseLogger - skip non existing resourceDirectory E:\Work\ideajava\GraduationProject\SecKill\SecKill\miaosha_3\src\test\resources
2022-02-17 00:10:44,864 [Worker-37: Building] INFO  o.e.m.c.i.embedder.EclipseLogger - Using 'UTF-8' encoding to copy filtered resources.
2022-02-17 00:10:44,865 [Worker-37: Building] INFO  o.e.m.c.i.embedder.EclipseLogger - Copying 0 resource
2022-02-17 00:10:44,865 [Worker-37: Building] INFO  o.e.m.c.i.embedder.EclipseLogger - Copying 1 resource
2022-02-17 00:10:44,869 [Worker-37: Building] INFO  o.e.m.c.i.embedder.EclipseLogger - Using 'UTF-8' encoding to copy filtered resources.
2022-02-17 00:10:44,869 [Worker-37: Building] INFO  o.e.m.c.i.embedder.EclipseLogger - skip non existing resourceDirectory E:\Work\ideajava\GraduationProject\SecKill\SecKill\miaosha_3\src\test\resources
2022-02-17 00:10:56,472 [Worker-38: Building] INFO  o.e.m.c.i.embedder.EclipseLogger - Using 'UTF-8' encoding to copy filtered resources.
2022-02-17 00:10:56,473 [Worker-38: Building] INFO  o.e.m.c.i.embedder.EclipseLogger - Copying 0 resource
2022-02-17 00:10:56,473 [Worker-38: Building] INFO  o.e.m.c.i.embedder.EclipseLogger - Copying 1 resource
2022-02-17 00:10:56,478 [Worker-38: Building] INFO  o.e.m.c.i.embedder.EclipseLogger - Using 'UTF-8' encoding to copy filtered resources.
2022-02-17 00:10:56,478 [Worker-38: Building] INFO  o.e.m.c.i.embedder.EclipseLogger - skip non existing resourceDirectory E:\Work\ideajava\GraduationProject\SecKill\SecKill\miaosha_3\src\test\resources
2022-02-17 00:17:56,692 [Worker-41: Building] INFO  o.e.m.c.i.embedder.EclipseLogger - Using 'UTF-8' encoding to copy filtered resources.
2022-02-17 00:17:56,696 [Worker-41: Building] INFO  o.e.m.c.i.embedder.EclipseLogger - Copying 0 resource
2022-02-17 00:17:56,697 [Worker-41: Building] INFO  o.e.m.c.i.embedder.EclipseLogger - Copying 1 resource
2022-02-17 00:17:56,700 [Worker-41: Building] INFO  o.e.m.c.i.embedder.EclipseLogger - Using 'UTF-8' encoding to copy filtered resources.
2022-02-17 00:17:56,700 [Worker-41: Building] INFO  o.e.m.c.i.embedder.EclipseLogger - skip non existing resourceDirectory E:\Work\ideajava\GraduationProject\SecKill\SecKill\miaosha_3\src\test\resources
2022-02-17 00:25:42,172 [Worker-42: Building] INFO  o.e.m.c.i.embedder.EclipseLogger - Using 'UTF-8' encoding to copy filtered resources.
2022-02-17 00:25:42,173 [Worker-42: Building] INFO  o.e.m.c.i.embedder.EclipseLogger - Copying 0 resource
2022-02-17 00:25:42,173 [Worker-42: Building] INFO  o.e.m.c.i.embedder.EclipseLogger - Copying 1 resource
2022-02-17 00:25:42,176 [Worker-42: Building] INFO  o.e.m.c.i.embedder.EclipseLogger - Using 'UTF-8' encoding to copy filtered resources.
2022-02-17 00:25:42,177 [Worker-42: Building] INFO  o.e.m.c.i.embedder.EclipseLogger - skip non existing resourceDirectory E:\Work\ideajava\GraduationProject\SecKill\SecKill\miaosha_3\src\test\resources
2022-02-17 00:46:23,036 [Worker-47: Building] INFO  o.e.m.c.i.embedder.EclipseLogger - Using 'UTF-8' encoding to copy filtered resources.
2022-02-17 00:46:23,042 [Worker-47: Building] INFO  o.e.m.c.i.embedder.EclipseLogger - Copying 1 resource
2022-02-17 00:46:23,049 [Worker-47: Building] INFO  o.e.m.c.i.embedder.EclipseLogger - Copying 40 resources
2022-02-17 00:46:23,056 [Worker-47: Building] INFO  o.e.m.c.i.embedder.EclipseLogger - Using 'UTF-8' encoding to copy filtered resources.
2022-02-17 00:46:23,056 [Worker-47: Building] INFO  o.e.m.c.i.embedder.EclipseLogger - skip non existing resourceDirectory E:\Work\ideajava\GraduationProject\SecKill\SecKill\miaosha_3\src\test\resources
2022-02-17 00:50:19,808 [Worker-51: Building] INFO  o.e.m.c.i.embedder.EclipseLogger - Using 'UTF-8' encoding to copy filtered resources.
2022-02-17 00:50:19,809 [Worker-51: Building] INFO  o.e.m.c.i.embedder.EclipseLogger - Copying 0 resource
2022-02-17 00:50:19,810 [Worker-51: Building] INFO  o.e.m.c.i.embedder.EclipseLogger - Copying 1 resource
2022-02-17 00:50:19,816 [Worker-51: Building] INFO  o.e.m.c.i.embedder.EclipseLogger - Using 'UTF-8' encoding to copy filtered resources.
2022-02-17 00:50:19,816 [Worker-51: Building] INFO  o.e.m.c.i.embedder.EclipseLogger - skip non existing resourceDirectory E:\Work\ideajava\GraduationProject\SecKill\SecKill\miaosha_3\src\test\resources
2022-02-17 00:52:00,157 [Worker-51: Building] INFO  o.e.m.c.i.embedder.EclipseLogger - Using 'UTF-8' encoding to copy filtered resources.
2022-02-17 00:52:00,158 [Worker-51: Building] INFO  o.e.m.c.i.embedder.EclipseLogger - Copying 0 resource
2022-02-17 00:52:00,159 [Worker-51: Building] INFO  o.e.m.c.i.embedder.EclipseLogger - Copying 1 resource
2022-02-17 00:52:00,162 [Worker-51: Building] INFO  o.e.m.c.i.embedder.EclipseLogger - Using 'UTF-8' encoding to copy filtered resources.
2022-02-17 00:52:00,162 [Worker-51: Building] INFO  o.e.m.c.i.embedder.EclipseLogger - skip non existing resourceDirectory E:\Work\ideajava\GraduationProject\SecKill\SecKill\miaosha_3\src\test\resources
2022-02-17 00:52:04,801 [Worker-55: Building] INFO  o.e.m.c.i.embedder.EclipseLogger - Using 'UTF-8' encoding to copy filtered resources.
2022-02-17 00:52:04,802 [Worker-55: Building] INFO  o.e.m.c.i.embedder.EclipseLogger - Copying 0 resource
2022-02-17 00:52:04,802 [Worker-55: Building] INFO  o.e.m.c.i.embedder.EclipseLogger - Copying 1 resource
2022-02-17 00:52:04,806 [Worker-55: Building] INFO  o.e.m.c.i.embedder.EclipseLogger - Using 'UTF-8' encoding to copy filtered resources.
2022-02-17 00:52:04,806 [Worker-55: Building] INFO  o.e.m.c.i.embedder.EclipseLogger - skip non existing resourceDirectory E:\Work\ideajava\GraduationProject\SecKill\SecKill\miaosha_3\src\test\resources
2022-02-17 01:00:30,564 [Worker-57: Building] INFO  o.e.m.c.i.embedder.EclipseLogger - Using 'UTF-8' encoding to copy filtered resources.
2022-02-17 01:00:30,565 [Worker-57: Building] INFO  o.e.m.c.i.embedder.EclipseLogger - Copying 0 resource
2022-02-17 01:00:30,565 [Worker-57: Building] INFO  o.e.m.c.i.embedder.EclipseLogger - Copying 1 resource
2022-02-17 01:00:30,569 [Worker-57: Building] INFO  o.e.m.c.i.embedder.EclipseLogger - Using 'UTF-8' encoding to copy filtered resources.
2022-02-17 01:00:30,569 [Worker-57: Building] INFO  o.e.m.c.i.embedder.EclipseLogger - skip non existing resourceDirectory E:\Work\ideajava\GraduationProject\SecKill\SecKill\miaosha_3\src\test\resources
2022-02-17 01:00:32,784 [Worker-56: Building] INFO  o.e.m.c.i.embedder.EclipseLogger - Using 'UTF-8' encoding to copy filtered resources.
2022-02-17 01:00:32,784 [Worker-56: Building] INFO  o.e.m.c.i.embedder.EclipseLogger - Copying 0 resource
2022-02-17 01:00:32,784 [Worker-56: Building] INFO  o.e.m.c.i.embedder.EclipseLogger - Copying 1 resource
2022-02-17 01:00:32,787 [Worker-56: Building] INFO  o.e.m.c.i.embedder.EclipseLogger - Using 'UTF-8' encoding to copy filtered resources.
2022-02-17 01:00:32,787 [Worker-56: Building] INFO  o.e.m.c.i.embedder.EclipseLogger - skip non existing resourceDirectory E:\Work\ideajava\GraduationProject\SecKill\SecKill\miaosha_3\src\test\resources
2022-02-17 01:02:41,390 [Worker-57: Building] INFO  o.e.m.c.i.embedder.EclipseLogger - Using 'UTF-8' encoding to copy filtered resources.
2022-02-17 01:02:41,390 [Worker-57: Building] INFO  o.e.m.c.i.embedder.EclipseLogger - Copying 0 resource
2022-02-17 01:02:41,391 [Worker-57: Building] INFO  o.e.m.c.i.embedder.EclipseLogger - Copying 1 resource
2022-02-17 01:02:41,395 [Worker-57: Building] INFO  o.e.m.c.i.embedder.EclipseLogger - Using 'UTF-8' encoding to copy filtered resources.
2022-02-17 01:02:41,396 [Worker-57: Building] INFO  o.e.m.c.i.embedder.EclipseLogger - skip non existing resourceDirectory E:\Work\ideajava\GraduationProject\SecKill\SecKill\miaosha_3\src\test\resources
2022-02-17 01:15:06,016 [Worker-59: Building] INFO  o.e.m.c.i.embedder.EclipseLogger - Using 'UTF-8' encoding to copy filtered resources.
2022-02-17 01:15:06,016 [Worker-59: Building] INFO  o.e.m.c.i.embedder.EclipseLogger - Copying 1 resource
2022-02-17 01:15:06,019 [Worker-59: Building] INFO  o.e.m.c.i.embedder.EclipseLogger - Copying 0 resource
2022-02-17 01:15:06,021 [Worker-59: Building] INFO  o.e.m.c.i.embedder.EclipseLogger - Using 'UTF-8' encoding to copy filtered resources.
2022-02-17 01:15:06,022 [Worker-59: Building] INFO  o.e.m.c.i.embedder.EclipseLogger - skip non existing resourceDirectory E:\Work\ideajava\GraduationProject\SecKill\SecKill\miaosha_3\src\test\resources
2022-02-17 01:24:24,664 [Worker-66: Building] INFO  o.e.m.c.i.embedder.EclipseLogger - Using 'UTF-8' encoding to copy filtered resources.
2022-02-17 01:24:24,668 [Worker-66: Building] INFO  o.e.m.c.i.embedder.EclipseLogger - Copying 1 resource
2022-02-17 01:24:24,671 [Worker-66: Building] INFO  o.e.m.c.i.embedder.EclipseLogger - Copying 0 resource
2022-02-17 01:24:24,677 [Worker-66: Building] INFO  o.e.m.c.i.embedder.EclipseLogger - Using 'UTF-8' encoding to copy filtered resources.
2022-02-17 01:24:24,677 [Worker-66: Building] INFO  o.e.m.c.i.embedder.EclipseLogger - skip non existing resourceDirectory E:\Work\ideajava\GraduationProject\SecKill\SecKill\miaosha_3\src\test\resources
2022-02-17 01:30:12,379 [Worker-68: Building] INFO  o.e.m.c.i.embedder.EclipseLogger - Using 'UTF-8' encoding to copy filtered resources.
2022-02-17 01:30:12,394 [Worker-68: Building] INFO  o.e.m.c.i.embedder.EclipseLogger - Copying 1 resource
2022-02-17 01:30:12,407 [Worker-68: Building] INFO  o.e.m.c.i.embedder.EclipseLogger - Copying 41 resources
2022-02-17 01:30:12,418 [Worker-68: Building] INFO  o.e.m.c.i.embedder.EclipseLogger - Using 'UTF-8' encoding to copy filtered resources.
2022-02-17 01:30:12,418 [Worker-68: Building] INFO  o.e.m.c.i.embedder.EclipseLogger - skip non existing resourceDirectory E:\Work\ideajava\GraduationProject\SecKill\SecKill\miaosha_3\src\test\resources
2022-02-17 01:32:24,602 [Worker-66: Building] INFO  o.e.m.c.i.embedder.EclipseLogger - Using 'UTF-8' encoding to copy filtered resources.
2022-02-17 01:32:24,609 [Worker-66: Building] INFO  o.e.m.c.i.embedder.EclipseLogger - Copying 1 resource
2022-02-17 01:32:24,620 [Worker-66: Building] INFO  o.e.m.c.i.embedder.EclipseLogger - Copying 41 resources
2022-02-17 01:32:24,632 [Worker-66: Building] INFO  o.e.m.c.i.embedder.EclipseLogger - Using 'UTF-8' encoding to copy filtered resources.
2022-02-17 01:32:24,632 [Worker-66: Building] INFO  o.e.m.c.i.embedder.EclipseLogger - skip non existing resourceDirectory E:\Work\ideajava\GraduationProject\SecKill\SecKill\miaosha_3\src\test\resources
2022-02-17 01:32:49,848 [Worker-70: Building] INFO  o.e.m.c.i.embedder.EclipseLogger - Using 'UTF-8' encoding to copy filtered resources.
2022-02-17 01:32:49,854 [Worker-70: Building] INFO  o.e.m.c.i.embedder.EclipseLogger - Copying 1 resource
2022-02-17 01:32:49,860 [Worker-70: Building] INFO  o.e.m.c.i.embedder.EclipseLogger - Copying 41 resources
2022-02-17 01:32:49,866 [Worker-70: Building] INFO  o.e.m.c.i.embedder.EclipseLogger - Using 'UTF-8' encoding to copy filtered resources.
2022-02-17 01:32:49,866 [Worker-70: Building] INFO  o.e.m.c.i.embedder.EclipseLogger - skip non existing resourceDirectory E:\Work\ideajava\GraduationProject\SecKill\SecKill\miaosha_3\src\test\resources
2022-02-17 01:41:25,402 [Worker-66: Building] INFO  o.e.m.c.i.embedder.EclipseLogger - Using 'UTF-8' encoding to copy filtered resources.
2022-02-17 01:41:25,409 [Worker-66: Building] INFO  o.e.m.c.i.embedder.EclipseLogger - Copying 1 resource
2022-02-17 01:41:25,416 [Worker-66: Building] INFO  o.e.m.c.i.embedder.EclipseLogger - Copying 41 resources
2022-02-17 01:41:25,423 [Worker-66: Building] INFO  o.e.m.c.i.embedder.EclipseLogger - Using 'UTF-8' encoding to copy filtered resources.
2022-02-17 01:41:25,423 [Worker-66: Building] INFO  o.e.m.c.i.embedder.EclipseLogger - skip non existing resourceDirectory E:\Work\ideajava\GraduationProject\SecKill\SecKill\miaosha_3\src\test\resources
2022-02-17 01:43:51,869 [Worker-66: Building] INFO  o.e.m.c.i.embedder.EclipseLogger - Using 'UTF-8' encoding to copy filtered resources.
2022-02-17 01:43:51,874 [Worker-66: Building] INFO  o.e.m.c.i.embedder.EclipseLogger - Copying 1 resource
2022-02-17 01:43:51,881 [Worker-66: Building] INFO  o.e.m.c.i.embedder.EclipseLogger - Copying 41 resources
2022-02-17 01:43:51,887 [Worker-66: Building] INFO  o.e.m.c.i.embedder.EclipseLogger - Using 'UTF-8' encoding to copy filtered resources.
2022-02-17 01:43:51,888 [Worker-66: Building] INFO  o.e.m.c.i.embedder.EclipseLogger - skip non existing resourceDirectory E:\Work\ideajava\GraduationProject\SecKill\SecKill\miaosha_3\src\test\resources
2022-02-17 01:45:22,241 [Worker-66: Building] INFO  o.e.m.c.i.embedder.EclipseLogger - Using 'UTF-8' encoding to copy filtered resources.
2022-02-17 01:45:22,247 [Worker-66: Building] INFO  o.e.m.c.i.embedder.EclipseLogger - Copying 1 resource
2022-02-17 01:45:22,256 [Worker-66: Building] INFO  o.e.m.c.i.embedder.EclipseLogger - Copying 41 resources
2022-02-17 01:45:22,264 [Worker-66: Building] INFO  o.e.m.c.i.embedder.EclipseLogger - Using 'UTF-8' encoding to copy filtered resources.
2022-02-17 01:45:22,264 [Worker-66: Building] INFO  o.e.m.c.i.embedder.EclipseLogger - skip non existing resourceDirectory E:\Work\ideajava\GraduationProject\SecKill\SecKill\miaosha_3\src\test\resources
2022-02-17 01:46:49,960 [Worker-67: Building] INFO  o.e.m.c.i.embedder.EclipseLogger - Using 'UTF-8' encoding to copy filtered resources.
2022-02-17 01:46:49,965 [Worker-67: Building] INFO  o.e.m.c.i.embedder.EclipseLogger - Copying 1 resource
2022-02-17 01:46:49,973 [Worker-67: Building] INFO  o.e.m.c.i.embedder.EclipseLogger - Copying 41 resources
2022-02-17 01:46:49,979 [Worker-67: Building] INFO  o.e.m.c.i.embedder.EclipseLogger - Using 'UTF-8' encoding to copy filtered resources.
2022-02-17 01:46:49,979 [Worker-67: Building] INFO  o.e.m.c.i.embedder.EclipseLogger - skip non existing resourceDirectory E:\Work\ideajava\GraduationProject\SecKill\SecKill\miaosha_3\src\test\resources
2022-02-17 01:49:45,763 [Worker-66: Building] INFO  o.e.m.c.i.embedder.EclipseLogger - Using 'UTF-8' encoding to copy filtered resources.
2022-02-17 01:49:45,763 [Worker-66: Building] INFO  o.e.m.c.i.embedder.EclipseLogger - Copying 0 resource
2022-02-17 01:49:45,764 [Worker-66: Building] INFO  o.e.m.c.i.embedder.EclipseLogger - Copying 1 resource
2022-02-17 01:49:45,769 [Worker-66: Building] INFO  o.e.m.c.i.embedder.EclipseLogger - Using 'UTF-8' encoding to copy filtered resources.
2022-02-17 01:49:45,770 [Worker-66: Building] INFO  o.e.m.c.i.embedder.EclipseLogger - skip non existing resourceDirectory E:\Work\ideajava\GraduationProject\SecKill\SecKill\miaosha_3\src\test\resources
2022-02-17 01:50:10,101 [Worker-66: Building] INFO  o.e.m.c.i.embedder.EclipseLogger - Using 'UTF-8' encoding to copy filtered resources.
2022-02-17 01:50:10,107 [Worker-66: Building] INFO  o.e.m.c.i.embedder.EclipseLogger - Copying 1 resource
2022-02-17 01:50:10,113 [Worker-66: Building] INFO  o.e.m.c.i.embedder.EclipseLogger - Copying 41 resources
2022-02-17 01:50:10,119 [Worker-66: Building] INFO  o.e.m.c.i.embedder.EclipseLogger - Using 'UTF-8' encoding to copy filtered resources.
2022-02-17 01:50:10,119 [Worker-66: Building] INFO  o.e.m.c.i.embedder.EclipseLogger - skip non existing resourceDirectory E:\Work\ideajava\GraduationProject\SecKill\SecKill\miaosha_3\src\test\resources
2022-02-17 02:01:55,185 [Worker-76: Building] INFO  o.e.m.c.i.embedder.EclipseLogger - Using 'UTF-8' encoding to copy filtered resources.
2022-02-17 02:01:55,191 [Worker-76: Building] INFO  o.e.m.c.i.embedder.EclipseLogger - Copying 1 resource
2022-02-17 02:01:55,197 [Worker-76: Building] INFO  o.e.m.c.i.embedder.EclipseLogger - Copying 41 resources
2022-02-17 02:01:55,202 [Worker-76: Building] INFO  o.e.m.c.i.embedder.EclipseLogger - Using 'UTF-8' encoding to copy filtered resources.
2022-02-17 02:01:55,202 [Worker-76: Building] INFO  o.e.m.c.i.embedder.EclipseLogger - skip non existing resourceDirectory E:\Work\ideajava\GraduationProject\SecKill\SecKill\miaosha_3\src\test\resources
2022-02-17 02:12:11,789 [Worker-77: Building] INFO  o.e.m.c.i.embedder.EclipseLogger - Using 'UTF-8' encoding to copy filtered resources.
2022-02-17 02:12:11,794 [Worker-77: Building] INFO  o.e.m.c.i.embedder.EclipseLogger - Copying 1 resource
2022-02-17 02:12:11,802 [Worker-77: Building] INFO  o.e.m.c.i.embedder.EclipseLogger - Copying 41 resources
2022-02-17 02:12:11,807 [Worker-77: Building] INFO  o.e.m.c.i.embedder.EclipseLogger - Using 'UTF-8' encoding to copy filtered resources.
2022-02-17 02:12:11,807 [Worker-77: Building] INFO  o.e.m.c.i.embedder.EclipseLogger - skip non existing resourceDirectory E:\Work\ideajava\GraduationProject\SecKill\SecKill\miaosha_3\src\test\resources
2022-02-17 02:14:34,167 [Worker-82: Building] INFO  o.e.m.c.i.embedder.EclipseLogger - Using 'UTF-8' encoding to copy filtered resources.
2022-02-17 02:14:34,175 [Worker-82: Building] INFO  o.e.m.c.i.embedder.EclipseLogger - Copying 1 resource
2022-02-17 02:14:34,182 [Worker-82: Building] INFO  o.e.m.c.i.embedder.EclipseLogger - Copying 41 resources
2022-02-17 02:14:34,188 [Worker-82: Building] INFO  o.e.m.c.i.embedder.EclipseLogger - Using 'UTF-8' encoding to copy filtered resources.
2022-02-17 02:14:34,189 [Worker-82: Building] INFO  o.e.m.c.i.embedder.EclipseLogger - skip non existing resourceDirectory E:\Work\ideajava\GraduationProject\SecKill\SecKill\miaosha_3\src\test\resources
2022-02-17 03:03:37,620 [Worker-0: Loading available Gradle versions] INFO  o.e.b.c.i.u.g.PublishedGradleVersions - Gradle version information cache is up-to-date. Trying to read.
2022-02-17 03:27:48,742 [Worker-3: Loading available Gradle versions] INFO  o.e.b.c.i.u.g.PublishedGradleVersions - Gradle version information cache is up-to-date. Trying to read.
2022-02-17 03:39:42,273 [Worker-3: Loading available Gradle versions] INFO  o.e.b.c.i.u.g.PublishedGradleVersions - Gradle version information cache is up-to-date. Trying to read.
2022-02-17 03:40:02,580 [Worker-7: Launching MainApplication (2)] INFO  o.e.m.c.i.embedder.EclipseLogger - Using 'UTF-8' encoding to copy filtered resources.
2022-02-17 03:40:02,585 [Worker-7: Launching MainApplication (2)] INFO  o.e.m.c.i.embedder.EclipseLogger - Copying 1 resource
2022-02-17 03:40:02,598 [Worker-7: Launching MainApplication (2)] INFO  o.e.m.c.i.embedder.EclipseLogger - Copying 41 resources
2022-02-17 03:40:02,717 [Worker-7: Launching MainApplication (2)] INFO  o.e.m.c.i.embedder.EclipseLogger - Using 'UTF-8' encoding to copy filtered resources.
2022-02-17 03:40:02,718 [Worker-7: Launching MainApplication (2)] INFO  o.e.m.c.i.embedder.EclipseLogger - skip non existing resourceDirectory E:\Work\ideajava\GraduationProject\SecKill\SecKill\miaosha_3\src\test\resources
2022-02-17 03:56:15,315 [Worker-2: Loading available Gradle versions] INFO  o.e.b.c.i.u.g.PublishedGradleVersions - Gradle version information cache is up-to-date. Trying to read.
2022-02-17 03:56:22,480 [Worker-11: Building] INFO  o.e.m.c.i.embedder.EclipseLogger - Using 'UTF-8' encoding to copy filtered resources.
2022-02-17 03:56:22,495 [Worker-11: Building] INFO  o.e.m.c.i.embedder.EclipseLogger - Copying 1 resource
2022-02-17 03:56:22,535 [Worker-11: Building] INFO  o.e.m.c.i.embedder.EclipseLogger - Copying 41 resources
2022-02-17 03:56:22,820 [Worker-11: Building] INFO  o.e.m.c.i.embedder.EclipseLogger - Using 'UTF-8' encoding to copy filtered resources.
2022-02-17 03:56:22,820 [Worker-11: Building] INFO  o.e.m.c.i.embedder.EclipseLogger - skip non existing resourceDirectory E:\Work\ideajava\GraduationProject\SecKill\SecKill\miaosha_3\src\test\resources
2022-02-17 03:57:30,005 [Worker-6: Building] INFO  o.e.m.c.i.l.LifecycleMappingFactory - Using org.eclipse.m2e.jdt.JarLifecycleMapping lifecycle mapping for MavenProject: com.kirin:miaosha_2:0.0.1-SNAPSHOT @ E:\Work\ideajava\GraduationProject\SecKill\SecKill\miaosha_2\pom.xml.
2022-02-17 03:57:30,728 [Worker-6: Building] INFO  o.e.m.c.i.embedder.EclipseLogger - Using 'UTF-8' encoding to copy filtered resources.
2022-02-17 03:57:30,729 [Worker-6: Building] INFO  o.e.m.c.i.embedder.EclipseLogger - Copying 1 resource
2022-02-17 03:57:30,731 [Worker-6: Building] INFO  o.e.m.c.i.embedder.EclipseLogger - Copying 39 resources
2022-02-17 03:57:30,750 [Worker-6: Building] INFO  o.e.m.c.i.embedder.EclipseLogger - Using 'UTF-8' encoding to copy filtered resources.
2022-02-17 03:57:30,751 [Worker-6: Building] INFO  o.e.m.c.i.embedder.EclipseLogger - skip non existing resourceDirectory E:\Work\ideajava\GraduationProject\SecKill\SecKill\miaosha_2\src\test\resources
2022-02-17 03:57:32,096 [Worker-18: Updating Maven Dependencies] INFO  o.e.m.c.i.l.LifecycleMappingFactory - Using org.eclipse.m2e.jdt.JarLifecycleMapping lifecycle mapping for MavenProject: com.kirin:miaosha_2:0.0.1-SNAPSHOT @ E:\Work\ideajava\GraduationProject\SecKill\SecKill\miaosha_2\pom.xml.
2022-02-17 03:57:33,207 [Worker-12: Building] INFO  o.e.m.c.i.embedder.EclipseLogger - Using 'UTF-8' encoding to copy filtered resources.
2022-02-17 03:57:33,208 [Worker-12: Building] INFO  o.e.m.c.i.embedder.EclipseLogger - Copying 0 resource
2022-02-17 03:57:33,208 [Worker-12: Building] INFO  o.e.m.c.i.embedder.EclipseLogger - Copying 0 resource
2022-02-17 03:57:33,210 [Worker-12: Building] INFO  o.e.m.c.i.embedder.EclipseLogger - Using 'UTF-8' encoding to copy filtered resources.
2022-02-17 03:57:33,210 [Worker-12: Building] INFO  o.e.m.c.i.embedder.EclipseLogger - skip non existing resourceDirectory E:\Work\ideajava\GraduationProject\SecKill\SecKill\miaosha_2\src\test\resources
2022-02-17 03:58:10,611 [Worker-12: Updating Maven Dependencies] ERROR o.e.m.j.i.l.MavenLaunchConfigurationListener - Launch configuration MainApplication (1) references closed project miaosha_2
org.eclipse.core.runtime.CoreException: Launch configuration MainApplication (1) references closed project miaosha_2
	at org.eclipse.jdt.launching.JavaRuntime.abort(JavaRuntime.java:1843)
	at org.eclipse.jdt.launching.JavaRuntime.getJavaProject(JavaRuntime.java:1715)
	at org.eclipse.m2e.jdt.internal.launch.MavenLaunchConfigurationListener.updateLaunchConfiguration(MavenLaunchConfigurationListener.java:55)
	at org.eclipse.m2e.jdt.internal.launch.MavenLaunchConfigurationListener.launchConfigurationChanged(MavenLaunchConfigurationListener.java:40)
	at org.eclipse.debug.internal.core.LaunchManager$ConfigurationNotifier.run(LaunchManager.java:225)
	at org.eclipse.core.runtime.SafeRunner.run(SafeRunner.java:45)
	at org.eclipse.debug.internal.core.LaunchManager$ConfigurationNotifier.notify(LaunchManager.java:209)
	at org.eclipse.debug.internal.core.LaunchConfigurationWorkingCopy.setDirty(LaunchConfigurationWorkingCopy.java:521)
	at org.eclipse.debug.internal.core.LaunchConfigurationWorkingCopy.setAttribute(LaunchConfigurationWorkingCopy.java:409)
	at org.eclipse.m2e.jdt.internal.launch.MavenRuntimeClasspathProvider.disable(MavenRuntimeClasspathProvider.java:401)
	at org.eclipse.m2e.jdt.internal.launch.MavenRuntimeClasspathProvider.disable(MavenRuntimeClasspathProvider.java:427)
	at org.eclipse.m2e.jdt.internal.launch.MavenLaunchConfigurationListener.mavenProjectChanged(MavenLaunchConfigurationListener.java:72)
	at org.eclipse.m2e.core.internal.project.registry.ProjectRegistryManager.notifyProjectChangeListeners(ProjectRegistryManager.java:824)
	at org.eclipse.m2e.core.internal.project.registry.ProjectRegistryManager.applyMutableProjectRegistry(ProjectRegistryManager.java:990)
	at org.eclipse.m2e.core.internal.project.registry.ProjectRegistryRefreshJob.lambda$0(ProjectRegistryRefreshJob.java:149)
	at org.eclipse.m2e.core.internal.embedder.MavenExecutionContext.executeBare(MavenExecutionContext.java:179)
	at org.eclipse.m2e.core.internal.embedder.MavenExecutionContext.execute(MavenExecutionContext.java:153)
	at org.eclipse.m2e.core.internal.embedder.MavenExecutionContext.execute(MavenExecutionContext.java:101)
	at org.eclipse.m2e.core.internal.embedder.MavenImpl.execute(MavenImpl.java:1374)
	at org.eclipse.m2e.core.internal.project.registry.ProjectRegistryRefreshJob.run(ProjectRegistryRefreshJob.java:84)
	at org.eclipse.core.internal.jobs.Worker.run(Worker.java:63)
2022-02-17 03:58:10,612 [Worker-12: Updating Maven Dependencies] ERROR o.e.m.j.i.l.MavenLaunchConfigurationListener - Launch configuration MainApplication (1) references closed project miaosha_2
org.eclipse.core.runtime.CoreException: Launch configuration MainApplication (1) references closed project miaosha_2
	at org.eclipse.jdt.launching.JavaRuntime.abort(JavaRuntime.java:1843)
	at org.eclipse.jdt.launching.JavaRuntime.getJavaProject(JavaRuntime.java:1715)
	at org.eclipse.m2e.jdt.internal.launch.MavenLaunchConfigurationListener.updateLaunchConfiguration(MavenLaunchConfigurationListener.java:55)
	at org.eclipse.m2e.jdt.internal.launch.MavenLaunchConfigurationListener.launchConfigurationChanged(MavenLaunchConfigurationListener.java:40)
	at org.eclipse.debug.internal.core.LaunchManager$ConfigurationNotifier.run(LaunchManager.java:225)
	at org.eclipse.core.runtime.SafeRunner.run(SafeRunner.java:45)
	at org.eclipse.debug.internal.core.LaunchManager$ConfigurationNotifier.notify(LaunchManager.java:209)
	at org.eclipse.debug.internal.core.LaunchConfigurationWorkingCopy.setDirty(LaunchConfigurationWorkingCopy.java:521)
	at org.eclipse.debug.internal.core.LaunchConfigurationWorkingCopy.setAttribute(LaunchConfigurationWorkingCopy.java:409)
	at org.eclipse.m2e.jdt.internal.launch.MavenRuntimeClasspathProvider.disable(MavenRuntimeClasspathProvider.java:402)
	at org.eclipse.m2e.jdt.internal.launch.MavenRuntimeClasspathProvider.disable(MavenRuntimeClasspathProvider.java:427)
	at org.eclipse.m2e.jdt.internal.launch.MavenLaunchConfigurationListener.mavenProjectChanged(MavenLaunchConfigurationListener.java:72)
	at org.eclipse.m2e.core.internal.project.registry.ProjectRegistryManager.notifyProjectChangeListeners(ProjectRegistryManager.java:824)
	at org.eclipse.m2e.core.internal.project.registry.ProjectRegistryManager.applyMutableProjectRegistry(ProjectRegistryManager.java:990)
	at org.eclipse.m2e.core.internal.project.registry.ProjectRegistryRefreshJob.lambda$0(ProjectRegistryRefreshJob.java:149)
	at org.eclipse.m2e.core.internal.embedder.MavenExecutionContext.executeBare(MavenExecutionContext.java:179)
	at org.eclipse.m2e.core.internal.embedder.MavenExecutionContext.execute(MavenExecutionContext.java:153)
	at org.eclipse.m2e.core.internal.embedder.MavenExecutionContext.execute(MavenExecutionContext.java:101)
	at org.eclipse.m2e.core.internal.embedder.MavenImpl.execute(MavenImpl.java:1374)
	at org.eclipse.m2e.core.internal.project.registry.ProjectRegistryRefreshJob.run(ProjectRegistryRefreshJob.java:84)
	at org.eclipse.core.internal.jobs.Worker.run(Worker.java:63)
2022-02-17 03:58:10,616 [Worker-12: Updating Maven Dependencies] ERROR o.e.m.j.i.l.MavenLaunchConfigurationListener - Launch configuration MainApplication (1) references closed project miaosha_2
org.eclipse.core.runtime.CoreException: Launch configuration MainApplication (1) references closed project miaosha_2
	at org.eclipse.jdt.launching.JavaRuntime.abort(JavaRuntime.java:1843)
	at org.eclipse.jdt.launching.JavaRuntime.getJavaProject(JavaRuntime.java:1715)
	at org.eclipse.m2e.jdt.internal.launch.MavenLaunchConfigurationListener.updateLaunchConfiguration(MavenLaunchConfigurationListener.java:55)
	at org.eclipse.m2e.jdt.internal.launch.MavenLaunchConfigurationListener.launchConfigurationChanged(MavenLaunchConfigurationListener.java:40)
	at org.eclipse.debug.internal.core.LaunchManager$ConfigurationNotifier.run(LaunchManager.java:225)
	at org.eclipse.core.runtime.SafeRunner.run(SafeRunner.java:45)
	at org.eclipse.debug.internal.core.LaunchManager$ConfigurationNotifier.notify(LaunchManager.java:209)
	at org.eclipse.debug.internal.core.LaunchManager.launchConfigurationChanged(LaunchManager.java:2132)
	at org.eclipse.debug.internal.core.LaunchConfigurationWorkingCopy.writeNewFile(LaunchConfigurationWorkingCopy.java:374)
	at org.eclipse.debug.internal.core.LaunchConfigurationWorkingCopy.doSave0(LaunchConfigurationWorkingCopy.java:257)
	at org.eclipse.debug.internal.core.LaunchConfigurationWorkingCopy.doSave(LaunchConfigurationWorkingCopy.java:227)
	at org.eclipse.debug.internal.core.LaunchConfigurationWorkingCopy.doSave(LaunchConfigurationWorkingCopy.java:185)
	at org.eclipse.m2e.jdt.internal.launch.MavenRuntimeClasspathProvider.disable(MavenRuntimeClasspathProvider.java:403)
	at org.eclipse.m2e.jdt.internal.launch.MavenRuntimeClasspathProvider.disable(MavenRuntimeClasspathProvider.java:427)
	at org.eclipse.m2e.jdt.internal.launch.MavenLaunchConfigurationListener.mavenProjectChanged(MavenLaunchConfigurationListener.java:72)
	at org.eclipse.m2e.core.internal.project.registry.ProjectRegistryManager.notifyProjectChangeListeners(ProjectRegistryManager.java:824)
	at org.eclipse.m2e.core.internal.project.registry.ProjectRegistryManager.applyMutableProjectRegistry(ProjectRegistryManager.java:990)
	at org.eclipse.m2e.core.internal.project.registry.ProjectRegistryRefreshJob.lambda$0(ProjectRegistryRefreshJob.java:149)
	at org.eclipse.m2e.core.internal.embedder.MavenExecutionContext.executeBare(MavenExecutionContext.java:179)
	at org.eclipse.m2e.core.internal.embedder.MavenExecutionContext.execute(MavenExecutionContext.java:153)
	at org.eclipse.m2e.core.internal.embedder.MavenExecutionContext.execute(MavenExecutionContext.java:101)
	at org.eclipse.m2e.core.internal.embedder.MavenImpl.execute(MavenImpl.java:1374)
	at org.eclipse.m2e.core.internal.project.registry.ProjectRegistryRefreshJob.run(ProjectRegistryRefreshJob.java:84)
	at org.eclipse.core.internal.jobs.Worker.run(Worker.java:63)
2022-02-17 03:58:10,617 [Worker-12: Updating Maven Dependencies] ERROR o.e.m.j.i.l.MavenLaunchConfigurationListener - Launch configuration UserUtil references closed project miaosha_2
org.eclipse.core.runtime.CoreException: Launch configuration UserUtil references closed project miaosha_2
	at org.eclipse.jdt.launching.JavaRuntime.abort(JavaRuntime.java:1843)
	at org.eclipse.jdt.launching.JavaRuntime.getJavaProject(JavaRuntime.java:1715)
	at org.eclipse.m2e.jdt.internal.launch.MavenLaunchConfigurationListener.updateLaunchConfiguration(MavenLaunchConfigurationListener.java:55)
	at org.eclipse.m2e.jdt.internal.launch.MavenLaunchConfigurationListener.launchConfigurationChanged(MavenLaunchConfigurationListener.java:40)
	at org.eclipse.debug.internal.core.LaunchManager$ConfigurationNotifier.run(LaunchManager.java:225)
	at org.eclipse.core.runtime.SafeRunner.run(SafeRunner.java:45)
	at org.eclipse.debug.internal.core.LaunchManager$ConfigurationNotifier.notify(LaunchManager.java:209)
	at org.eclipse.debug.internal.core.LaunchConfigurationWorkingCopy.setDirty(LaunchConfigurationWorkingCopy.java:521)
	at org.eclipse.debug.internal.core.LaunchConfigurationWorkingCopy.setAttribute(LaunchConfigurationWorkingCopy.java:409)
	at org.eclipse.m2e.jdt.internal.launch.MavenRuntimeClasspathProvider.disable(MavenRuntimeClasspathProvider.java:401)
	at org.eclipse.m2e.jdt.internal.launch.MavenRuntimeClasspathProvider.disable(MavenRuntimeClasspathProvider.java:427)
	at org.eclipse.m2e.jdt.internal.launch.MavenLaunchConfigurationListener.mavenProjectChanged(MavenLaunchConfigurationListener.java:72)
	at org.eclipse.m2e.core.internal.project.registry.ProjectRegistryManager.notifyProjectChangeListeners(ProjectRegistryManager.java:824)
	at org.eclipse.m2e.core.internal.project.registry.ProjectRegistryManager.applyMutableProjectRegistry(ProjectRegistryManager.java:990)
	at org.eclipse.m2e.core.internal.project.registry.ProjectRegistryRefreshJob.lambda$0(ProjectRegistryRefreshJob.java:149)
	at org.eclipse.m2e.core.internal.embedder.MavenExecutionContext.executeBare(MavenExecutionContext.java:179)
	at org.eclipse.m2e.core.internal.embedder.MavenExecutionContext.execute(MavenExecutionContext.java:153)
	at org.eclipse.m2e.core.internal.embedder.MavenExecutionContext.execute(MavenExecutionContext.java:101)
	at org.eclipse.m2e.core.internal.embedder.MavenImpl.execute(MavenImpl.java:1374)
	at org.eclipse.m2e.core.internal.project.registry.ProjectRegistryRefreshJob.run(ProjectRegistryRefreshJob.java:84)
	at org.eclipse.core.internal.jobs.Worker.run(Worker.java:63)
2022-02-17 03:58:10,618 [Worker-12: Updating Maven Dependencies] ERROR o.e.m.j.i.l.MavenLaunchConfigurationListener - Launch configuration UserUtil references closed project miaosha_2
org.eclipse.core.runtime.CoreException: Launch configuration UserUtil references closed project miaosha_2
	at org.eclipse.jdt.launching.JavaRuntime.abort(JavaRuntime.java:1843)
	at org.eclipse.jdt.launching.JavaRuntime.getJavaProject(JavaRuntime.java:1715)
	at org.eclipse.m2e.jdt.internal.launch.MavenLaunchConfigurationListener.updateLaunchConfiguration(MavenLaunchConfigurationListener.java:55)
	at org.eclipse.m2e.jdt.internal.launch.MavenLaunchConfigurationListener.launchConfigurationChanged(MavenLaunchConfigurationListener.java:40)
	at org.eclipse.debug.internal.core.LaunchManager$ConfigurationNotifier.run(LaunchManager.java:225)
	at org.eclipse.core.runtime.SafeRunner.run(SafeRunner.java:45)
	at org.eclipse.debug.internal.core.LaunchManager$ConfigurationNotifier.notify(LaunchManager.java:209)
	at org.eclipse.debug.internal.core.LaunchConfigurationWorkingCopy.setDirty(LaunchConfigurationWorkingCopy.java:521)
	at org.eclipse.debug.internal.core.LaunchConfigurationWorkingCopy.setAttribute(LaunchConfigurationWorkingCopy.java:409)
	at org.eclipse.m2e.jdt.internal.launch.MavenRuntimeClasspathProvider.disable(MavenRuntimeClasspathProvider.java:402)
	at org.eclipse.m2e.jdt.internal.launch.MavenRuntimeClasspathProvider.disable(MavenRuntimeClasspathProvider.java:427)
	at org.eclipse.m2e.jdt.internal.launch.MavenLaunchConfigurationListener.mavenProjectChanged(MavenLaunchConfigurationListener.java:72)
	at org.eclipse.m2e.core.internal.project.registry.ProjectRegistryManager.notifyProjectChangeListeners(ProjectRegistryManager.java:824)
	at org.eclipse.m2e.core.internal.project.registry.ProjectRegistryManager.applyMutableProjectRegistry(ProjectRegistryManager.java:990)
	at org.eclipse.m2e.core.internal.project.registry.ProjectRegistryRefreshJob.lambda$0(ProjectRegistryRefreshJob.java:149)
	at org.eclipse.m2e.core.internal.embedder.MavenExecutionContext.executeBare(MavenExecutionContext.java:179)
	at org.eclipse.m2e.core.internal.embedder.MavenExecutionContext.execute(MavenExecutionContext.java:153)
	at org.eclipse.m2e.core.internal.embedder.MavenExecutionContext.execute(MavenExecutionContext.java:101)
	at org.eclipse.m2e.core.internal.embedder.MavenImpl.execute(MavenImpl.java:1374)
	at org.eclipse.m2e.core.internal.project.registry.ProjectRegistryRefreshJob.run(ProjectRegistryRefreshJob.java:84)
	at org.eclipse.core.internal.jobs.Worker.run(Worker.java:63)
2022-02-17 03:58:10,620 [Worker-12: Updating Maven Dependencies] ERROR o.e.m.j.i.l.MavenLaunchConfigurationListener - Launch configuration UserUtil references closed project miaosha_2
org.eclipse.core.runtime.CoreException: Launch configuration UserUtil references closed project miaosha_2
	at org.eclipse.jdt.launching.JavaRuntime.abort(JavaRuntime.java:1843)
	at org.eclipse.jdt.launching.JavaRuntime.getJavaProject(JavaRuntime.java:1715)
	at org.eclipse.m2e.jdt.internal.launch.MavenLaunchConfigurationListener.updateLaunchConfiguration(MavenLaunchConfigurationListener.java:55)
	at org.eclipse.m2e.jdt.internal.launch.MavenLaunchConfigurationListener.launchConfigurationChanged(MavenLaunchConfigurationListener.java:40)
	at org.eclipse.debug.internal.core.LaunchManager$ConfigurationNotifier.run(LaunchManager.java:225)
	at org.eclipse.core.runtime.SafeRunner.run(SafeRunner.java:45)
	at org.eclipse.debug.internal.core.LaunchManager$ConfigurationNotifier.notify(LaunchManager.java:209)
	at org.eclipse.debug.internal.core.LaunchManager.launchConfigurationChanged(LaunchManager.java:2132)
	at org.eclipse.debug.internal.core.LaunchConfigurationWorkingCopy.writeNewFile(LaunchConfigurationWorkingCopy.java:374)
	at org.eclipse.debug.internal.core.LaunchConfigurationWorkingCopy.doSave0(LaunchConfigurationWorkingCopy.java:257)
	at org.eclipse.debug.internal.core.LaunchConfigurationWorkingCopy.doSave(LaunchConfigurationWorkingCopy.java:227)
	at org.eclipse.debug.internal.core.LaunchConfigurationWorkingCopy.doSave(LaunchConfigurationWorkingCopy.java:185)
	at org.eclipse.m2e.jdt.internal.launch.MavenRuntimeClasspathProvider.disable(MavenRuntimeClasspathProvider.java:403)
	at org.eclipse.m2e.jdt.internal.launch.MavenRuntimeClasspathProvider.disable(MavenRuntimeClasspathProvider.java:427)
	at org.eclipse.m2e.jdt.internal.launch.MavenLaunchConfigurationListener.mavenProjectChanged(MavenLaunchConfigurationListener.java:72)
	at org.eclipse.m2e.core.internal.project.registry.ProjectRegistryManager.notifyProjectChangeListeners(ProjectRegistryManager.java:824)
	at org.eclipse.m2e.core.internal.project.registry.ProjectRegistryManager.applyMutableProjectRegistry(ProjectRegistryManager.java:990)
	at org.eclipse.m2e.core.internal.project.registry.ProjectRegistryRefreshJob.lambda$0(ProjectRegistryRefreshJob.java:149)
	at org.eclipse.m2e.core.internal.embedder.MavenExecutionContext.executeBare(MavenExecutionContext.java:179)
	at org.eclipse.m2e.core.internal.embedder.MavenExecutionContext.execute(MavenExecutionContext.java:153)
	at org.eclipse.m2e.core.internal.embedder.MavenExecutionContext.execute(MavenExecutionContext.java:101)
	at org.eclipse.m2e.core.internal.embedder.MavenImpl.execute(MavenImpl.java:1374)
	at org.eclipse.m2e.core.internal.project.registry.ProjectRegistryRefreshJob.run(ProjectRegistryRefreshJob.java:84)
	at org.eclipse.core.internal.jobs.Worker.run(Worker.java:63)
2022-02-21 14:28:49,479 [Worker-3: Loading available Gradle versions] INFO  o.e.b.c.i.u.g.PublishedGradleVersions - Gradle version information cache is out-of-date. Trying to update.
2022-02-21 14:37:30,614 [Worker-10: Building] INFO  o.e.m.c.i.l.LifecycleMappingFactory - Using org.eclipse.m2e.jdt.JarLifecycleMapping lifecycle mapping for MavenProject: com.kirin:miaosha_3:0.0.1-SNAPSHOT @ E:\Work\ideajava\GraduationProject\SecKill\SecKill\miaosha_4\pom.xml.
2022-02-21 14:37:32,412 [Worker-10: Building] INFO  o.e.m.c.i.embedder.EclipseLogger - Using 'UTF-8' encoding to copy filtered resources.
2022-02-21 14:37:32,417 [Worker-10: Building] INFO  o.e.m.c.i.embedder.EclipseLogger - Copying 1 resource
2022-02-21 14:37:32,459 [Worker-10: Building] INFO  o.e.m.c.i.embedder.EclipseLogger - Copying 41 resources
2022-02-21 14:37:32,558 [Worker-10: Building] INFO  o.e.m.c.i.embedder.EclipseLogger - Using 'UTF-8' encoding to copy filtered resources.
2022-02-21 14:37:32,558 [Worker-10: Building] INFO  o.e.m.c.i.embedder.EclipseLogger - skip non existing resourceDirectory E:\Work\ideajava\GraduationProject\SecKill\SecKill\miaosha_4\src\test\resources
2022-02-21 14:37:34,520 [Worker-10: Building] INFO  o.e.m.c.i.embedder.EclipseLogger - Using 'UTF-8' encoding to copy filtered resources.
2022-02-21 14:37:34,528 [Worker-10: Building] INFO  o.e.m.c.i.embedder.EclipseLogger - Copying 1 resource
2022-02-21 14:37:34,537 [Worker-10: Building] INFO  o.e.m.c.i.embedder.EclipseLogger - Copying 41 resources
2022-02-21 14:37:34,637 [Worker-10: Building] INFO  o.e.m.c.i.embedder.EclipseLogger - Using 'UTF-8' encoding to copy filtered resources.
2022-02-21 14:37:34,637 [Worker-10: Building] INFO  o.e.m.c.i.embedder.EclipseLogger - skip non existing resourceDirectory E:\Work\ideajava\GraduationProject\SecKill\SecKill\miaosha_4\src\test\resources
2022-02-21 14:37:36,535 [Worker-10: Updating Maven Dependencies] ERROR o.e.m.j.i.l.MavenLaunchConfigurationListener - Launch configuration MainApplication (2) references closed project miaosha_3
org.eclipse.core.runtime.CoreException: Launch configuration MainApplication (2) references closed project miaosha_3
	at org.eclipse.jdt.launching.JavaRuntime.abort(JavaRuntime.java:1843)
	at org.eclipse.jdt.launching.JavaRuntime.getJavaProject(JavaRuntime.java:1715)
	at org.eclipse.m2e.jdt.internal.launch.MavenLaunchConfigurationListener.updateLaunchConfiguration(MavenLaunchConfigurationListener.java:55)
	at org.eclipse.m2e.jdt.internal.launch.MavenLaunchConfigurationListener.launchConfigurationChanged(MavenLaunchConfigurationListener.java:40)
	at org.eclipse.debug.internal.core.LaunchManager$ConfigurationNotifier.run(LaunchManager.java:225)
	at org.eclipse.core.runtime.SafeRunner.run(SafeRunner.java:45)
	at org.eclipse.debug.internal.core.LaunchManager$ConfigurationNotifier.notify(LaunchManager.java:209)
	at org.eclipse.debug.internal.core.LaunchConfigurationWorkingCopy.setDirty(LaunchConfigurationWorkingCopy.java:521)
	at org.eclipse.debug.internal.core.LaunchConfigurationWorkingCopy.setAttribute(LaunchConfigurationWorkingCopy.java:409)
	at org.eclipse.m2e.jdt.internal.launch.MavenRuntimeClasspathProvider.disable(MavenRuntimeClasspathProvider.java:401)
	at org.eclipse.m2e.jdt.internal.launch.MavenRuntimeClasspathProvider.disable(MavenRuntimeClasspathProvider.java:427)
	at org.eclipse.m2e.jdt.internal.launch.MavenLaunchConfigurationListener.mavenProjectChanged(MavenLaunchConfigurationListener.java:72)
	at org.eclipse.m2e.core.internal.project.registry.ProjectRegistryManager.notifyProjectChangeListeners(ProjectRegistryManager.java:824)
	at org.eclipse.m2e.core.internal.project.registry.ProjectRegistryManager.applyMutableProjectRegistry(ProjectRegistryManager.java:990)
	at org.eclipse.m2e.core.internal.project.registry.ProjectRegistryRefreshJob.lambda$0(ProjectRegistryRefreshJob.java:149)
	at org.eclipse.m2e.core.internal.embedder.MavenExecutionContext.executeBare(MavenExecutionContext.java:179)
	at org.eclipse.m2e.core.internal.embedder.MavenExecutionContext.execute(MavenExecutionContext.java:153)
	at org.eclipse.m2e.core.internal.embedder.MavenExecutionContext.execute(MavenExecutionContext.java:101)
	at org.eclipse.m2e.core.internal.embedder.MavenImpl.execute(MavenImpl.java:1374)
	at org.eclipse.m2e.core.internal.project.registry.ProjectRegistryRefreshJob.run(ProjectRegistryRefreshJob.java:84)
	at org.eclipse.core.internal.jobs.Worker.run(Worker.java:63)
2022-02-21 14:37:36,541 [Worker-10: Updating Maven Dependencies] ERROR o.e.m.j.i.l.MavenLaunchConfigurationListener - Launch configuration MainApplication (2) references closed project miaosha_3
org.eclipse.core.runtime.CoreException: Launch configuration MainApplication (2) references closed project miaosha_3
	at org.eclipse.jdt.launching.JavaRuntime.abort(JavaRuntime.java:1843)
	at org.eclipse.jdt.launching.JavaRuntime.getJavaProject(JavaRuntime.java:1715)
	at org.eclipse.m2e.jdt.internal.launch.MavenLaunchConfigurationListener.updateLaunchConfiguration(MavenLaunchConfigurationListener.java:55)
	at org.eclipse.m2e.jdt.internal.launch.MavenLaunchConfigurationListener.launchConfigurationChanged(MavenLaunchConfigurationListener.java:40)
	at org.eclipse.debug.internal.core.LaunchManager$ConfigurationNotifier.run(LaunchManager.java:225)
	at org.eclipse.core.runtime.SafeRunner.run(SafeRunner.java:45)
	at org.eclipse.debug.internal.core.LaunchManager$ConfigurationNotifier.notify(LaunchManager.java:209)
	at org.eclipse.debug.internal.core.LaunchConfigurationWorkingCopy.setDirty(LaunchConfigurationWorkingCopy.java:521)
	at org.eclipse.debug.internal.core.LaunchConfigurationWorkingCopy.setAttribute(LaunchConfigurationWorkingCopy.java:409)
	at org.eclipse.m2e.jdt.internal.launch.MavenRuntimeClasspathProvider.disable(MavenRuntimeClasspathProvider.java:402)
	at org.eclipse.m2e.jdt.internal.launch.MavenRuntimeClasspathProvider.disable(MavenRuntimeClasspathProvider.java:427)
	at org.eclipse.m2e.jdt.internal.launch.MavenLaunchConfigurationListener.mavenProjectChanged(MavenLaunchConfigurationListener.java:72)
	at org.eclipse.m2e.core.internal.project.registry.ProjectRegistryManager.notifyProjectChangeListeners(ProjectRegistryManager.java:824)
	at org.eclipse.m2e.core.internal.project.registry.ProjectRegistryManager.applyMutableProjectRegistry(ProjectRegistryManager.java:990)
	at org.eclipse.m2e.core.internal.project.registry.ProjectRegistryRefreshJob.lambda$0(ProjectRegistryRefreshJob.java:149)
	at org.eclipse.m2e.core.internal.embedder.MavenExecutionContext.executeBare(MavenExecutionContext.java:179)
	at org.eclipse.m2e.core.internal.embedder.MavenExecutionContext.execute(MavenExecutionContext.java:153)
	at org.eclipse.m2e.core.internal.embedder.MavenExecutionContext.execute(MavenExecutionContext.java:101)
	at org.eclipse.m2e.core.internal.embedder.MavenImpl.execute(MavenImpl.java:1374)
	at org.eclipse.m2e.core.internal.project.registry.ProjectRegistryRefreshJob.run(ProjectRegistryRefreshJob.java:84)
	at org.eclipse.core.internal.jobs.Worker.run(Worker.java:63)
2022-02-21 14:37:36,546 [Worker-10: Updating Maven Dependencies] ERROR o.e.m.j.i.l.MavenLaunchConfigurationListener - Launch configuration MainApplication (2) references closed project miaosha_3
org.eclipse.core.runtime.CoreException: Launch configuration MainApplication (2) references closed project miaosha_3
	at org.eclipse.jdt.launching.JavaRuntime.abort(JavaRuntime.java:1843)
	at org.eclipse.jdt.launching.JavaRuntime.getJavaProject(JavaRuntime.java:1715)
	at org.eclipse.m2e.jdt.internal.launch.MavenLaunchConfigurationListener.updateLaunchConfiguration(MavenLaunchConfigurationListener.java:55)
	at org.eclipse.m2e.jdt.internal.launch.MavenLaunchConfigurationListener.launchConfigurationChanged(MavenLaunchConfigurationListener.java:40)
	at org.eclipse.debug.internal.core.LaunchManager$ConfigurationNotifier.run(LaunchManager.java:225)
	at org.eclipse.core.runtime.SafeRunner.run(SafeRunner.java:45)
	at org.eclipse.debug.internal.core.LaunchManager$ConfigurationNotifier.notify(LaunchManager.java:209)
	at org.eclipse.debug.internal.core.LaunchManager.launchConfigurationChanged(LaunchManager.java:2132)
	at org.eclipse.debug.internal.core.LaunchConfigurationWorkingCopy.writeNewFile(LaunchConfigurationWorkingCopy.java:374)
	at org.eclipse.debug.internal.core.LaunchConfigurationWorkingCopy.doSave0(LaunchConfigurationWorkingCopy.java:257)
	at org.eclipse.debug.internal.core.LaunchConfigurationWorkingCopy.doSave(LaunchConfigurationWorkingCopy.java:227)
	at org.eclipse.debug.internal.core.LaunchConfigurationWorkingCopy.doSave(LaunchConfigurationWorkingCopy.java:185)
	at org.eclipse.m2e.jdt.internal.launch.MavenRuntimeClasspathProvider.disable(MavenRuntimeClasspathProvider.java:403)
	at org.eclipse.m2e.jdt.internal.launch.MavenRuntimeClasspathProvider.disable(MavenRuntimeClasspathProvider.java:427)
	at org.eclipse.m2e.jdt.internal.launch.MavenLaunchConfigurationListener.mavenProjectChanged(MavenLaunchConfigurationListener.java:72)
	at org.eclipse.m2e.core.internal.project.registry.ProjectRegistryManager.notifyProjectChangeListeners(ProjectRegistryManager.java:824)
	at org.eclipse.m2e.core.internal.project.registry.ProjectRegistryManager.applyMutableProjectRegistry(ProjectRegistryManager.java:990)
	at org.eclipse.m2e.core.internal.project.registry.ProjectRegistryRefreshJob.lambda$0(ProjectRegistryRefreshJob.java:149)
	at org.eclipse.m2e.core.internal.embedder.MavenExecutionContext.executeBare(MavenExecutionContext.java:179)
	at org.eclipse.m2e.core.internal.embedder.MavenExecutionContext.execute(MavenExecutionContext.java:153)
	at org.eclipse.m2e.core.internal.embedder.MavenExecutionContext.execute(MavenExecutionContext.java:101)
	at org.eclipse.m2e.core.internal.embedder.MavenImpl.execute(MavenImpl.java:1374)
	at org.eclipse.m2e.core.internal.project.registry.ProjectRegistryRefreshJob.run(ProjectRegistryRefreshJob.java:84)
	at org.eclipse.core.internal.jobs.Worker.run(Worker.java:63)
2022-02-21 14:37:36,547 [Worker-10: Updating Maven Dependencies] ERROR o.e.m.j.i.l.MavenLaunchConfigurationListener - Launch configuration UserUtil (1) references closed project miaosha_3
org.eclipse.core.runtime.CoreException: Launch configuration UserUtil (1) references closed project miaosha_3
	at org.eclipse.jdt.launching.JavaRuntime.abort(JavaRuntime.java:1843)
	at org.eclipse.jdt.launching.JavaRuntime.getJavaProject(JavaRuntime.java:1715)
	at org.eclipse.m2e.jdt.internal.launch.MavenLaunchConfigurationListener.updateLaunchConfiguration(MavenLaunchConfigurationListener.java:55)
	at org.eclipse.m2e.jdt.internal.launch.MavenLaunchConfigurationListener.launchConfigurationChanged(MavenLaunchConfigurationListener.java:40)
	at org.eclipse.debug.internal.core.LaunchManager$ConfigurationNotifier.run(LaunchManager.java:225)
	at org.eclipse.core.runtime.SafeRunner.run(SafeRunner.java:45)
	at org.eclipse.debug.internal.core.LaunchManager$ConfigurationNotifier.notify(LaunchManager.java:209)
	at org.eclipse.debug.internal.core.LaunchConfigurationWorkingCopy.setDirty(LaunchConfigurationWorkingCopy.java:521)
	at org.eclipse.debug.internal.core.LaunchConfigurationWorkingCopy.setAttribute(LaunchConfigurationWorkingCopy.java:409)
	at org.eclipse.m2e.jdt.internal.launch.MavenRuntimeClasspathProvider.disable(MavenRuntimeClasspathProvider.java:401)
	at org.eclipse.m2e.jdt.internal.launch.MavenRuntimeClasspathProvider.disable(MavenRuntimeClasspathProvider.java:427)
	at org.eclipse.m2e.jdt.internal.launch.MavenLaunchConfigurationListener.mavenProjectChanged(MavenLaunchConfigurationListener.java:72)
	at org.eclipse.m2e.core.internal.project.registry.ProjectRegistryManager.notifyProjectChangeListeners(ProjectRegistryManager.java:824)
	at org.eclipse.m2e.core.internal.project.registry.ProjectRegistryManager.applyMutableProjectRegistry(ProjectRegistryManager.java:990)
	at org.eclipse.m2e.core.internal.project.registry.ProjectRegistryRefreshJob.lambda$0(ProjectRegistryRefreshJob.java:149)
	at org.eclipse.m2e.core.internal.embedder.MavenExecutionContext.executeBare(MavenExecutionContext.java:179)
	at org.eclipse.m2e.core.internal.embedder.MavenExecutionContext.execute(MavenExecutionContext.java:153)
	at org.eclipse.m2e.core.internal.embedder.MavenExecutionContext.execute(MavenExecutionContext.java:101)
	at org.eclipse.m2e.core.internal.embedder.MavenImpl.execute(MavenImpl.java:1374)
	at org.eclipse.m2e.core.internal.project.registry.ProjectRegistryRefreshJob.run(ProjectRegistryRefreshJob.java:84)
	at org.eclipse.core.internal.jobs.Worker.run(Worker.java:63)
2022-02-21 14:37:36,549 [Worker-10: Updating Maven Dependencies] ERROR o.e.m.j.i.l.MavenLaunchConfigurationListener - Launch configuration UserUtil (1) references closed project miaosha_3
org.eclipse.core.runtime.CoreException: Launch configuration UserUtil (1) references closed project miaosha_3
	at org.eclipse.jdt.launching.JavaRuntime.abort(JavaRuntime.java:1843)
	at org.eclipse.jdt.launching.JavaRuntime.getJavaProject(JavaRuntime.java:1715)
	at org.eclipse.m2e.jdt.internal.launch.MavenLaunchConfigurationListener.updateLaunchConfiguration(MavenLaunchConfigurationListener.java:55)
	at org.eclipse.m2e.jdt.internal.launch.MavenLaunchConfigurationListener.launchConfigurationChanged(MavenLaunchConfigurationListener.java:40)
	at org.eclipse.debug.internal.core.LaunchManager$ConfigurationNotifier.run(LaunchManager.java:225)
	at org.eclipse.core.runtime.SafeRunner.run(SafeRunner.java:45)
	at org.eclipse.debug.internal.core.LaunchManager$ConfigurationNotifier.notify(LaunchManager.java:209)
	at org.eclipse.debug.internal.core.LaunchConfigurationWorkingCopy.setDirty(LaunchConfigurationWorkingCopy.java:521)
	at org.eclipse.debug.internal.core.LaunchConfigurationWorkingCopy.setAttribute(LaunchConfigurationWorkingCopy.java:409)
	at org.eclipse.m2e.jdt.internal.launch.MavenRuntimeClasspathProvider.disable(MavenRuntimeClasspathProvider.java:402)
	at org.eclipse.m2e.jdt.internal.launch.MavenRuntimeClasspathProvider.disable(MavenRuntimeClasspathProvider.java:427)
	at org.eclipse.m2e.jdt.internal.launch.MavenLaunchConfigurationListener.mavenProjectChanged(MavenLaunchConfigurationListener.java:72)
	at org.eclipse.m2e.core.internal.project.registry.ProjectRegistryManager.notifyProjectChangeListeners(ProjectRegistryManager.java:824)
	at org.eclipse.m2e.core.internal.project.registry.ProjectRegistryManager.applyMutableProjectRegistry(ProjectRegistryManager.java:990)
	at org.eclipse.m2e.core.internal.project.registry.ProjectRegistryRefreshJob.lambda$0(ProjectRegistryRefreshJob.java:149)
	at org.eclipse.m2e.core.internal.embedder.MavenExecutionContext.executeBare(MavenExecutionContext.java:179)
	at org.eclipse.m2e.core.internal.embedder.MavenExecutionContext.execute(MavenExecutionContext.java:153)
	at org.eclipse.m2e.core.internal.embedder.MavenExecutionContext.execute(MavenExecutionContext.java:101)
	at org.eclipse.m2e.core.internal.embedder.MavenImpl.execute(MavenImpl.java:1374)
	at org.eclipse.m2e.core.internal.project.registry.ProjectRegistryRefreshJob.run(ProjectRegistryRefreshJob.java:84)
	at org.eclipse.core.internal.jobs.Worker.run(Worker.java:63)
2022-02-21 14:37:36,553 [Worker-10: Updating Maven Dependencies] ERROR o.e.m.j.i.l.MavenLaunchConfigurationListener - Launch configuration UserUtil (1) references closed project miaosha_3
org.eclipse.core.runtime.CoreException: Launch configuration UserUtil (1) references closed project miaosha_3
	at org.eclipse.jdt.launching.JavaRuntime.abort(JavaRuntime.java:1843)
	at org.eclipse.jdt.launching.JavaRuntime.getJavaProject(JavaRuntime.java:1715)
	at org.eclipse.m2e.jdt.internal.launch.MavenLaunchConfigurationListener.updateLaunchConfiguration(MavenLaunchConfigurationListener.java:55)
	at org.eclipse.m2e.jdt.internal.launch.MavenLaunchConfigurationListener.launchConfigurationChanged(MavenLaunchConfigurationListener.java:40)
	at org.eclipse.debug.internal.core.LaunchManager$ConfigurationNotifier.run(LaunchManager.java:225)
	at org.eclipse.core.runtime.SafeRunner.run(SafeRunner.java:45)
	at org.eclipse.debug.internal.core.LaunchManager$ConfigurationNotifier.notify(LaunchManager.java:209)
	at org.eclipse.debug.internal.core.LaunchManager.launchConfigurationChanged(LaunchManager.java:2132)
	at org.eclipse.debug.internal.core.LaunchConfigurationWorkingCopy.writeNewFile(LaunchConfigurationWorkingCopy.java:374)
	at org.eclipse.debug.internal.core.LaunchConfigurationWorkingCopy.doSave0(LaunchConfigurationWorkingCopy.java:257)
	at org.eclipse.debug.internal.core.LaunchConfigurationWorkingCopy.doSave(LaunchConfigurationWorkingCopy.java:227)
	at org.eclipse.debug.internal.core.LaunchConfigurationWorkingCopy.doSave(LaunchConfigurationWorkingCopy.java:185)
	at org.eclipse.m2e.jdt.internal.launch.MavenRuntimeClasspathProvider.disable(MavenRuntimeClasspathProvider.java:403)
	at org.eclipse.m2e.jdt.internal.launch.MavenRuntimeClasspathProvider.disable(MavenRuntimeClasspathProvider.java:427)
	at org.eclipse.m2e.jdt.internal.launch.MavenLaunchConfigurationListener.mavenProjectChanged(MavenLaunchConfigurationListener.java:72)
	at org.eclipse.m2e.core.internal.project.registry.ProjectRegistryManager.notifyProjectChangeListeners(ProjectRegistryManager.java:824)
	at org.eclipse.m2e.core.internal.project.registry.ProjectRegistryManager.applyMutableProjectRegistry(ProjectRegistryManager.java:990)
	at org.eclipse.m2e.core.internal.project.registry.ProjectRegistryRefreshJob.lambda$0(ProjectRegistryRefreshJob.java:149)
	at org.eclipse.m2e.core.internal.embedder.MavenExecutionContext.executeBare(MavenExecutionContext.java:179)
	at org.eclipse.m2e.core.internal.embedder.MavenExecutionContext.execute(MavenExecutionContext.java:153)
	at org.eclipse.m2e.core.internal.embedder.MavenExecutionContext.execute(MavenExecutionContext.java:101)
	at org.eclipse.m2e.core.internal.embedder.MavenImpl.execute(MavenImpl.java:1374)
	at org.eclipse.m2e.core.internal.project.registry.ProjectRegistryRefreshJob.run(ProjectRegistryRefreshJob.java:84)
	at org.eclipse.core.internal.jobs.Worker.run(Worker.java:63)
2022-02-21 16:25:01,592 [Worker-2: Loading available Gradle versions] INFO  o.e.b.c.i.u.g.PublishedGradleVersions - Gradle version information cache is up-to-date. Trying to read.
2022-02-22 22:05:25,628 [Worker-0: Loading available Gradle versions] INFO  o.e.b.c.i.u.g.PublishedGradleVersions - Gradle version information cache is out-of-date. Trying to update.
2022-02-22 22:05:44,621 [Worker-0: Loading available Gradle versions] INFO  o.e.b.c.i.u.g.PublishedGradleVersions - Updating Gradle version information cache failed. Using outdated cache.
2022-02-22 22:18:33,792 [Worker-16: Building] INFO  o.e.m.c.i.embedder.EclipseLogger - Using 'UTF-8' encoding to copy filtered resources.
2022-02-22 22:18:33,800 [Worker-16: Building] INFO  o.e.m.c.i.embedder.EclipseLogger - Copying 1 resource
2022-02-22 22:18:33,819 [Worker-16: Building] INFO  o.e.m.c.i.embedder.EclipseLogger - Copying 41 resources
2022-02-22 22:18:33,949 [Worker-16: Building] INFO  o.e.m.c.i.embedder.EclipseLogger - Using 'UTF-8' encoding to copy filtered resources.
2022-02-22 22:18:33,950 [Worker-16: Building] INFO  o.e.m.c.i.embedder.EclipseLogger - skip non existing resourceDirectory E:\Work\ideajava\GraduationProject\SecKill\SecKill\miaosha_4\src\test\resources
2022-02-22 22:23:42,519 [Worker-27: Building] INFO  o.e.m.c.i.l.LifecycleMappingFactory - Using org.eclipse.m2e.jdt.JarLifecycleMapping lifecycle mapping for MavenProject: com.kirin:miaosha_3:0.0.1-SNAPSHOT @ E:\Work\ideajava\GraduationProject\SecKill\SecKill\miaosha_4\pom.xml.
2022-02-22 22:23:45,364 [Worker-27: Building] INFO  o.e.m.c.i.e.AbstractTransferListenerAdapter - Downloading https://repo.maven.apache.org/maven2/org/springframework/boot/spring-boot-starter-amqp/1.5.9.RELEASE/spring-boot-starter-amqp-1.5.9.RELEASE.pom
2022-02-22 22:23:45,768 [Worker-27: Building] INFO  o.e.m.c.i.e.AbstractTransferListenerAdapter - Downloaded https://repo.maven.apache.org/maven2/org/springframework/boot/spring-boot-starter-amqp/1.5.9.RELEASE/spring-boot-starter-amqp-1.5.9.RELEASE.pom
2022-02-22 22:23:45,995 [Worker-27: Building] INFO  o.e.m.c.i.e.AbstractTransferListenerAdapter - Downloading https://repo.maven.apache.org/maven2/org/springframework/spring-messaging/4.3.13.RELEASE/spring-messaging-4.3.13.RELEASE.pom
2022-02-22 22:23:46,232 [Worker-27: Building] INFO  o.e.m.c.i.e.AbstractTransferListenerAdapter - Downloaded https://repo.maven.apache.org/maven2/org/springframework/spring-messaging/4.3.13.RELEASE/spring-messaging-4.3.13.RELEASE.pom
2022-02-22 22:23:46,456 [Worker-27: Building] INFO  o.e.m.c.i.e.AbstractTransferListenerAdapter - Downloading https://repo.maven.apache.org/maven2/org/springframework/amqp/spring-rabbit/1.7.4.RELEASE/spring-rabbit-1.7.4.RELEASE.pom
2022-02-22 22:23:46,706 [Worker-27: Building] INFO  o.e.m.c.i.e.AbstractTransferListenerAdapter - Downloaded https://repo.maven.apache.org/maven2/org/springframework/amqp/spring-rabbit/1.7.4.RELEASE/spring-rabbit-1.7.4.RELEASE.pom
2022-02-22 22:23:46,986 [Worker-27: Building] INFO  o.e.m.c.i.e.AbstractTransferListenerAdapter - Downloading https://repo.maven.apache.org/maven2/org/apache/httpcomponents/httpclient/4.5.3/httpclient-4.5.3.pom
2022-02-22 22:23:47,222 [Worker-27: Building] INFO  o.e.m.c.i.e.AbstractTransferListenerAdapter - Downloaded https://repo.maven.apache.org/maven2/org/apache/httpcomponents/httpclient/4.5.3/httpclient-4.5.3.pom
2022-02-22 22:23:47,458 [Worker-27: Building] INFO  o.e.m.c.i.e.AbstractTransferListenerAdapter - Downloading https://repo.maven.apache.org/maven2/org/apache/httpcomponents/httpcomponents-client/4.5.3/httpcomponents-client-4.5.3.pom
2022-02-22 22:23:47,740 [Worker-27: Building] INFO  o.e.m.c.i.e.AbstractTransferListenerAdapter - Downloaded https://repo.maven.apache.org/maven2/org/apache/httpcomponents/httpcomponents-client/4.5.3/httpcomponents-client-4.5.3.pom
2022-02-22 22:23:47,962 [Worker-27: Building] INFO  o.e.m.c.i.e.AbstractTransferListenerAdapter - Downloading https://repo.maven.apache.org/maven2/org/apache/httpcomponents/project/7/project-7.pom
2022-02-22 22:23:48,308 [Worker-27: Building] INFO  o.e.m.c.i.e.AbstractTransferListenerAdapter - Downloaded https://repo.maven.apache.org/maven2/org/apache/httpcomponents/project/7/project-7.pom
2022-02-22 22:23:48,555 [Worker-27: Building] INFO  o.e.m.c.i.e.AbstractTransferListenerAdapter - Downloading https://repo.maven.apache.org/maven2/org/apache/httpcomponents/httpcore/4.4.8/httpcore-4.4.8.pom
2022-02-22 22:23:48,775 [Worker-27: Building] INFO  o.e.m.c.i.e.AbstractTransferListenerAdapter - Downloaded https://repo.maven.apache.org/maven2/org/apache/httpcomponents/httpcore/4.4.8/httpcore-4.4.8.pom
2022-02-22 22:23:49,006 [Worker-27: Building] INFO  o.e.m.c.i.e.AbstractTransferListenerAdapter - Downloading https://repo.maven.apache.org/maven2/org/apache/httpcomponents/httpcomponents-core/4.4.8/httpcomponents-core-4.4.8.pom
2022-02-22 22:23:49,250 [Worker-27: Building] INFO  o.e.m.c.i.e.AbstractTransferListenerAdapter - Downloaded https://repo.maven.apache.org/maven2/org/apache/httpcomponents/httpcomponents-core/4.4.8/httpcomponents-core-4.4.8.pom
2022-02-22 22:23:49,490 [Worker-27: Building] INFO  o.e.m.c.i.e.AbstractTransferListenerAdapter - Downloading https://repo.maven.apache.org/maven2/org/springframework/retry/spring-retry/1.2.1.RELEASE/spring-retry-1.2.1.RELEASE.pom
2022-02-22 22:23:49,731 [Worker-27: Building] INFO  o.e.m.c.i.e.AbstractTransferListenerAdapter - Downloaded https://repo.maven.apache.org/maven2/org/springframework/retry/spring-retry/1.2.1.RELEASE/spring-retry-1.2.1.RELEASE.pom
2022-02-22 22:23:49,964 [Worker-27: Building] INFO  o.e.m.c.i.e.AbstractTransferListenerAdapter - Downloading https://repo.maven.apache.org/maven2/org/springframework/spring-framework-bom/4.3.9.RELEASE/spring-framework-bom-4.3.9.RELEASE.pom
2022-02-22 22:23:50,193 [Worker-27: Building] INFO  o.e.m.c.i.e.AbstractTransferListenerAdapter - Downloaded https://repo.maven.apache.org/maven2/org/springframework/spring-framework-bom/4.3.9.RELEASE/spring-framework-bom-4.3.9.RELEASE.pom
2022-02-22 22:23:50,448 [Worker-27: Building] INFO  o.e.m.c.i.e.AbstractTransferListenerAdapter - Downloading https://repo.maven.apache.org/maven2/org/springframework/amqp/spring-amqp/1.7.4.RELEASE/spring-amqp-1.7.4.RELEASE.pom
2022-02-22 22:23:50,666 [Worker-27: Building] INFO  o.e.m.c.i.e.AbstractTransferListenerAdapter - Downloaded https://repo.maven.apache.org/maven2/org/springframework/amqp/spring-amqp/1.7.4.RELEASE/spring-amqp-1.7.4.RELEASE.pom
2022-02-22 22:23:51,054 [AetherRepositoryConnector-repo.maven.apache.org-0-2] INFO  o.e.m.c.i.e.AbstractTransferListenerAdapter - Downloading https://repo.maven.apache.org/maven2/org/springframework/amqp/spring-rabbit/1.7.4.RELEASE/spring-rabbit-1.7.4.RELEASE.jar
2022-02-22 22:23:51,360 [AetherRepositoryConnector-repo.maven.apache.org-0-0] INFO  o.e.m.c.i.e.AbstractTransferListenerAdapter - Downloading https://repo.maven.apache.org/maven2/org/springframework/boot/spring-boot-starter-amqp/1.5.9.RELEASE/spring-boot-starter-amqp-1.5.9.RELEASE.jar
2022-02-22 22:23:51,360 [AetherRepositoryConnector-repo.maven.apache.org-0-1] INFO  o.e.m.c.i.e.AbstractTransferListenerAdapter - Downloading https://repo.maven.apache.org/maven2/org/springframework/spring-messaging/4.3.13.RELEASE/spring-messaging-4.3.13.RELEASE.jar
2022-02-22 22:23:51,360 [AetherRepositoryConnector-repo.maven.apache.org-0-4] INFO  o.e.m.c.i.e.AbstractTransferListenerAdapter - Downloading https://repo.maven.apache.org/maven2/org/apache/httpcomponents/httpcore/4.4.8/httpcore-4.4.8.jar
2022-02-22 22:23:51,360 [AetherRepositoryConnector-repo.maven.apache.org-0-3] INFO  o.e.m.c.i.e.AbstractTransferListenerAdapter - Downloading https://repo.maven.apache.org/maven2/org/apache/httpcomponents/httpclient/4.5.3/httpclient-4.5.3.jar
2022-02-22 22:23:51,830 [AetherRepositoryConnector-repo.maven.apache.org-0-0] INFO  o.e.m.c.i.e.AbstractTransferListenerAdapter - Downloaded https://repo.maven.apache.org/maven2/org/springframework/boot/spring-boot-starter-amqp/1.5.9.RELEASE/spring-boot-starter-amqp-1.5.9.RELEASE.jar
2022-02-22 22:23:52,088 [AetherRepositoryConnector-repo.maven.apache.org-0-0] INFO  o.e.m.c.i.e.AbstractTransferListenerAdapter - Downloading https://repo.maven.apache.org/maven2/org/springframework/retry/spring-retry/1.2.1.RELEASE/spring-retry-1.2.1.RELEASE.jar
2022-02-22 22:23:54,957 [AetherRepositoryConnector-repo.maven.apache.org-0-0] INFO  o.e.m.c.i.e.AbstractTransferListenerAdapter - Downloaded https://repo.maven.apache.org/maven2/org/springframework/retry/spring-retry/1.2.1.RELEASE/spring-retry-1.2.1.RELEASE.jar
2022-02-22 22:23:55,193 [AetherRepositoryConnector-repo.maven.apache.org-0-0] INFO  o.e.m.c.i.e.AbstractTransferListenerAdapter - Downloading https://repo.maven.apache.org/maven2/org/springframework/amqp/spring-amqp/1.7.4.RELEASE/spring-amqp-1.7.4.RELEASE.jar
2022-02-22 22:24:00,121 [AetherRepositoryConnector-repo.maven.apache.org-0-4] INFO  o.e.m.c.i.e.AbstractTransferListenerAdapter - Downloaded https://repo.maven.apache.org/maven2/org/apache/httpcomponents/httpcore/4.4.8/httpcore-4.4.8.jar
2022-02-22 22:24:00,564 [AetherRepositoryConnector-repo.maven.apache.org-0-0] INFO  o.e.m.c.i.e.AbstractTransferListenerAdapter - Downloaded https://repo.maven.apache.org/maven2/org/springframework/amqp/spring-amqp/1.7.4.RELEASE/spring-amqp-1.7.4.RELEASE.jar
2022-02-22 22:24:01,937 [AetherRepositoryConnector-repo.maven.apache.org-0-2] INFO  o.e.m.c.i.e.AbstractTransferListenerAdapter - Downloaded https://repo.maven.apache.org/maven2/org/springframework/amqp/spring-rabbit/1.7.4.RELEASE/spring-rabbit-1.7.4.RELEASE.jar
2022-02-22 22:24:02,169 [AetherRepositoryConnector-repo.maven.apache.org-0-1] INFO  o.e.m.c.i.e.AbstractTransferListenerAdapter - Downloaded https://repo.maven.apache.org/maven2/org/springframework/spring-messaging/4.3.13.RELEASE/spring-messaging-4.3.13.RELEASE.jar
2022-02-22 22:24:04,868 [AetherRepositoryConnector-repo.maven.apache.org-0-3] INFO  o.e.m.c.i.e.AbstractTransferListenerAdapter - Downloaded https://repo.maven.apache.org/maven2/org/apache/httpcomponents/httpclient/4.5.3/httpclient-4.5.3.jar
2022-02-22 22:24:05,553 [Worker-27: Building] INFO  o.e.m.c.i.l.LifecycleMappingFactory - Using org.eclipse.m2e.jdt.JarLifecycleMapping lifecycle mapping for MavenProject: com.kirin:miaosha_3:0.0.1-SNAPSHOT @ E:\Work\ideajava\GraduationProject\SecKill\SecKill\miaosha_4\pom.xml.
2022-02-22 22:24:06,107 [Worker-27: Building] INFO  o.e.m.c.i.embedder.EclipseLogger - Using 'UTF-8' encoding to copy filtered resources.
2022-02-22 22:24:06,109 [Worker-27: Building] INFO  o.e.m.c.i.embedder.EclipseLogger - Copying 0 resource
2022-02-22 22:24:06,110 [Worker-27: Building] INFO  o.e.m.c.i.embedder.EclipseLogger - Copying 0 resource
2022-02-22 22:24:06,112 [Worker-27: Building] INFO  o.e.m.c.i.embedder.EclipseLogger - Using 'UTF-8' encoding to copy filtered resources.
2022-02-22 22:24:06,112 [Worker-27: Building] INFO  o.e.m.c.i.embedder.EclipseLogger - skip non existing resourceDirectory E:\Work\ideajava\GraduationProject\SecKill\SecKill\miaosha_4\src\test\resources
2022-02-22 22:24:08,049 [Worker-28: Building] INFO  o.e.m.c.i.embedder.EclipseLogger - Using 'UTF-8' encoding to copy filtered resources.
2022-02-22 22:24:08,057 [Worker-28: Building] INFO  o.e.m.c.i.embedder.EclipseLogger - Copying 1 resource
2022-02-22 22:24:08,072 [Worker-28: Building] INFO  o.e.m.c.i.embedder.EclipseLogger - Copying 41 resources
2022-02-22 22:24:08,181 [Worker-28: Building] INFO  o.e.m.c.i.embedder.EclipseLogger - Using 'UTF-8' encoding to copy filtered resources.
2022-02-22 22:24:08,182 [Worker-28: Building] INFO  o.e.m.c.i.embedder.EclipseLogger - skip non existing resourceDirectory E:\Work\ideajava\GraduationProject\SecKill\SecKill\miaosha_4\src\test\resources
2022-02-22 22:24:08,320 [Worker-27: Download sources and javadoc] INFO  o.e.m.c.i.e.AbstractTransferListenerAdapter - Downloading https://repo.maven.apache.org/maven2/org/springframework/boot/spring-boot-starter-amqp/1.5.9.RELEASE/spring-boot-starter-amqp-1.5.9.RELEASE-sources.jar
2022-02-22 22:24:08,682 [Worker-27: Download sources and javadoc] INFO  o.e.m.c.i.e.AbstractTransferListenerAdapter - Downloaded https://repo.maven.apache.org/maven2/org/springframework/boot/spring-boot-starter-amqp/1.5.9.RELEASE/spring-boot-starter-amqp-1.5.9.RELEASE-sources.jar
2022-02-22 22:24:08,751 [Worker-27: Download sources and javadoc] INFO  o.e.m.j.internal.DownloadSourcesJob - Downloaded sources for org.springframework.boot:spring-boot-starter-amqp:1.5.9.RELEASE
2022-02-22 22:24:09,599 [Worker-27: Download sources and javadoc] INFO  o.e.m.c.i.e.AbstractTransferListenerAdapter - Downloading https://repo.maven.apache.org/maven2/org/springframework/spring-messaging/4.3.13.RELEASE/spring-messaging-4.3.13.RELEASE-sources.jar
2022-02-22 22:24:10,514 [Worker-27: Download sources and javadoc] INFO  o.e.m.c.i.e.AbstractTransferListenerAdapter - Downloaded https://repo.maven.apache.org/maven2/org/springframework/spring-messaging/4.3.13.RELEASE/spring-messaging-4.3.13.RELEASE-sources.jar
2022-02-22 22:24:10,592 [Worker-27: Download sources and javadoc] INFO  o.e.m.j.internal.DownloadSourcesJob - Downloaded sources for org.springframework:spring-messaging:4.3.13.RELEASE
2022-02-22 22:24:11,417 [Worker-27: Download sources and javadoc] INFO  o.e.m.c.i.e.AbstractTransferListenerAdapter - Downloading https://repo.maven.apache.org/maven2/org/springframework/amqp/spring-rabbit/1.7.4.RELEASE/spring-rabbit-1.7.4.RELEASE-sources.jar
2022-02-22 22:24:12,381 [Worker-27: Download sources and javadoc] INFO  o.e.m.c.i.e.AbstractTransferListenerAdapter - Downloaded https://repo.maven.apache.org/maven2/org/springframework/amqp/spring-rabbit/1.7.4.RELEASE/spring-rabbit-1.7.4.RELEASE-sources.jar
2022-02-22 22:24:12,618 [Worker-27: Download sources and javadoc] INFO  o.e.m.j.internal.DownloadSourcesJob - Downloaded sources for org.springframework.amqp:spring-rabbit:1.7.4.RELEASE
2022-02-22 22:24:13,420 [Worker-27: Download sources and javadoc] INFO  o.e.m.c.i.e.AbstractTransferListenerAdapter - Downloading https://repo.maven.apache.org/maven2/com/rabbitmq/http-client/1.1.1.RELEASE/http-client-1.1.1.RELEASE-sources.jar
2022-02-22 22:24:14,403 [Worker-27: Download sources and javadoc] INFO  o.e.m.c.i.e.AbstractTransferListenerAdapter - Downloaded https://repo.maven.apache.org/maven2/com/rabbitmq/http-client/1.1.1.RELEASE/http-client-1.1.1.RELEASE-sources.jar
2022-02-22 22:24:14,474 [Worker-27: Download sources and javadoc] INFO  o.e.m.j.internal.DownloadSourcesJob - Downloaded sources for com.rabbitmq:http-client:1.1.1.RELEASE
2022-02-22 22:24:15,762 [Worker-27: Download sources and javadoc] INFO  o.e.m.c.i.e.AbstractTransferListenerAdapter - Downloading https://repo.maven.apache.org/maven2/org/apache/httpcomponents/httpclient/4.5.3/httpclient-4.5.3-sources.jar
2022-02-22 22:24:17,696 [Worker-27: Download sources and javadoc] INFO  o.e.m.c.i.e.AbstractTransferListenerAdapter - Downloaded https://repo.maven.apache.org/maven2/org/apache/httpcomponents/httpclient/4.5.3/httpclient-4.5.3-sources.jar
2022-02-22 22:24:17,753 [Worker-27: Download sources and javadoc] INFO  o.e.m.j.internal.DownloadSourcesJob - Downloaded sources for org.apache.httpcomponents:httpclient:4.5.3
2022-02-22 22:24:19,074 [Worker-27: Download sources and javadoc] INFO  o.e.m.c.i.e.AbstractTransferListenerAdapter - Downloading https://repo.maven.apache.org/maven2/org/apache/httpcomponents/httpcore/4.4.8/httpcore-4.4.8-sources.jar
2022-02-22 22:24:20,669 [Worker-27: Download sources and javadoc] INFO  o.e.m.c.i.e.AbstractTransferListenerAdapter - Downloaded https://repo.maven.apache.org/maven2/org/apache/httpcomponents/httpcore/4.4.8/httpcore-4.4.8-sources.jar
2022-02-22 22:24:20,718 [Worker-27: Download sources and javadoc] INFO  o.e.m.j.internal.DownloadSourcesJob - Downloaded sources for org.apache.httpcomponents:httpcore:4.4.8
2022-02-22 22:24:21,979 [Worker-27: Download sources and javadoc] INFO  o.e.m.c.i.e.AbstractTransferListenerAdapter - Downloading https://repo.maven.apache.org/maven2/com/rabbitmq/amqp-client/4.0.3/amqp-client-4.0.3-sources.jar
2022-02-22 22:24:23,365 [Worker-27: Download sources and javadoc] INFO  o.e.m.c.i.e.AbstractTransferListenerAdapter - Downloaded https://repo.maven.apache.org/maven2/com/rabbitmq/amqp-client/4.0.3/amqp-client-4.0.3-sources.jar
2022-02-22 22:24:23,414 [Worker-27: Download sources and javadoc] INFO  o.e.m.j.internal.DownloadSourcesJob - Downloaded sources for com.rabbitmq:amqp-client:4.0.3
2022-02-22 22:24:24,624 [Worker-27: Download sources and javadoc] INFO  o.e.m.c.i.e.AbstractTransferListenerAdapter - Downloading https://repo.maven.apache.org/maven2/org/springframework/retry/spring-retry/1.2.1.RELEASE/spring-retry-1.2.1.RELEASE-sources.jar
2022-02-22 22:24:25,621 [Worker-27: Download sources and javadoc] INFO  o.e.m.c.i.e.AbstractTransferListenerAdapter - Downloaded https://repo.maven.apache.org/maven2/org/springframework/retry/spring-retry/1.2.1.RELEASE/spring-retry-1.2.1.RELEASE-sources.jar
2022-02-22 22:24:25,676 [Worker-27: Download sources and javadoc] INFO  o.e.m.j.internal.DownloadSourcesJob - Downloaded sources for org.springframework.retry:spring-retry:1.2.1.RELEASE
2022-02-22 22:24:26,895 [Worker-27: Download sources and javadoc] INFO  o.e.m.c.i.e.AbstractTransferListenerAdapter - Downloading https://repo.maven.apache.org/maven2/org/springframework/amqp/spring-amqp/1.7.4.RELEASE/spring-amqp-1.7.4.RELEASE-sources.jar
2022-02-22 22:24:27,822 [Worker-27: Download sources and javadoc] INFO  o.e.m.c.i.e.AbstractTransferListenerAdapter - Downloaded https://repo.maven.apache.org/maven2/org/springframework/amqp/spring-amqp/1.7.4.RELEASE/spring-amqp-1.7.4.RELEASE-sources.jar
2022-02-22 22:24:27,876 [Worker-27: Download sources and javadoc] INFO  o.e.m.j.internal.DownloadSourcesJob - Downloaded sources for org.springframework.amqp:spring-amqp:1.7.4.RELEASE
2022-02-22 22:24:28,432 [Worker-27: Building] INFO  o.e.m.c.i.embedder.EclipseLogger - Using 'UTF-8' encoding to copy filtered resources.
2022-02-22 22:24:28,432 [Worker-27: Building] INFO  o.e.m.c.i.embedder.EclipseLogger - Copying 0 resource
2022-02-22 22:24:28,432 [Worker-27: Building] INFO  o.e.m.c.i.embedder.EclipseLogger - Copying 0 resource
2022-02-22 22:24:28,434 [Worker-27: Building] INFO  o.e.m.c.i.embedder.EclipseLogger - Using 'UTF-8' encoding to copy filtered resources.
2022-02-22 22:24:28,434 [Worker-27: Building] INFO  o.e.m.c.i.embedder.EclipseLogger - skip non existing resourceDirectory E:\Work\ideajava\GraduationProject\SecKill\SecKill\miaosha_4\src\test\resources
2022-02-22 22:33:04,793 [Worker-34: Building] INFO  o.e.m.c.i.embedder.EclipseLogger - Using 'UTF-8' encoding to copy filtered resources.
2022-02-22 22:33:04,794 [Worker-34: Building] INFO  o.e.m.c.i.embedder.EclipseLogger - Copying 1 resource
2022-02-22 22:33:04,796 [Worker-34: Building] INFO  o.e.m.c.i.embedder.EclipseLogger - Copying 0 resource
2022-02-22 22:33:04,798 [Worker-34: Building] INFO  o.e.m.c.i.embedder.EclipseLogger - Using 'UTF-8' encoding to copy filtered resources.
2022-02-22 22:33:04,798 [Worker-34: Building] INFO  o.e.m.c.i.embedder.EclipseLogger - skip non existing resourceDirectory E:\Work\ideajava\GraduationProject\SecKill\SecKill\miaosha_4\src\test\resources
2022-02-22 22:33:32,837 [Worker-34: Building] INFO  o.e.m.c.i.embedder.EclipseLogger - Using 'UTF-8' encoding to copy filtered resources.
2022-02-22 22:33:32,850 [Worker-34: Building] INFO  o.e.m.c.i.embedder.EclipseLogger - Copying 1 resource
2022-02-22 22:33:32,861 [Worker-34: Building] INFO  o.e.m.c.i.embedder.EclipseLogger - Copying 41 resources
2022-02-22 22:33:32,876 [Worker-34: Building] INFO  o.e.m.c.i.embedder.EclipseLogger - Using 'UTF-8' encoding to copy filtered resources.
2022-02-22 22:33:32,877 [Worker-34: Building] INFO  o.e.m.c.i.embedder.EclipseLogger - skip non existing resourceDirectory E:\Work\ideajava\GraduationProject\SecKill\SecKill\miaosha_4\src\test\resources
2022-02-22 22:34:03,824 [Worker-32: Building] INFO  o.e.m.c.i.embedder.EclipseLogger - Using 'UTF-8' encoding to copy filtered resources.
2022-02-22 22:34:03,835 [Worker-32: Building] INFO  o.e.m.c.i.embedder.EclipseLogger - Copying 1 resource
2022-02-22 22:34:03,847 [Worker-32: Building] INFO  o.e.m.c.i.embedder.EclipseLogger - Copying 41 resources
2022-02-22 22:34:03,865 [Worker-32: Building] INFO  o.e.m.c.i.embedder.EclipseLogger - Using 'UTF-8' encoding to copy filtered resources.
2022-02-22 22:34:03,865 [Worker-32: Building] INFO  o.e.m.c.i.embedder.EclipseLogger - skip non existing resourceDirectory E:\Work\ideajava\GraduationProject\SecKill\SecKill\miaosha_4\src\test\resources
2022-02-22 22:34:37,987 [Worker-35: Building] INFO  o.e.m.c.i.embedder.EclipseLogger - Using 'UTF-8' encoding to copy filtered resources.
2022-02-22 22:34:37,995 [Worker-35: Building] INFO  o.e.m.c.i.embedder.EclipseLogger - Copying 1 resource
2022-02-22 22:34:38,007 [Worker-35: Building] INFO  o.e.m.c.i.embedder.EclipseLogger - Copying 41 resources
2022-02-22 22:34:38,024 [Worker-35: Building] INFO  o.e.m.c.i.embedder.EclipseLogger - Using 'UTF-8' encoding to copy filtered resources.
2022-02-22 22:34:38,024 [Worker-35: Building] INFO  o.e.m.c.i.embedder.EclipseLogger - skip non existing resourceDirectory E:\Work\ideajava\GraduationProject\SecKill\SecKill\miaosha_4\src\test\resources
2022-02-22 22:35:02,053 [Worker-36: Building] INFO  o.e.m.c.i.embedder.EclipseLogger - Using 'UTF-8' encoding to copy filtered resources.
2022-02-22 22:35:02,062 [Worker-36: Building] INFO  o.e.m.c.i.embedder.EclipseLogger - Copying 1 resource
2022-02-22 22:35:02,072 [Worker-36: Building] INFO  o.e.m.c.i.embedder.EclipseLogger - Copying 41 resources
2022-02-22 22:35:02,088 [Worker-36: Building] INFO  o.e.m.c.i.embedder.EclipseLogger - Using 'UTF-8' encoding to copy filtered resources.
2022-02-22 22:35:02,088 [Worker-36: Building] INFO  o.e.m.c.i.embedder.EclipseLogger - skip non existing resourceDirectory E:\Work\ideajava\GraduationProject\SecKill\SecKill\miaosha_4\src\test\resources
2022-02-22 22:35:04,870 [Worker-16: Building] INFO  o.e.m.c.i.embedder.EclipseLogger - Using 'UTF-8' encoding to copy filtered resources.
2022-02-22 22:35:04,878 [Worker-16: Building] INFO  o.e.m.c.i.embedder.EclipseLogger - Copying 1 resource
2022-02-22 22:35:04,900 [Worker-16: Building] INFO  o.e.m.c.i.embedder.EclipseLogger - Copying 41 resources
2022-02-22 22:35:04,909 [Worker-16: Building] INFO  o.e.m.c.i.embedder.EclipseLogger - Using 'UTF-8' encoding to copy filtered resources.
2022-02-22 22:35:04,910 [Worker-16: Building] INFO  o.e.m.c.i.embedder.EclipseLogger - skip non existing resourceDirectory E:\Work\ideajava\GraduationProject\SecKill\SecKill\miaosha_4\src\test\resources
2022-02-22 22:38:06,564 [Worker-32: Building] INFO  o.e.m.c.i.embedder.EclipseLogger - Using 'UTF-8' encoding to copy filtered resources.
2022-02-22 22:38:06,565 [Worker-32: Building] INFO  o.e.m.c.i.embedder.EclipseLogger - Copying 1 resource
2022-02-22 22:38:06,566 [Worker-32: Building] INFO  o.e.m.c.i.embedder.EclipseLogger - Copying 0 resource
2022-02-22 22:38:06,568 [Worker-32: Building] INFO  o.e.m.c.i.embedder.EclipseLogger - Using 'UTF-8' encoding to copy filtered resources.
2022-02-22 22:38:06,568 [Worker-32: Building] INFO  o.e.m.c.i.embedder.EclipseLogger - skip non existing resourceDirectory E:\Work\ideajava\GraduationProject\SecKill\SecKill\miaosha_4\src\test\resources
2022-02-23 13:17:19,143 [Worker-3: Loading available Gradle versions] INFO  o.e.b.c.i.u.g.PublishedGradleVersions - Gradle version information cache is out-of-date. Trying to update.
2022-02-23 13:22:30,358 [Worker-19: Building] INFO  o.e.m.c.i.embedder.EclipseLogger - Using 'UTF-8' encoding to copy filtered resources.
2022-02-23 13:22:30,363 [Worker-19: Building] INFO  o.e.m.c.i.embedder.EclipseLogger - Copying 1 resource
2022-02-23 13:22:30,381 [Worker-19: Building] INFO  o.e.m.c.i.embedder.EclipseLogger - Copying 41 resources
2022-02-23 13:22:30,404 [Worker-19: Building] INFO  o.e.m.c.i.embedder.EclipseLogger - Using 'UTF-8' encoding to copy filtered resources.
2022-02-23 13:22:30,405 [Worker-19: Building] INFO  o.e.m.c.i.embedder.EclipseLogger - skip non existing resourceDirectory E:\Work\ideajava\GraduationProject\SecKill\SecKill\miaosha_4\src\test\resources
2022-02-23 13:22:36,380 [Worker-21: Building] INFO  o.e.m.c.i.embedder.EclipseLogger - Using 'UTF-8' encoding to copy filtered resources.
2022-02-23 13:22:36,393 [Worker-21: Building] INFO  o.e.m.c.i.embedder.EclipseLogger - Copying 1 resource
2022-02-23 13:22:36,406 [Worker-21: Building] INFO  o.e.m.c.i.embedder.EclipseLogger - Copying 41 resources
2022-02-23 13:22:36,423 [Worker-21: Building] INFO  o.e.m.c.i.embedder.EclipseLogger - Using 'UTF-8' encoding to copy filtered resources.
2022-02-23 13:22:36,423 [Worker-21: Building] INFO  o.e.m.c.i.embedder.EclipseLogger - skip non existing resourceDirectory E:\Work\ideajava\GraduationProject\SecKill\SecKill\miaosha_4\src\test\resources
2022-02-23 13:24:02,091 [Worker-3: Building] INFO  o.e.m.c.i.embedder.EclipseLogger - Using 'UTF-8' encoding to copy filtered resources.
2022-02-23 13:24:02,100 [Worker-3: Building] INFO  o.e.m.c.i.embedder.EclipseLogger - Copying 1 resource
2022-02-23 13:24:02,110 [Worker-3: Building] INFO  o.e.m.c.i.embedder.EclipseLogger - Copying 41 resources
2022-02-23 13:24:02,122 [Worker-3: Building] INFO  o.e.m.c.i.embedder.EclipseLogger - Using 'UTF-8' encoding to copy filtered resources.
2022-02-23 13:24:02,122 [Worker-3: Building] INFO  o.e.m.c.i.embedder.EclipseLogger - skip non existing resourceDirectory E:\Work\ideajava\GraduationProject\SecKill\SecKill\miaosha_4\src\test\resources
2022-02-23 13:32:56,719 [Worker-19: Building] INFO  o.e.m.c.i.embedder.EclipseLogger - Using 'UTF-8' encoding to copy filtered resources.
2022-02-23 13:32:56,725 [Worker-19: Building] INFO  o.e.m.c.i.embedder.EclipseLogger - Copying 1 resource
2022-02-23 13:32:56,732 [Worker-19: Building] INFO  o.e.m.c.i.embedder.EclipseLogger - Copying 41 resources
2022-02-23 13:32:56,744 [Worker-19: Building] INFO  o.e.m.c.i.embedder.EclipseLogger - Using 'UTF-8' encoding to copy filtered resources.
2022-02-23 13:32:56,745 [Worker-19: Building] INFO  o.e.m.c.i.embedder.EclipseLogger - skip non existing resourceDirectory E:\Work\ideajava\GraduationProject\SecKill\SecKill\miaosha_4\src\test\resources
2022-02-23 13:32:58,434 [Worker-27: Building] INFO  o.e.m.c.i.embedder.EclipseLogger - Using 'UTF-8' encoding to copy filtered resources.
2022-02-23 13:32:58,440 [Worker-27: Building] INFO  o.e.m.c.i.embedder.EclipseLogger - Copying 1 resource
2022-02-23 13:32:58,446 [Worker-27: Building] INFO  o.e.m.c.i.embedder.EclipseLogger - Copying 41 resources
2022-02-23 13:32:58,455 [Worker-27: Building] INFO  o.e.m.c.i.embedder.EclipseLogger - Using 'UTF-8' encoding to copy filtered resources.
2022-02-23 13:32:58,455 [Worker-27: Building] INFO  o.e.m.c.i.embedder.EclipseLogger - skip non existing resourceDirectory E:\Work\ideajava\GraduationProject\SecKill\SecKill\miaosha_4\src\test\resources
2022-02-23 13:32:59,985 [Worker-27: Building] INFO  o.e.m.c.i.embedder.EclipseLogger - Using 'UTF-8' encoding to copy filtered resources.
2022-02-23 13:32:59,990 [Worker-27: Building] INFO  o.e.m.c.i.embedder.EclipseLogger - Copying 1 resource
2022-02-23 13:32:59,997 [Worker-27: Building] INFO  o.e.m.c.i.embedder.EclipseLogger - Copying 41 resources
2022-02-23 13:33:00,009 [Worker-27: Building] INFO  o.e.m.c.i.embedder.EclipseLogger - Using 'UTF-8' encoding to copy filtered resources.
2022-02-23 13:33:00,010 [Worker-27: Building] INFO  o.e.m.c.i.embedder.EclipseLogger - skip non existing resourceDirectory E:\Work\ideajava\GraduationProject\SecKill\SecKill\miaosha_4\src\test\resources
2022-02-23 13:33:01,958 [Worker-19: Building] INFO  o.e.m.c.i.embedder.EclipseLogger - Using 'UTF-8' encoding to copy filtered resources.
2022-02-23 13:33:01,963 [Worker-19: Building] INFO  o.e.m.c.i.embedder.EclipseLogger - Copying 1 resource
2022-02-23 13:33:01,969 [Worker-19: Building] INFO  o.e.m.c.i.embedder.EclipseLogger - Copying 41 resources
2022-02-23 13:33:01,978 [Worker-19: Building] INFO  o.e.m.c.i.embedder.EclipseLogger - Using 'UTF-8' encoding to copy filtered resources.
2022-02-23 13:33:01,979 [Worker-19: Building] INFO  o.e.m.c.i.embedder.EclipseLogger - skip non existing resourceDirectory E:\Work\ideajava\GraduationProject\SecKill\SecKill\miaosha_4\src\test\resources
2022-02-23 13:42:28,876 [Worker-28: Building] INFO  o.e.m.c.i.embedder.EclipseLogger - Using 'UTF-8' encoding to copy filtered resources.
2022-02-23 13:42:28,885 [Worker-28: Building] INFO  o.e.m.c.i.embedder.EclipseLogger - Copying 1 resource
2022-02-23 13:42:28,892 [Worker-28: Building] INFO  o.e.m.c.i.embedder.EclipseLogger - Copying 41 resources
2022-02-23 13:42:28,905 [Worker-28: Building] INFO  o.e.m.c.i.embedder.EclipseLogger - Using 'UTF-8' encoding to copy filtered resources.
2022-02-23 13:42:28,906 [Worker-28: Building] INFO  o.e.m.c.i.embedder.EclipseLogger - skip non existing resourceDirectory E:\Work\ideajava\GraduationProject\SecKill\SecKill\miaosha_4\src\test\resources
2022-02-23 13:42:41,873 [Worker-24: Building] INFO  o.e.m.c.i.embedder.EclipseLogger - Using 'UTF-8' encoding to copy filtered resources.
2022-02-23 13:42:41,881 [Worker-24: Building] INFO  o.e.m.c.i.embedder.EclipseLogger - Copying 1 resource
2022-02-23 13:42:41,887 [Worker-24: Building] INFO  o.e.m.c.i.embedder.EclipseLogger - Copying 41 resources
2022-02-23 13:42:41,897 [Worker-24: Building] INFO  o.e.m.c.i.embedder.EclipseLogger - Using 'UTF-8' encoding to copy filtered resources.
2022-02-23 13:42:41,897 [Worker-24: Building] INFO  o.e.m.c.i.embedder.EclipseLogger - skip non existing resourceDirectory E:\Work\ideajava\GraduationProject\SecKill\SecKill\miaosha_4\src\test\resources
2022-02-23 13:48:20,113 [Worker-28: Building] INFO  o.e.m.c.i.embedder.EclipseLogger - Using 'UTF-8' encoding to copy filtered resources.
2022-02-23 13:48:20,121 [Worker-28: Building] INFO  o.e.m.c.i.embedder.EclipseLogger - Copying 1 resource
2022-02-23 13:48:20,128 [Worker-28: Building] INFO  o.e.m.c.i.embedder.EclipseLogger - Copying 41 resources
2022-02-23 13:48:20,138 [Worker-28: Building] INFO  o.e.m.c.i.embedder.EclipseLogger - Using 'UTF-8' encoding to copy filtered resources.
2022-02-23 13:48:20,138 [Worker-28: Building] INFO  o.e.m.c.i.embedder.EclipseLogger - skip non existing resourceDirectory E:\Work\ideajava\GraduationProject\SecKill\SecKill\miaosha_4\src\test\resources
2022-02-23 13:48:24,390 [Worker-32: Building] INFO  o.e.m.c.i.embedder.EclipseLogger - Using 'UTF-8' encoding to copy filtered resources.
2022-02-23 13:48:24,395 [Worker-32: Building] INFO  o.e.m.c.i.embedder.EclipseLogger - Copying 1 resource
2022-02-23 13:48:24,401 [Worker-32: Building] INFO  o.e.m.c.i.embedder.EclipseLogger - Copying 41 resources
2022-02-23 13:48:24,410 [Worker-32: Building] INFO  o.e.m.c.i.embedder.EclipseLogger - Using 'UTF-8' encoding to copy filtered resources.
2022-02-23 13:48:24,410 [Worker-32: Building] INFO  o.e.m.c.i.embedder.EclipseLogger - skip non existing resourceDirectory E:\Work\ideajava\GraduationProject\SecKill\SecKill\miaosha_4\src\test\resources
2022-02-23 13:48:26,760 [Worker-25: Building] INFO  o.e.m.c.i.embedder.EclipseLogger - Using 'UTF-8' encoding to copy filtered resources.
2022-02-23 13:48:26,766 [Worker-25: Building] INFO  o.e.m.c.i.embedder.EclipseLogger - Copying 1 resource
2022-02-23 13:48:26,773 [Worker-25: Building] INFO  o.e.m.c.i.embedder.EclipseLogger - Copying 41 resources
2022-02-23 13:48:26,782 [Worker-25: Building] INFO  o.e.m.c.i.embedder.EclipseLogger - Using 'UTF-8' encoding to copy filtered resources.
2022-02-23 13:48:26,782 [Worker-25: Building] INFO  o.e.m.c.i.embedder.EclipseLogger - skip non existing resourceDirectory E:\Work\ideajava\GraduationProject\SecKill\SecKill\miaosha_4\src\test\resources
2022-02-23 13:48:52,743 [Worker-25: Building] INFO  o.e.m.c.i.embedder.EclipseLogger - Using 'UTF-8' encoding to copy filtered resources.
2022-02-23 13:48:52,748 [Worker-25: Building] INFO  o.e.m.c.i.embedder.EclipseLogger - Copying 1 resource
2022-02-23 13:48:52,755 [Worker-25: Building] INFO  o.e.m.c.i.embedder.EclipseLogger - Copying 41 resources
2022-02-23 13:48:52,762 [Worker-25: Building] INFO  o.e.m.c.i.embedder.EclipseLogger - Using 'UTF-8' encoding to copy filtered resources.
2022-02-23 13:48:52,762 [Worker-25: Building] INFO  o.e.m.c.i.embedder.EclipseLogger - skip non existing resourceDirectory E:\Work\ideajava\GraduationProject\SecKill\SecKill\miaosha_4\src\test\resources
2022-02-23 13:50:22,929 [Worker-25: Building] INFO  o.e.m.c.i.embedder.EclipseLogger - Using 'UTF-8' encoding to copy filtered resources.
2022-02-23 13:50:22,934 [Worker-25: Building] INFO  o.e.m.c.i.embedder.EclipseLogger - Copying 1 resource
2022-02-23 13:50:22,940 [Worker-25: Building] INFO  o.e.m.c.i.embedder.EclipseLogger - Copying 41 resources
2022-02-23 13:50:22,948 [Worker-25: Building] INFO  o.e.m.c.i.embedder.EclipseLogger - Using 'UTF-8' encoding to copy filtered resources.
2022-02-23 13:50:22,948 [Worker-25: Building] INFO  o.e.m.c.i.embedder.EclipseLogger - skip non existing resourceDirectory E:\Work\ideajava\GraduationProject\SecKill\SecKill\miaosha_4\src\test\resources
2022-02-23 14:19:48,794 [Worker-37: Building] INFO  o.e.m.c.i.embedder.EclipseLogger - Using 'UTF-8' encoding to copy filtered resources.
2022-02-23 14:19:48,800 [Worker-37: Building] INFO  o.e.m.c.i.embedder.EclipseLogger - Copying 1 resource
2022-02-23 14:19:48,806 [Worker-37: Building] INFO  o.e.m.c.i.embedder.EclipseLogger - Copying 41 resources
2022-02-23 14:19:48,815 [Worker-37: Building] INFO  o.e.m.c.i.embedder.EclipseLogger - Using 'UTF-8' encoding to copy filtered resources.
2022-02-23 14:19:48,815 [Worker-37: Building] INFO  o.e.m.c.i.embedder.EclipseLogger - skip non existing resourceDirectory E:\Work\ideajava\GraduationProject\SecKill\SecKill\miaosha_4\src\test\resources
2022-02-23 14:20:02,527 [Worker-31: Building] INFO  o.e.m.c.i.embedder.EclipseLogger - Using 'UTF-8' encoding to copy filtered resources.
2022-02-23 14:20:02,533 [Worker-31: Building] INFO  o.e.m.c.i.embedder.EclipseLogger - Copying 1 resource
2022-02-23 14:20:02,540 [Worker-31: Building] INFO  o.e.m.c.i.embedder.EclipseLogger - Copying 41 resources
2022-02-23 14:20:02,549 [Worker-31: Building] INFO  o.e.m.c.i.embedder.EclipseLogger - Using 'UTF-8' encoding to copy filtered resources.
2022-02-23 14:20:02,550 [Worker-31: Building] INFO  o.e.m.c.i.embedder.EclipseLogger - skip non existing resourceDirectory E:\Work\ideajava\GraduationProject\SecKill\SecKill\miaosha_4\src\test\resources
2022-02-23 14:25:00,716 [Worker-37: Building] INFO  o.e.m.c.i.embedder.EclipseLogger - Using 'UTF-8' encoding to copy filtered resources.
2022-02-23 14:25:00,721 [Worker-37: Building] INFO  o.e.m.c.i.embedder.EclipseLogger - Copying 1 resource
2022-02-23 14:25:00,727 [Worker-37: Building] INFO  o.e.m.c.i.embedder.EclipseLogger - Copying 41 resources
2022-02-23 14:25:00,736 [Worker-37: Building] INFO  o.e.m.c.i.embedder.EclipseLogger - Using 'UTF-8' encoding to copy filtered resources.
2022-02-23 14:25:00,736 [Worker-37: Building] INFO  o.e.m.c.i.embedder.EclipseLogger - skip non existing resourceDirectory E:\Work\ideajava\GraduationProject\SecKill\SecKill\miaosha_4\src\test\resources
2022-02-23 14:26:56,198 [Worker-35: Building] INFO  o.e.m.c.i.embedder.EclipseLogger - Using 'UTF-8' encoding to copy filtered resources.
2022-02-23 14:26:56,203 [Worker-35: Building] INFO  o.e.m.c.i.embedder.EclipseLogger - Copying 1 resource
2022-02-23 14:26:56,210 [Worker-35: Building] INFO  o.e.m.c.i.embedder.EclipseLogger - Copying 41 resources
2022-02-23 14:26:56,219 [Worker-35: Building] INFO  o.e.m.c.i.embedder.EclipseLogger - Using 'UTF-8' encoding to copy filtered resources.
2022-02-23 14:26:56,219 [Worker-35: Building] INFO  o.e.m.c.i.embedder.EclipseLogger - skip non existing resourceDirectory E:\Work\ideajava\GraduationProject\SecKill\SecKill\miaosha_4\src\test\resources
2022-02-23 14:27:02,979 [Worker-31: Building] INFO  o.e.m.c.i.embedder.EclipseLogger - Using 'UTF-8' encoding to copy filtered resources.
2022-02-23 14:27:02,984 [Worker-31: Building] INFO  o.e.m.c.i.embedder.EclipseLogger - Copying 1 resource
2022-02-23 14:27:02,990 [Worker-31: Building] INFO  o.e.m.c.i.embedder.EclipseLogger - Copying 41 resources
2022-02-23 14:27:02,999 [Worker-31: Building] INFO  o.e.m.c.i.embedder.EclipseLogger - Using 'UTF-8' encoding to copy filtered resources.
2022-02-23 14:27:02,999 [Worker-31: Building] INFO  o.e.m.c.i.embedder.EclipseLogger - skip non existing resourceDirectory E:\Work\ideajava\GraduationProject\SecKill\SecKill\miaosha_4\src\test\resources
2022-02-23 14:27:05,351 [Worker-36: Building] INFO  o.e.m.c.i.embedder.EclipseLogger - Using 'UTF-8' encoding to copy filtered resources.
2022-02-23 14:27:05,356 [Worker-36: Building] INFO  o.e.m.c.i.embedder.EclipseLogger - Copying 1 resource
2022-02-23 14:27:05,361 [Worker-36: Building] INFO  o.e.m.c.i.embedder.EclipseLogger - Copying 41 resources
2022-02-23 14:27:05,370 [Worker-36: Building] INFO  o.e.m.c.i.embedder.EclipseLogger - Using 'UTF-8' encoding to copy filtered resources.
2022-02-23 14:27:05,370 [Worker-36: Building] INFO  o.e.m.c.i.embedder.EclipseLogger - skip non existing resourceDirectory E:\Work\ideajava\GraduationProject\SecKill\SecKill\miaosha_4\src\test\resources
2022-02-23 14:33:06,327 [Worker-38: Building] INFO  o.e.m.c.i.embedder.EclipseLogger - Using 'UTF-8' encoding to copy filtered resources.
2022-02-23 14:33:06,332 [Worker-38: Building] INFO  o.e.m.c.i.embedder.EclipseLogger - Copying 1 resource
2022-02-23 14:33:06,339 [Worker-38: Building] INFO  o.e.m.c.i.embedder.EclipseLogger - Copying 41 resources
2022-02-23 14:33:06,349 [Worker-38: Building] INFO  o.e.m.c.i.embedder.EclipseLogger - Using 'UTF-8' encoding to copy filtered resources.
2022-02-23 14:33:06,350 [Worker-38: Building] INFO  o.e.m.c.i.embedder.EclipseLogger - skip non existing resourceDirectory E:\Work\ideajava\GraduationProject\SecKill\SecKill\miaosha_4\src\test\resources
2022-02-23 14:33:15,281 [Worker-36: Building] INFO  o.e.m.c.i.embedder.EclipseLogger - Using 'UTF-8' encoding to copy filtered resources.
2022-02-23 14:33:15,287 [Worker-36: Building] INFO  o.e.m.c.i.embedder.EclipseLogger - Copying 1 resource
2022-02-23 14:33:15,295 [Worker-36: Building] INFO  o.e.m.c.i.embedder.EclipseLogger - Copying 41 resources
2022-02-23 14:33:15,303 [Worker-36: Building] INFO  o.e.m.c.i.embedder.EclipseLogger - Using 'UTF-8' encoding to copy filtered resources.
2022-02-23 14:33:15,304 [Worker-36: Building] INFO  o.e.m.c.i.embedder.EclipseLogger - skip non existing resourceDirectory E:\Work\ideajava\GraduationProject\SecKill\SecKill\miaosha_4\src\test\resources
2022-02-23 14:35:34,344 [Worker-38: Building] INFO  o.e.m.c.i.embedder.EclipseLogger - Using 'UTF-8' encoding to copy filtered resources.
2022-02-23 14:35:34,349 [Worker-38: Building] INFO  o.e.m.c.i.embedder.EclipseLogger - Copying 1 resource
2022-02-23 14:35:34,356 [Worker-38: Building] INFO  o.e.m.c.i.embedder.EclipseLogger - Copying 41 resources
2022-02-23 14:35:34,365 [Worker-38: Building] INFO  o.e.m.c.i.embedder.EclipseLogger - Using 'UTF-8' encoding to copy filtered resources.
2022-02-23 14:35:34,365 [Worker-38: Building] INFO  o.e.m.c.i.embedder.EclipseLogger - skip non existing resourceDirectory E:\Work\ideajava\GraduationProject\SecKill\SecKill\miaosha_4\src\test\resources
2022-02-23 14:43:36,685 [Worker-38: Building] INFO  o.e.m.c.i.embedder.EclipseLogger - Using 'UTF-8' encoding to copy filtered resources.
2022-02-23 14:43:36,690 [Worker-38: Building] INFO  o.e.m.c.i.embedder.EclipseLogger - Copying 1 resource
2022-02-23 14:43:36,697 [Worker-38: Building] INFO  o.e.m.c.i.embedder.EclipseLogger - Copying 41 resources
2022-02-23 14:43:36,705 [Worker-38: Building] INFO  o.e.m.c.i.embedder.EclipseLogger - Using 'UTF-8' encoding to copy filtered resources.
2022-02-23 14:43:36,705 [Worker-38: Building] INFO  o.e.m.c.i.embedder.EclipseLogger - skip non existing resourceDirectory E:\Work\ideajava\GraduationProject\SecKill\SecKill\miaosha_4\src\test\resources
2022-02-23 14:45:02,570 [Worker-43: Building] INFO  o.e.m.c.i.embedder.EclipseLogger - Using 'UTF-8' encoding to copy filtered resources.
2022-02-23 14:45:02,575 [Worker-43: Building] INFO  o.e.m.c.i.embedder.EclipseLogger - Copying 1 resource
2022-02-23 14:45:02,582 [Worker-43: Building] INFO  o.e.m.c.i.embedder.EclipseLogger - Copying 41 resources
2022-02-23 14:45:02,590 [Worker-43: Building] INFO  o.e.m.c.i.embedder.EclipseLogger - Using 'UTF-8' encoding to copy filtered resources.
2022-02-23 14:45:02,590 [Worker-43: Building] INFO  o.e.m.c.i.embedder.EclipseLogger - skip non existing resourceDirectory E:\Work\ideajava\GraduationProject\SecKill\SecKill\miaosha_4\src\test\resources
2022-02-23 14:47:35,763 [Worker-41: Building] INFO  o.e.m.c.i.embedder.EclipseLogger - Using 'UTF-8' encoding to copy filtered resources.
2022-02-23 14:47:35,769 [Worker-41: Building] INFO  o.e.m.c.i.embedder.EclipseLogger - Copying 1 resource
2022-02-23 14:47:35,776 [Worker-41: Building] INFO  o.e.m.c.i.embedder.EclipseLogger - Copying 41 resources
2022-02-23 14:47:35,785 [Worker-41: Building] INFO  o.e.m.c.i.embedder.EclipseLogger - Using 'UTF-8' encoding to copy filtered resources.
2022-02-23 14:47:35,785 [Worker-41: Building] INFO  o.e.m.c.i.embedder.EclipseLogger - skip non existing resourceDirectory E:\Work\ideajava\GraduationProject\SecKill\SecKill\miaosha_4\src\test\resources
2022-02-23 14:50:20,820 [Worker-45: Building] INFO  o.e.m.c.i.embedder.EclipseLogger - Using 'UTF-8' encoding to copy filtered resources.
2022-02-23 14:50:20,825 [Worker-45: Building] INFO  o.e.m.c.i.embedder.EclipseLogger - Copying 1 resource
2022-02-23 14:50:20,831 [Worker-45: Building] INFO  o.e.m.c.i.embedder.EclipseLogger - Copying 41 resources
2022-02-23 14:50:20,839 [Worker-45: Building] INFO  o.e.m.c.i.embedder.EclipseLogger - Using 'UTF-8' encoding to copy filtered resources.
2022-02-23 14:50:20,839 [Worker-45: Building] INFO  o.e.m.c.i.embedder.EclipseLogger - skip non existing resourceDirectory E:\Work\ideajava\GraduationProject\SecKill\SecKill\miaosha_4\src\test\resources
2022-02-23 15:03:02,985 [Worker-56: Building] INFO  o.e.m.c.i.embedder.EclipseLogger - Using 'UTF-8' encoding to copy filtered resources.
2022-02-23 15:03:02,990 [Worker-56: Building] INFO  o.e.m.c.i.embedder.EclipseLogger - Copying 1 resource
2022-02-23 15:03:02,997 [Worker-56: Building] INFO  o.e.m.c.i.embedder.EclipseLogger - Copying 41 resources
2022-02-23 15:03:03,006 [Worker-56: Building] INFO  o.e.m.c.i.embedder.EclipseLogger - Using 'UTF-8' encoding to copy filtered resources.
2022-02-23 15:03:03,006 [Worker-56: Building] INFO  o.e.m.c.i.embedder.EclipseLogger - skip non existing resourceDirectory E:\Work\ideajava\GraduationProject\SecKill\SecKill\miaosha_4\src\test\resources
2022-02-23 15:04:46,378 [Worker-56: Building] INFO  o.e.m.c.i.embedder.EclipseLogger - Using 'UTF-8' encoding to copy filtered resources.
2022-02-23 15:04:46,383 [Worker-56: Building] INFO  o.e.m.c.i.embedder.EclipseLogger - Copying 1 resource
2022-02-23 15:04:46,389 [Worker-56: Building] INFO  o.e.m.c.i.embedder.EclipseLogger - Copying 41 resources
2022-02-23 15:04:46,397 [Worker-56: Building] INFO  o.e.m.c.i.embedder.EclipseLogger - Using 'UTF-8' encoding to copy filtered resources.
2022-02-23 15:04:46,397 [Worker-56: Building] INFO  o.e.m.c.i.embedder.EclipseLogger - skip non existing resourceDirectory E:\Work\ideajava\GraduationProject\SecKill\SecKill\miaosha_4\src\test\resources
2022-02-23 15:05:33,712 [Worker-57: Building] INFO  o.e.m.c.i.embedder.EclipseLogger - Using 'UTF-8' encoding to copy filtered resources.
2022-02-23 15:05:33,717 [Worker-57: Building] INFO  o.e.m.c.i.embedder.EclipseLogger - Copying 1 resource
2022-02-23 15:05:33,723 [Worker-57: Building] INFO  o.e.m.c.i.embedder.EclipseLogger - Copying 41 resources
2022-02-23 15:05:33,733 [Worker-57: Building] INFO  o.e.m.c.i.embedder.EclipseLogger - Using 'UTF-8' encoding to copy filtered resources.
2022-02-23 15:05:33,733 [Worker-57: Building] INFO  o.e.m.c.i.embedder.EclipseLogger - skip non existing resourceDirectory E:\Work\ideajava\GraduationProject\SecKill\SecKill\miaosha_4\src\test\resources
2022-02-23 15:07:47,690 [Worker-52: Building] INFO  o.e.m.c.i.embedder.EclipseLogger - Using 'UTF-8' encoding to copy filtered resources.
2022-02-23 15:07:47,695 [Worker-52: Building] INFO  o.e.m.c.i.embedder.EclipseLogger - Copying 1 resource
2022-02-23 15:07:47,701 [Worker-52: Building] INFO  o.e.m.c.i.embedder.EclipseLogger - Copying 41 resources
2022-02-23 15:07:47,709 [Worker-52: Building] INFO  o.e.m.c.i.embedder.EclipseLogger - Using 'UTF-8' encoding to copy filtered resources.
2022-02-23 15:07:47,709 [Worker-52: Building] INFO  o.e.m.c.i.embedder.EclipseLogger - skip non existing resourceDirectory E:\Work\ideajava\GraduationProject\SecKill\SecKill\miaosha_4\src\test\resources
2022-02-23 15:08:23,779 [Worker-57: Building] INFO  o.e.m.c.i.embedder.EclipseLogger - Using 'UTF-8' encoding to copy filtered resources.
2022-02-23 15:08:23,785 [Worker-57: Building] INFO  o.e.m.c.i.embedder.EclipseLogger - Copying 1 resource
2022-02-23 15:08:23,791 [Worker-57: Building] INFO  o.e.m.c.i.embedder.EclipseLogger - Copying 41 resources
2022-02-23 15:08:23,798 [Worker-57: Building] INFO  o.e.m.c.i.embedder.EclipseLogger - Using 'UTF-8' encoding to copy filtered resources.
2022-02-23 15:08:23,799 [Worker-57: Building] INFO  o.e.m.c.i.embedder.EclipseLogger - skip non existing resourceDirectory E:\Work\ideajava\GraduationProject\SecKill\SecKill\miaosha_4\src\test\resources
2022-02-23 15:17:39,795 [Worker-54: Building] INFO  o.e.m.c.i.embedder.EclipseLogger - Using 'UTF-8' encoding to copy filtered resources.
2022-02-23 15:17:39,800 [Worker-54: Building] INFO  o.e.m.c.i.embedder.EclipseLogger - Copying 1 resource
2022-02-23 15:17:39,809 [Worker-54: Building] INFO  o.e.m.c.i.embedder.EclipseLogger - Copying 41 resources
2022-02-23 15:17:39,818 [Worker-54: Building] INFO  o.e.m.c.i.embedder.EclipseLogger - Using 'UTF-8' encoding to copy filtered resources.
2022-02-23 15:17:39,818 [Worker-54: Building] INFO  o.e.m.c.i.embedder.EclipseLogger - skip non existing resourceDirectory E:\Work\ideajava\GraduationProject\SecKill\SecKill\miaosha_4\src\test\resources
2022-02-23 15:18:35,148 [Worker-54: Building] INFO  o.e.m.c.i.embedder.EclipseLogger - Using 'UTF-8' encoding to copy filtered resources.
2022-02-23 15:18:35,153 [Worker-54: Building] INFO  o.e.m.c.i.embedder.EclipseLogger - Copying 1 resource
2022-02-23 15:18:35,161 [Worker-54: Building] INFO  o.e.m.c.i.embedder.EclipseLogger - Copying 41 resources
2022-02-23 15:18:35,169 [Worker-54: Building] INFO  o.e.m.c.i.embedder.EclipseLogger - Using 'UTF-8' encoding to copy filtered resources.
2022-02-23 15:18:35,169 [Worker-54: Building] INFO  o.e.m.c.i.embedder.EclipseLogger - skip non existing resourceDirectory E:\Work\ideajava\GraduationProject\SecKill\SecKill\miaosha_4\src\test\resources
2022-02-23 16:18:22,609 [Worker-79: Building] INFO  o.e.m.c.i.embedder.EclipseLogger - Using 'UTF-8' encoding to copy filtered resources.
2022-02-23 16:18:22,616 [Worker-79: Building] INFO  o.e.m.c.i.embedder.EclipseLogger - Copying 1 resource
2022-02-23 16:18:22,623 [Worker-79: Building] INFO  o.e.m.c.i.embedder.EclipseLogger - Copying 41 resources
2022-02-23 16:18:22,632 [Worker-79: Building] INFO  o.e.m.c.i.embedder.EclipseLogger - Using 'UTF-8' encoding to copy filtered resources.
2022-02-23 16:18:22,632 [Worker-79: Building] INFO  o.e.m.c.i.embedder.EclipseLogger - skip non existing resourceDirectory E:\Work\ideajava\GraduationProject\SecKill\SecKill\miaosha_4\src\test\resources
2022-02-23 16:19:11,664 [Worker-82: Building] INFO  o.e.m.c.i.embedder.EclipseLogger - Using 'UTF-8' encoding to copy filtered resources.
2022-02-23 16:19:11,669 [Worker-82: Building] INFO  o.e.m.c.i.embedder.EclipseLogger - Copying 1 resource
2022-02-23 16:19:11,675 [Worker-82: Building] INFO  o.e.m.c.i.embedder.EclipseLogger - Copying 41 resources
2022-02-23 16:19:11,683 [Worker-82: Building] INFO  o.e.m.c.i.embedder.EclipseLogger - Using 'UTF-8' encoding to copy filtered resources.
2022-02-23 16:19:11,683 [Worker-82: Building] INFO  o.e.m.c.i.embedder.EclipseLogger - skip non existing resourceDirectory E:\Work\ideajava\GraduationProject\SecKill\SecKill\miaosha_4\src\test\resources
2022-02-23 16:27:35,414 [Worker-79: Building] INFO  o.e.m.c.i.embedder.EclipseLogger - Using 'UTF-8' encoding to copy filtered resources.
2022-02-23 16:27:35,419 [Worker-79: Building] INFO  o.e.m.c.i.embedder.EclipseLogger - Copying 1 resource
2022-02-23 16:27:35,426 [Worker-79: Building] INFO  o.e.m.c.i.embedder.EclipseLogger - Copying 41 resources
2022-02-23 16:27:35,435 [Worker-79: Building] INFO  o.e.m.c.i.embedder.EclipseLogger - Using 'UTF-8' encoding to copy filtered resources.
2022-02-23 16:27:35,435 [Worker-79: Building] INFO  o.e.m.c.i.embedder.EclipseLogger - skip non existing resourceDirectory E:\Work\ideajava\GraduationProject\SecKill\SecKill\miaosha_4\src\test\resources
2022-02-23 16:30:38,386 [Worker-79: Building] INFO  o.e.m.c.i.embedder.EclipseLogger - Using 'UTF-8' encoding to copy filtered resources.
2022-02-23 16:30:38,393 [Worker-79: Building] INFO  o.e.m.c.i.embedder.EclipseLogger - Copying 1 resource
2022-02-23 16:30:38,402 [Worker-79: Building] INFO  o.e.m.c.i.embedder.EclipseLogger - Copying 41 resources
2022-02-23 16:30:38,414 [Worker-79: Building] INFO  o.e.m.c.i.embedder.EclipseLogger - Using 'UTF-8' encoding to copy filtered resources.
2022-02-23 16:30:38,414 [Worker-79: Building] INFO  o.e.m.c.i.embedder.EclipseLogger - skip non existing resourceDirectory E:\Work\ideajava\GraduationProject\SecKill\SecKill\miaosha_4\src\test\resources
2022-02-23 16:47:43,354 [Worker-86: Building] INFO  o.e.m.c.i.embedder.EclipseLogger - Using 'UTF-8' encoding to copy filtered resources.
2022-02-23 16:47:43,360 [Worker-86: Building] INFO  o.e.m.c.i.embedder.EclipseLogger - Copying 1 resource
2022-02-23 16:47:43,366 [Worker-86: Building] INFO  o.e.m.c.i.embedder.EclipseLogger - Copying 41 resources
2022-02-23 16:47:43,374 [Worker-86: Building] INFO  o.e.m.c.i.embedder.EclipseLogger - Using 'UTF-8' encoding to copy filtered resources.
2022-02-23 16:47:43,376 [Worker-86: Building] INFO  o.e.m.c.i.embedder.EclipseLogger - skip non existing resourceDirectory E:\Work\ideajava\GraduationProject\SecKill\SecKill\miaosha_4\src\test\resources
2022-02-23 16:47:45,390 [Worker-85: Building] INFO  o.e.m.c.i.embedder.EclipseLogger - Using 'UTF-8' encoding to copy filtered resources.
2022-02-23 16:47:45,394 [Worker-85: Building] INFO  o.e.m.c.i.embedder.EclipseLogger - Copying 1 resource
2022-02-23 16:47:45,400 [Worker-85: Building] INFO  o.e.m.c.i.embedder.EclipseLogger - Copying 41 resources
2022-02-23 16:47:45,409 [Worker-85: Building] INFO  o.e.m.c.i.embedder.EclipseLogger - Using 'UTF-8' encoding to copy filtered resources.
2022-02-23 16:47:45,409 [Worker-85: Building] INFO  o.e.m.c.i.embedder.EclipseLogger - skip non existing resourceDirectory E:\Work\ideajava\GraduationProject\SecKill\SecKill\miaosha_4\src\test\resources
2022-02-23 16:48:14,993 [Worker-87: Building] INFO  o.e.m.c.i.embedder.EclipseLogger - Using 'UTF-8' encoding to copy filtered resources.
2022-02-23 16:48:14,998 [Worker-87: Building] INFO  o.e.m.c.i.embedder.EclipseLogger - Copying 1 resource
2022-02-23 16:48:15,004 [Worker-87: Building] INFO  o.e.m.c.i.embedder.EclipseLogger - Copying 41 resources
2022-02-23 16:48:15,013 [Worker-87: Building] INFO  o.e.m.c.i.embedder.EclipseLogger - Using 'UTF-8' encoding to copy filtered resources.
2022-02-23 16:48:15,013 [Worker-87: Building] INFO  o.e.m.c.i.embedder.EclipseLogger - skip non existing resourceDirectory E:\Work\ideajava\GraduationProject\SecKill\SecKill\miaosha_4\src\test\resources
2022-02-23 16:48:44,523 [Worker-85: Building] INFO  o.e.m.c.i.embedder.EclipseLogger - Using 'UTF-8' encoding to copy filtered resources.
2022-02-23 16:48:44,527 [Worker-85: Building] INFO  o.e.m.c.i.embedder.EclipseLogger - Copying 1 resource
2022-02-23 16:48:44,533 [Worker-85: Building] INFO  o.e.m.c.i.embedder.EclipseLogger - Copying 41 resources
2022-02-23 16:48:44,543 [Worker-85: Building] INFO  o.e.m.c.i.embedder.EclipseLogger - Using 'UTF-8' encoding to copy filtered resources.
2022-02-23 16:48:44,543 [Worker-85: Building] INFO  o.e.m.c.i.embedder.EclipseLogger - skip non existing resourceDirectory E:\Work\ideajava\GraduationProject\SecKill\SecKill\miaosha_4\src\test\resources
2022-02-23 16:49:57,895 [Worker-76: Building] INFO  o.e.m.c.i.embedder.EclipseLogger - Using 'UTF-8' encoding to copy filtered resources.
2022-02-23 16:49:57,899 [Worker-76: Building] INFO  o.e.m.c.i.embedder.EclipseLogger - Copying 1 resource
2022-02-23 16:49:57,907 [Worker-76: Building] INFO  o.e.m.c.i.embedder.EclipseLogger - Copying 41 resources
2022-02-23 16:49:57,916 [Worker-76: Building] INFO  o.e.m.c.i.embedder.EclipseLogger - Using 'UTF-8' encoding to copy filtered resources.
2022-02-23 16:49:57,916 [Worker-76: Building] INFO  o.e.m.c.i.embedder.EclipseLogger - skip non existing resourceDirectory E:\Work\ideajava\GraduationProject\SecKill\SecKill\miaosha_4\src\test\resources
2022-02-23 16:50:12,130 [Worker-86: Building] INFO  o.e.m.c.i.embedder.EclipseLogger - Using 'UTF-8' encoding to copy filtered resources.
2022-02-23 16:50:12,135 [Worker-86: Building] INFO  o.e.m.c.i.embedder.EclipseLogger - Copying 1 resource
2022-02-23 16:50:12,140 [Worker-86: Building] INFO  o.e.m.c.i.embedder.EclipseLogger - Copying 41 resources
2022-02-23 16:50:12,148 [Worker-86: Building] INFO  o.e.m.c.i.embedder.EclipseLogger - Using 'UTF-8' encoding to copy filtered resources.
2022-02-23 16:50:12,148 [Worker-86: Building] INFO  o.e.m.c.i.embedder.EclipseLogger - skip non existing resourceDirectory E:\Work\ideajava\GraduationProject\SecKill\SecKill\miaosha_4\src\test\resources
2022-02-23 16:50:19,944 [Worker-87: Building] INFO  o.e.m.c.i.embedder.EclipseLogger - Using 'UTF-8' encoding to copy filtered resources.
2022-02-23 16:50:19,948 [Worker-87: Building] INFO  o.e.m.c.i.embedder.EclipseLogger - Copying 1 resource
2022-02-23 16:50:19,954 [Worker-87: Building] INFO  o.e.m.c.i.embedder.EclipseLogger - Copying 41 resources
2022-02-23 16:50:19,961 [Worker-87: Building] INFO  o.e.m.c.i.embedder.EclipseLogger - Using 'UTF-8' encoding to copy filtered resources.
2022-02-23 16:50:19,961 [Worker-87: Building] INFO  o.e.m.c.i.embedder.EclipseLogger - skip non existing resourceDirectory E:\Work\ideajava\GraduationProject\SecKill\SecKill\miaosha_4\src\test\resources
2022-02-23 17:09:07,996 [Worker-93: Building] INFO  o.e.m.c.i.embedder.EclipseLogger - Using 'UTF-8' encoding to copy filtered resources.
2022-02-23 17:09:08,002 [Worker-93: Building] INFO  o.e.m.c.i.embedder.EclipseLogger - Copying 1 resource
2022-02-23 17:09:08,008 [Worker-93: Building] INFO  o.e.m.c.i.embedder.EclipseLogger - Copying 41 resources
2022-02-23 17:09:08,016 [Worker-93: Building] INFO  o.e.m.c.i.embedder.EclipseLogger - Using 'UTF-8' encoding to copy filtered resources.
2022-02-23 17:09:08,016 [Worker-93: Building] INFO  o.e.m.c.i.embedder.EclipseLogger - skip non existing resourceDirectory E:\Work\ideajava\GraduationProject\SecKill\SecKill\miaosha_4\src\test\resources
2022-02-23 17:12:51,821 [Worker-91: Building] INFO  o.e.m.c.i.embedder.EclipseLogger - Using 'UTF-8' encoding to copy filtered resources.
2022-02-23 17:12:51,832 [Worker-91: Building] INFO  o.e.m.c.i.embedder.EclipseLogger - Copying 1 resource
2022-02-23 17:12:51,843 [Worker-91: Building] INFO  o.e.m.c.i.embedder.EclipseLogger - Copying 41 resources
2022-02-23 17:12:51,856 [Worker-91: Building] INFO  o.e.m.c.i.embedder.EclipseLogger - Using 'UTF-8' encoding to copy filtered resources.
2022-02-23 17:12:51,856 [Worker-91: Building] INFO  o.e.m.c.i.embedder.EclipseLogger - skip non existing resourceDirectory E:\Work\ideajava\GraduationProject\SecKill\SecKill\miaosha_4\src\test\resources
2022-02-23 17:14:52,863 [Worker-95: Building] INFO  o.e.m.c.i.embedder.EclipseLogger - Using 'UTF-8' encoding to copy filtered resources.
2022-02-23 17:14:52,868 [Worker-95: Building] INFO  o.e.m.c.i.embedder.EclipseLogger - Copying 1 resource
2022-02-23 17:14:52,874 [Worker-95: Building] INFO  o.e.m.c.i.embedder.EclipseLogger - Copying 41 resources
2022-02-23 17:14:52,883 [Worker-95: Building] INFO  o.e.m.c.i.embedder.EclipseLogger - Using 'UTF-8' encoding to copy filtered resources.
2022-02-23 17:14:52,883 [Worker-95: Building] INFO  o.e.m.c.i.embedder.EclipseLogger - skip non existing resourceDirectory E:\Work\ideajava\GraduationProject\SecKill\SecKill\miaosha_4\src\test\resources
2022-02-23 17:16:02,039 [Worker-97: Building] INFO  o.e.m.c.i.embedder.EclipseLogger - Using 'UTF-8' encoding to copy filtered resources.
2022-02-23 17:16:02,044 [Worker-97: Building] INFO  o.e.m.c.i.embedder.EclipseLogger - Copying 1 resource
2022-02-23 17:16:02,049 [Worker-97: Building] INFO  o.e.m.c.i.embedder.EclipseLogger - Copying 41 resources
2022-02-23 17:16:02,057 [Worker-97: Building] INFO  o.e.m.c.i.embedder.EclipseLogger - Using 'UTF-8' encoding to copy filtered resources.
2022-02-23 17:16:02,057 [Worker-97: Building] INFO  o.e.m.c.i.embedder.EclipseLogger - skip non existing resourceDirectory E:\Work\ideajava\GraduationProject\SecKill\SecKill\miaosha_4\src\test\resources
2022-02-23 17:16:44,819 [Worker-94: Building] INFO  o.e.m.c.i.embedder.EclipseLogger - Using 'UTF-8' encoding to copy filtered resources.
2022-02-23 17:16:44,823 [Worker-94: Building] INFO  o.e.m.c.i.embedder.EclipseLogger - Copying 1 resource
2022-02-23 17:16:44,829 [Worker-94: Building] INFO  o.e.m.c.i.embedder.EclipseLogger - Copying 41 resources
2022-02-23 17:16:44,837 [Worker-94: Building] INFO  o.e.m.c.i.embedder.EclipseLogger - Using 'UTF-8' encoding to copy filtered resources.
2022-02-23 17:16:44,837 [Worker-94: Building] INFO  o.e.m.c.i.embedder.EclipseLogger - skip non existing resourceDirectory E:\Work\ideajava\GraduationProject\SecKill\SecKill\miaosha_4\src\test\resources
2022-02-23 17:16:47,715 [Worker-98: Building] INFO  o.e.m.c.i.embedder.EclipseLogger - Using 'UTF-8' encoding to copy filtered resources.
2022-02-23 17:16:47,717 [Worker-98: Building] INFO  o.e.m.c.i.embedder.EclipseLogger - Copying 0 resource
2022-02-23 17:16:47,718 [Worker-98: Building] INFO  o.e.m.c.i.embedder.EclipseLogger - Copying 1 resource
2022-02-23 17:16:47,730 [Worker-98: Building] INFO  o.e.m.c.i.embedder.EclipseLogger - Using 'UTF-8' encoding to copy filtered resources.
2022-02-23 17:16:47,730 [Worker-98: Building] INFO  o.e.m.c.i.embedder.EclipseLogger - skip non existing resourceDirectory E:\Work\ideajava\GraduationProject\SecKill\SecKill\miaosha_4\src\test\resources
2022-02-23 17:20:22,933 [Worker-98: Building] INFO  o.e.m.c.i.embedder.EclipseLogger - Using 'UTF-8' encoding to copy filtered resources.
2022-02-23 17:20:22,933 [Worker-98: Building] INFO  o.e.m.c.i.embedder.EclipseLogger - Copying 0 resource
2022-02-23 17:20:22,934 [Worker-98: Building] INFO  o.e.m.c.i.embedder.EclipseLogger - Copying 1 resource
2022-02-23 17:20:22,937 [Worker-98: Building] INFO  o.e.m.c.i.embedder.EclipseLogger - Using 'UTF-8' encoding to copy filtered resources.
2022-02-23 17:20:22,937 [Worker-98: Building] INFO  o.e.m.c.i.embedder.EclipseLogger - skip non existing resourceDirectory E:\Work\ideajava\GraduationProject\SecKill\SecKill\miaosha_4\src\test\resources
2022-02-23 17:20:34,898 [Worker-98: Building] INFO  o.e.m.c.i.embedder.EclipseLogger - Using 'UTF-8' encoding to copy filtered resources.
2022-02-23 17:20:34,902 [Worker-98: Building] INFO  o.e.m.c.i.embedder.EclipseLogger - Copying 1 resource
2022-02-23 17:20:34,908 [Worker-98: Building] INFO  o.e.m.c.i.embedder.EclipseLogger - Copying 41 resources
2022-02-23 17:20:34,917 [Worker-98: Building] INFO  o.e.m.c.i.embedder.EclipseLogger - Using 'UTF-8' encoding to copy filtered resources.
2022-02-23 17:20:34,917 [Worker-98: Building] INFO  o.e.m.c.i.embedder.EclipseLogger - skip non existing resourceDirectory E:\Work\ideajava\GraduationProject\SecKill\SecKill\miaosha_4\src\test\resources
2022-02-23 17:30:47,358 [Worker-94: Building] INFO  o.e.m.c.i.embedder.EclipseLogger - Using 'UTF-8' encoding to copy filtered resources.
2022-02-23 17:30:47,358 [Worker-94: Building] INFO  o.e.m.c.i.embedder.EclipseLogger - Copying 1 resource
2022-02-23 17:30:47,360 [Worker-94: Building] INFO  o.e.m.c.i.embedder.EclipseLogger - Copying 0 resource
2022-02-23 17:30:47,362 [Worker-94: Building] INFO  o.e.m.c.i.embedder.EclipseLogger - Using 'UTF-8' encoding to copy filtered resources.
2022-02-23 17:30:47,362 [Worker-94: Building] INFO  o.e.m.c.i.embedder.EclipseLogger - skip non existing resourceDirectory E:\Work\ideajava\GraduationProject\SecKill\SecKill\miaosha_4\src\test\resources
2022-02-23 17:31:15,046 [Worker-1: Loading available Gradle versions] INFO  o.e.b.c.i.u.g.PublishedGradleVersions - Gradle version information cache is up-to-date. Trying to read.
2022-02-23 17:37:38,263 [Worker-10: Building] INFO  o.e.m.c.i.embedder.EclipseLogger - Using 'UTF-8' encoding to copy filtered resources.
2022-02-23 17:37:38,268 [Worker-10: Building] INFO  o.e.m.c.i.embedder.EclipseLogger - Copying 1 resource
2022-02-23 17:37:38,282 [Worker-10: Building] INFO  o.e.m.c.i.embedder.EclipseLogger - Copying 41 resources
2022-02-23 17:37:38,292 [Worker-10: Building] INFO  o.e.m.c.i.embedder.EclipseLogger - Using 'UTF-8' encoding to copy filtered resources.
2022-02-23 17:37:38,292 [Worker-10: Building] INFO  o.e.m.c.i.embedder.EclipseLogger - skip non existing resourceDirectory E:\Work\ideajava\GraduationProject\SecKill\SecKill\miaosha_4\src\test\resources
2022-02-23 17:50:14,860 [Worker-10: Building] INFO  o.e.m.c.i.embedder.EclipseLogger - Using 'UTF-8' encoding to copy filtered resources.
2022-02-23 17:50:14,868 [Worker-10: Building] INFO  o.e.m.c.i.embedder.EclipseLogger - Copying 1 resource
2022-02-23 17:50:14,876 [Worker-10: Building] INFO  o.e.m.c.i.embedder.EclipseLogger - Copying 41 resources
2022-02-23 17:50:14,885 [Worker-10: Building] INFO  o.e.m.c.i.embedder.EclipseLogger - Using 'UTF-8' encoding to copy filtered resources.
2022-02-23 17:50:14,885 [Worker-10: Building] INFO  o.e.m.c.i.embedder.EclipseLogger - skip non existing resourceDirectory E:\Work\ideajava\GraduationProject\SecKill\SecKill\miaosha_4\src\test\resources
2022-02-23 17:55:42,969 [Worker-23: Building] INFO  o.e.m.c.i.embedder.EclipseLogger - Using 'UTF-8' encoding to copy filtered resources.
2022-02-23 17:55:42,975 [Worker-23: Building] INFO  o.e.m.c.i.embedder.EclipseLogger - Copying 1 resource
2022-02-23 17:55:42,983 [Worker-23: Building] INFO  o.e.m.c.i.embedder.EclipseLogger - Copying 41 resources
2022-02-23 17:55:42,994 [Worker-23: Building] INFO  o.e.m.c.i.embedder.EclipseLogger - Using 'UTF-8' encoding to copy filtered resources.
2022-02-23 17:55:42,994 [Worker-23: Building] INFO  o.e.m.c.i.embedder.EclipseLogger - skip non existing resourceDirectory E:\Work\ideajava\GraduationProject\SecKill\SecKill\miaosha_4\src\test\resources
2022-02-23 21:15:25,167 [Worker-3: Loading available Gradle versions] INFO  o.e.b.c.i.u.g.PublishedGradleVersions - Gradle version information cache is up-to-date. Trying to read.
2022-02-23 21:30:19,502 [Worker-23: Building] INFO  o.e.m.c.i.embedder.EclipseLogger - Using 'UTF-8' encoding to copy filtered resources.
2022-02-23 21:30:19,506 [Worker-23: Building] INFO  o.e.m.c.i.embedder.EclipseLogger - Copying 1 resource
2022-02-23 21:30:19,523 [Worker-23: Building] INFO  o.e.m.c.i.embedder.EclipseLogger - Copying 41 resources
2022-02-23 21:30:19,538 [Worker-23: Building] INFO  o.e.m.c.i.embedder.EclipseLogger - Using 'UTF-8' encoding to copy filtered resources.
2022-02-23 21:30:19,539 [Worker-23: Building] INFO  o.e.m.c.i.embedder.EclipseLogger - skip non existing resourceDirectory E:\Work\ideajava\GraduationProject\SecKill\SecKill\miaosha_4\src\test\resources
2022-02-23 21:39:40,836 [Worker-22: Building] INFO  o.e.m.c.i.embedder.EclipseLogger - Using 'UTF-8' encoding to copy filtered resources.
2022-02-23 21:39:40,837 [Worker-22: Building] INFO  o.e.m.c.i.embedder.EclipseLogger - Copying 1 resource
2022-02-23 21:39:40,840 [Worker-22: Building] INFO  o.e.m.c.i.embedder.EclipseLogger - Copying 0 resource
2022-02-23 21:39:40,841 [Worker-22: Building] INFO  o.e.m.c.i.embedder.EclipseLogger - Using 'UTF-8' encoding to copy filtered resources.
2022-02-23 21:39:40,842 [Worker-22: Building] INFO  o.e.m.c.i.embedder.EclipseLogger - skip non existing resourceDirectory E:\Work\ideajava\GraduationProject\SecKill\SecKill\miaosha_4\src\test\resources
2022-02-23 21:41:03,219 [Worker-20: Building] INFO  o.e.m.c.i.embedder.EclipseLogger - Using 'UTF-8' encoding to copy filtered resources.
2022-02-23 21:41:03,230 [Worker-20: Building] INFO  o.e.m.c.i.embedder.EclipseLogger - Copying 1 resource
2022-02-23 21:41:03,240 [Worker-20: Building] INFO  o.e.m.c.i.embedder.EclipseLogger - Copying 41 resources
2022-02-23 21:41:03,250 [Worker-20: Building] INFO  o.e.m.c.i.embedder.EclipseLogger - Using 'UTF-8' encoding to copy filtered resources.
2022-02-23 21:41:03,250 [Worker-20: Building] INFO  o.e.m.c.i.embedder.EclipseLogger - skip non existing resourceDirectory E:\Work\ideajava\GraduationProject\SecKill\SecKill\miaosha_4\src\test\resources
2022-02-23 21:43:09,421 [Worker-2: Building] INFO  o.e.m.c.i.embedder.EclipseLogger - Using 'UTF-8' encoding to copy filtered resources.
2022-02-23 21:43:09,421 [Worker-2: Building] INFO  o.e.m.c.i.embedder.EclipseLogger - Copying 1 resource
2022-02-23 21:43:09,423 [Worker-2: Building] INFO  o.e.m.c.i.embedder.EclipseLogger - Copying 0 resource
2022-02-23 21:43:09,425 [Worker-2: Building] INFO  o.e.m.c.i.embedder.EclipseLogger - Using 'UTF-8' encoding to copy filtered resources.
2022-02-23 21:43:09,425 [Worker-2: Building] INFO  o.e.m.c.i.embedder.EclipseLogger - skip non existing resourceDirectory E:\Work\ideajava\GraduationProject\SecKill\SecKill\miaosha_4\src\test\resources
2022-02-23 21:44:02,301 [Worker-22: Building] INFO  o.e.m.c.i.embedder.EclipseLogger - Using 'UTF-8' encoding to copy filtered resources.
2022-02-23 21:44:02,301 [Worker-22: Building] INFO  o.e.m.c.i.embedder.EclipseLogger - Copying 1 resource
2022-02-23 21:44:02,302 [Worker-22: Building] INFO  o.e.m.c.i.embedder.EclipseLogger - Copying 0 resource
2022-02-23 21:44:02,304 [Worker-22: Building] INFO  o.e.m.c.i.embedder.EclipseLogger - Using 'UTF-8' encoding to copy filtered resources.
2022-02-23 21:44:02,304 [Worker-22: Building] INFO  o.e.m.c.i.embedder.EclipseLogger - skip non existing resourceDirectory E:\Work\ideajava\GraduationProject\SecKill\SecKill\miaosha_4\src\test\resources
2022-02-23 21:44:23,211 [Worker-27: Building] INFO  o.e.m.c.i.embedder.EclipseLogger - Using 'UTF-8' encoding to copy filtered resources.
2022-02-23 21:44:23,211 [Worker-27: Building] INFO  o.e.m.c.i.embedder.EclipseLogger - Copying 1 resource
2022-02-23 21:44:23,213 [Worker-27: Building] INFO  o.e.m.c.i.embedder.EclipseLogger - Copying 0 resource
2022-02-23 21:44:23,214 [Worker-27: Building] INFO  o.e.m.c.i.embedder.EclipseLogger - Using 'UTF-8' encoding to copy filtered resources.
2022-02-23 21:44:23,215 [Worker-27: Building] INFO  o.e.m.c.i.embedder.EclipseLogger - skip non existing resourceDirectory E:\Work\ideajava\GraduationProject\SecKill\SecKill\miaosha_4\src\test\resources
2022-02-23 21:45:09,564 [Worker-11: Building] INFO  o.e.m.c.i.embedder.EclipseLogger - Using 'UTF-8' encoding to copy filtered resources.
2022-02-23 21:45:09,564 [Worker-11: Building] INFO  o.e.m.c.i.embedder.EclipseLogger - Copying 1 resource
2022-02-23 21:45:09,566 [Worker-11: Building] INFO  o.e.m.c.i.embedder.EclipseLogger - Copying 0 resource
2022-02-23 21:45:09,568 [Worker-11: Building] INFO  o.e.m.c.i.embedder.EclipseLogger - Using 'UTF-8' encoding to copy filtered resources.
2022-02-23 21:45:09,568 [Worker-11: Building] INFO  o.e.m.c.i.embedder.EclipseLogger - skip non existing resourceDirectory E:\Work\ideajava\GraduationProject\SecKill\SecKill\miaosha_4\src\test\resources
2022-02-23 21:51:45,822 [Worker-31: Building] INFO  o.e.m.c.i.embedder.EclipseLogger - Using 'UTF-8' encoding to copy filtered resources.
2022-02-23 21:51:45,831 [Worker-31: Building] INFO  o.e.m.c.i.embedder.EclipseLogger - Copying 1 resource
2022-02-23 21:51:45,838 [Worker-31: Building] INFO  o.e.m.c.i.embedder.EclipseLogger - Copying 41 resources
2022-02-23 21:51:45,848 [Worker-31: Building] INFO  o.e.m.c.i.embedder.EclipseLogger - Using 'UTF-8' encoding to copy filtered resources.
2022-02-23 21:51:45,848 [Worker-31: Building] INFO  o.e.m.c.i.embedder.EclipseLogger - skip non existing resourceDirectory E:\Work\ideajava\GraduationProject\SecKill\SecKill\miaosha_4\src\test\resources
2022-02-23 21:52:01,853 [Worker-27: Building] INFO  o.e.m.c.i.embedder.EclipseLogger - Using 'UTF-8' encoding to copy filtered resources.
2022-02-23 21:52:01,859 [Worker-27: Building] INFO  o.e.m.c.i.embedder.EclipseLogger - Copying 1 resource
2022-02-23 21:52:01,865 [Worker-27: Building] INFO  o.e.m.c.i.embedder.EclipseLogger - Copying 41 resources
2022-02-23 21:52:01,874 [Worker-27: Building] INFO  o.e.m.c.i.embedder.EclipseLogger - Using 'UTF-8' encoding to copy filtered resources.
2022-02-23 21:52:01,874 [Worker-27: Building] INFO  o.e.m.c.i.embedder.EclipseLogger - skip non existing resourceDirectory E:\Work\ideajava\GraduationProject\SecKill\SecKill\miaosha_4\src\test\resources
2022-02-23 21:52:37,498 [Worker-31: Building] INFO  o.e.m.c.i.embedder.EclipseLogger - Using 'UTF-8' encoding to copy filtered resources.
2022-02-23 21:52:37,503 [Worker-31: Building] INFO  o.e.m.c.i.embedder.EclipseLogger - Copying 1 resource
2022-02-23 21:52:37,510 [Worker-31: Building] INFO  o.e.m.c.i.embedder.EclipseLogger - Copying 41 resources
2022-02-23 21:52:37,519 [Worker-31: Building] INFO  o.e.m.c.i.embedder.EclipseLogger - Using 'UTF-8' encoding to copy filtered resources.
2022-02-23 21:52:37,519 [Worker-31: Building] INFO  o.e.m.c.i.embedder.EclipseLogger - skip non existing resourceDirectory E:\Work\ideajava\GraduationProject\SecKill\SecKill\miaosha_4\src\test\resources
2022-02-23 21:54:30,547 [Worker-27: Building] INFO  o.e.m.c.i.embedder.EclipseLogger - Using 'UTF-8' encoding to copy filtered resources.
2022-02-23 21:54:30,547 [Worker-27: Building] INFO  o.e.m.c.i.embedder.EclipseLogger - Copying 1 resource
2022-02-23 21:54:30,548 [Worker-27: Building] INFO  o.e.m.c.i.embedder.EclipseLogger - Copying 0 resource
2022-02-23 21:54:30,550 [Worker-27: Building] INFO  o.e.m.c.i.embedder.EclipseLogger - Using 'UTF-8' encoding to copy filtered resources.
2022-02-23 21:54:30,550 [Worker-27: Building] INFO  o.e.m.c.i.embedder.EclipseLogger - skip non existing resourceDirectory E:\Work\ideajava\GraduationProject\SecKill\SecKill\miaosha_4\src\test\resources
2022-02-23 21:57:06,780 [Worker-31: Building] INFO  o.e.m.c.i.embedder.EclipseLogger - Using 'UTF-8' encoding to copy filtered resources.
2022-02-23 21:57:06,785 [Worker-31: Building] INFO  o.e.m.c.i.embedder.EclipseLogger - Copying 1 resource
2022-02-23 21:57:06,791 [Worker-31: Building] INFO  o.e.m.c.i.embedder.EclipseLogger - Copying 41 resources
2022-02-23 21:57:06,799 [Worker-31: Building] INFO  o.e.m.c.i.embedder.EclipseLogger - Using 'UTF-8' encoding to copy filtered resources.
2022-02-23 21:57:06,800 [Worker-31: Building] INFO  o.e.m.c.i.embedder.EclipseLogger - skip non existing resourceDirectory E:\Work\ideajava\GraduationProject\SecKill\SecKill\miaosha_4\src\test\resources
2022-02-23 22:08:09,059 [Worker-39: Building] INFO  o.e.m.c.i.embedder.EclipseLogger - Using 'UTF-8' encoding to copy filtered resources.
2022-02-23 22:08:09,059 [Worker-39: Building] INFO  o.e.m.c.i.embedder.EclipseLogger - Copying 1 resource
2022-02-23 22:08:09,061 [Worker-39: Building] INFO  o.e.m.c.i.embedder.EclipseLogger - Copying 0 resource
2022-02-23 22:08:09,062 [Worker-39: Building] INFO  o.e.m.c.i.embedder.EclipseLogger - Using 'UTF-8' encoding to copy filtered resources.
2022-02-23 22:08:09,062 [Worker-39: Building] INFO  o.e.m.c.i.embedder.EclipseLogger - skip non existing resourceDirectory E:\Work\ideajava\GraduationProject\SecKill\SecKill\miaosha_4\src\test\resources
2022-02-23 22:09:41,290 [Worker-41: Building] INFO  o.e.m.c.i.embedder.EclipseLogger - Using 'UTF-8' encoding to copy filtered resources.
2022-02-23 22:09:41,298 [Worker-41: Building] INFO  o.e.m.c.i.embedder.EclipseLogger - Copying 1 resource
2022-02-23 22:09:41,307 [Worker-41: Building] INFO  o.e.m.c.i.embedder.EclipseLogger - Copying 41 resources
2022-02-23 22:09:41,320 [Worker-41: Building] INFO  o.e.m.c.i.embedder.EclipseLogger - Using 'UTF-8' encoding to copy filtered resources.
2022-02-23 22:09:41,320 [Worker-41: Building] INFO  o.e.m.c.i.embedder.EclipseLogger - skip non existing resourceDirectory E:\Work\ideajava\GraduationProject\SecKill\SecKill\miaosha_4\src\test\resources
2022-02-23 22:13:21,051 [Worker-40: Launching MainApplication (3)] INFO  o.e.m.c.i.embedder.EclipseLogger - Using 'UTF-8' encoding to copy filtered resources.
2022-02-23 22:13:21,057 [Worker-40: Launching MainApplication (3)] INFO  o.e.m.c.i.embedder.EclipseLogger - Copying 1 resource
2022-02-23 22:13:21,064 [Worker-40: Launching MainApplication (3)] INFO  o.e.m.c.i.embedder.EclipseLogger - Copying 41 resources
2022-02-23 22:13:21,073 [Worker-40: Launching MainApplication (3)] INFO  o.e.m.c.i.embedder.EclipseLogger - Using 'UTF-8' encoding to copy filtered resources.
2022-02-23 22:13:21,073 [Worker-40: Launching MainApplication (3)] INFO  o.e.m.c.i.embedder.EclipseLogger - skip non existing resourceDirectory E:\Work\ideajava\GraduationProject\SecKill\SecKill\miaosha_4\src\test\resources
2022-02-23 22:26:35,309 [Worker-52: Building] INFO  o.e.m.c.i.embedder.EclipseLogger - Using 'UTF-8' encoding to copy filtered resources.
2022-02-23 22:26:35,315 [Worker-52: Building] INFO  o.e.m.c.i.embedder.EclipseLogger - Copying 1 resource
2022-02-23 22:26:35,324 [Worker-52: Building] INFO  o.e.m.c.i.embedder.EclipseLogger - Copying 41 resources
2022-02-23 22:26:35,334 [Worker-52: Building] INFO  o.e.m.c.i.embedder.EclipseLogger - Using 'UTF-8' encoding to copy filtered resources.
2022-02-23 22:26:35,334 [Worker-52: Building] INFO  o.e.m.c.i.embedder.EclipseLogger - skip non existing resourceDirectory E:\Work\ideajava\GraduationProject\SecKill\SecKill\miaosha_4\src\test\resources
2022-02-23 22:27:24,315 [Worker-49: Building] INFO  o.e.m.c.i.embedder.EclipseLogger - Using 'UTF-8' encoding to copy filtered resources.
2022-02-23 22:27:24,320 [Worker-49: Building] INFO  o.e.m.c.i.embedder.EclipseLogger - Copying 1 resource
2022-02-23 22:27:24,327 [Worker-49: Building] INFO  o.e.m.c.i.embedder.EclipseLogger - Copying 41 resources
2022-02-23 22:27:24,335 [Worker-49: Building] INFO  o.e.m.c.i.embedder.EclipseLogger - Using 'UTF-8' encoding to copy filtered resources.
2022-02-23 22:27:24,336 [Worker-49: Building] INFO  o.e.m.c.i.embedder.EclipseLogger - skip non existing resourceDirectory E:\Work\ideajava\GraduationProject\SecKill\SecKill\miaosha_4\src\test\resources
2022-02-24 12:59:21,011 [Worker-2: Loading available Gradle versions] INFO  o.e.b.c.i.u.g.PublishedGradleVersions - Gradle version information cache is up-to-date. Trying to read.
2022-02-24 13:18:32,516 [Worker-22: Building] INFO  o.e.m.c.i.embedder.EclipseLogger - Using 'UTF-8' encoding to copy filtered resources.
2022-02-24 13:18:32,523 [Worker-22: Building] INFO  o.e.m.c.i.embedder.EclipseLogger - Copying 1 resource
2022-02-24 13:18:32,541 [Worker-22: Building] INFO  o.e.m.c.i.embedder.EclipseLogger - Copying 41 resources
2022-02-24 13:18:32,571 [Worker-22: Building] INFO  o.e.m.c.i.embedder.EclipseLogger - Using 'UTF-8' encoding to copy filtered resources.
2022-02-24 13:18:32,571 [Worker-22: Building] INFO  o.e.m.c.i.embedder.EclipseLogger - skip non existing resourceDirectory E:\Work\ideajava\GraduationProject\SecKill\SecKill\miaosha_4\src\test\resources
2022-02-24 13:28:59,999 [Worker-30: Building] INFO  o.e.m.c.i.embedder.EclipseLogger - Using 'UTF-8' encoding to copy filtered resources.
2022-02-24 13:29:00,010 [Worker-30: Building] INFO  o.e.m.c.i.embedder.EclipseLogger - Copying 1 resource
2022-02-24 13:29:00,019 [Worker-30: Building] INFO  o.e.m.c.i.embedder.EclipseLogger - Copying 41 resources
2022-02-24 13:29:00,028 [Worker-30: Building] INFO  o.e.m.c.i.embedder.EclipseLogger - Using 'UTF-8' encoding to copy filtered resources.
2022-02-24 13:29:00,028 [Worker-30: Building] INFO  o.e.m.c.i.embedder.EclipseLogger - skip non existing resourceDirectory E:\Work\ideajava\GraduationProject\SecKill\SecKill\miaosha_4\src\test\resources
2022-02-24 13:50:05,445 [Worker-35: Building] INFO  o.e.m.c.i.l.LifecycleMappingFactory - Using org.eclipse.m2e.jdt.JarLifecycleMapping lifecycle mapping for MavenProject: com.kirin:miaosha_4:0.0.1-SNAPSHOT @ E:\Work\ideajava\GraduationProject\SecKill\SecKill\miaosha_4\pom.xml.
2022-02-24 13:50:06,295 [Worker-35: Building] INFO  o.e.m.c.i.embedder.EclipseLogger - Using 'UTF-8' encoding to copy filtered resources.
2022-02-24 13:50:06,298 [Worker-35: Building] INFO  o.e.m.c.i.embedder.EclipseLogger - Copying 0 resource
2022-02-24 13:50:06,298 [Worker-35: Building] INFO  o.e.m.c.i.embedder.EclipseLogger - Copying 0 resource
2022-02-24 13:50:06,301 [Worker-35: Building] INFO  o.e.m.c.i.embedder.EclipseLogger - Using 'UTF-8' encoding to copy filtered resources.
2022-02-24 13:50:06,301 [Worker-35: Building] INFO  o.e.m.c.i.embedder.EclipseLogger - skip non existing resourceDirectory E:\Work\ideajava\GraduationProject\SecKill\SecKill\miaosha_4\src\test\resources
2022-02-24 13:52:33,686 [Worker-35: Building] INFO  o.e.m.c.i.l.LifecycleMappingFactory - Using org.eclipse.m2e.jdt.JarLifecycleMapping lifecycle mapping for MavenProject: com.kirin:miaosha_4:0.0.1-SNAPSHOT @ E:\Work\ideajava\GraduationProject\SecKill\SecKill\miaosha_4\pom.xml.
2022-02-24 13:52:34,724 [Worker-35: Building] INFO  o.e.m.c.i.embedder.EclipseLogger - Using 'UTF-8' encoding to copy filtered resources.
2022-02-24 13:52:34,733 [Worker-35: Building] INFO  o.e.m.c.i.embedder.EclipseLogger - Copying 1 resource
2022-02-24 13:52:34,750 [Worker-35: Building] INFO  o.e.m.c.i.embedder.EclipseLogger - Copying 41 resources
2022-02-24 13:52:34,763 [Worker-35: Building] INFO  o.e.m.c.i.embedder.EclipseLogger - Using 'UTF-8' encoding to copy filtered resources.
2022-02-24 13:52:34,763 [Worker-35: Building] INFO  o.e.m.c.i.embedder.EclipseLogger - skip non existing resourceDirectory E:\Work\ideajava\GraduationProject\SecKill\SecKill\miaosha_4\src\test\resources
2022-02-24 14:01:35,359 [Worker-1: Loading available Gradle versions] INFO  o.e.b.c.i.u.g.PublishedGradleVersions - Gradle version information cache is out-of-date. Trying to update.
2022-02-24 14:07:44,563 [Worker-22: Building] INFO  o.e.m.c.i.embedder.EclipseLogger - Using 'UTF-8' encoding to copy filtered resources.
2022-02-24 14:07:44,567 [Worker-22: Building] INFO  o.e.m.c.i.embedder.EclipseLogger - Copying 1 resource
2022-02-24 14:07:44,583 [Worker-22: Building] INFO  o.e.m.c.i.embedder.EclipseLogger - Copying 41 resources
2022-02-24 14:07:44,594 [Worker-22: Building] INFO  o.e.m.c.i.embedder.EclipseLogger - Using 'UTF-8' encoding to copy filtered resources.
2022-02-24 14:07:44,594 [Worker-22: Building] INFO  o.e.m.c.i.embedder.EclipseLogger - skip non existing resourceDirectory E:\Work\ideajava\GraduationProject\SecKill\SecKill\miaosha_4\src\test\resources
2022-02-24 14:10:08,176 [Worker-19: Building] INFO  o.e.m.c.i.embedder.EclipseLogger - Using 'UTF-8' encoding to copy filtered resources.
2022-02-24 14:10:08,185 [Worker-19: Building] INFO  o.e.m.c.i.embedder.EclipseLogger - Copying 1 resource
2022-02-24 14:10:08,195 [Worker-19: Building] INFO  o.e.m.c.i.embedder.EclipseLogger - Copying 41 resources
2022-02-24 14:10:08,206 [Worker-19: Building] INFO  o.e.m.c.i.embedder.EclipseLogger - Using 'UTF-8' encoding to copy filtered resources.
2022-02-24 14:10:08,207 [Worker-19: Building] INFO  o.e.m.c.i.embedder.EclipseLogger - skip non existing resourceDirectory E:\Work\ideajava\GraduationProject\SecKill\SecKill\miaosha_4\src\test\resources
2022-02-24 14:10:28,578 [Worker-21: Building] INFO  o.e.m.c.i.embedder.EclipseLogger - Using 'UTF-8' encoding to copy filtered resources.
2022-02-24 14:10:28,586 [Worker-21: Building] INFO  o.e.m.c.i.embedder.EclipseLogger - Copying 1 resource
2022-02-24 14:10:28,597 [Worker-21: Building] INFO  o.e.m.c.i.embedder.EclipseLogger - Copying 41 resources
2022-02-24 14:10:28,622 [Worker-21: Building] INFO  o.e.m.c.i.embedder.EclipseLogger - Using 'UTF-8' encoding to copy filtered resources.
2022-02-24 14:10:28,623 [Worker-21: Building] INFO  o.e.m.c.i.embedder.EclipseLogger - skip non existing resourceDirectory E:\Work\ideajava\GraduationProject\SecKill\SecKill\miaosha_4\src\test\resources
2022-02-24 14:10:36,015 [Worker-19: Building] INFO  o.e.m.c.i.embedder.EclipseLogger - Using 'UTF-8' encoding to copy filtered resources.
2022-02-24 14:10:36,023 [Worker-19: Building] INFO  o.e.m.c.i.embedder.EclipseLogger - Copying 1 resource
2022-02-24 14:10:36,033 [Worker-19: Building] INFO  o.e.m.c.i.embedder.EclipseLogger - Copying 41 resources
2022-02-24 14:10:36,045 [Worker-19: Building] INFO  o.e.m.c.i.embedder.EclipseLogger - Using 'UTF-8' encoding to copy filtered resources.
2022-02-24 14:10:36,046 [Worker-19: Building] INFO  o.e.m.c.i.embedder.EclipseLogger - skip non existing resourceDirectory E:\Work\ideajava\GraduationProject\SecKill\SecKill\miaosha_4\src\test\resources
2022-02-24 14:13:38,711 [Worker-19: Building] INFO  o.e.m.c.i.embedder.EclipseLogger - Using 'UTF-8' encoding to copy filtered resources.
2022-02-24 14:13:38,716 [Worker-19: Building] INFO  o.e.m.c.i.embedder.EclipseLogger - Copying 1 resource
2022-02-24 14:13:38,723 [Worker-19: Building] INFO  o.e.m.c.i.embedder.EclipseLogger - Copying 41 resources
2022-02-24 14:13:38,733 [Worker-19: Building] INFO  o.e.m.c.i.embedder.EclipseLogger - Using 'UTF-8' encoding to copy filtered resources.
2022-02-24 14:13:38,733 [Worker-19: Building] INFO  o.e.m.c.i.embedder.EclipseLogger - skip non existing resourceDirectory E:\Work\ideajava\GraduationProject\SecKill\SecKill\miaosha_4\src\test\resources
2022-02-24 14:13:53,787 [Worker-21: Building] INFO  o.e.m.c.i.embedder.EclipseLogger - Using 'UTF-8' encoding to copy filtered resources.
2022-02-24 14:13:53,791 [Worker-21: Building] INFO  o.e.m.c.i.embedder.EclipseLogger - Copying 1 resource
2022-02-24 14:13:53,800 [Worker-21: Building] INFO  o.e.m.c.i.embedder.EclipseLogger - Copying 41 resources
2022-02-24 14:13:53,811 [Worker-21: Building] INFO  o.e.m.c.i.embedder.EclipseLogger - Using 'UTF-8' encoding to copy filtered resources.
2022-02-24 14:13:53,811 [Worker-21: Building] INFO  o.e.m.c.i.embedder.EclipseLogger - skip non existing resourceDirectory E:\Work\ideajava\GraduationProject\SecKill\SecKill\miaosha_4\src\test\resources
2022-02-24 14:18:45,988 [Worker-24: Building] INFO  o.e.m.c.i.embedder.EclipseLogger - Using 'UTF-8' encoding to copy filtered resources.
2022-02-24 14:18:45,995 [Worker-24: Building] INFO  o.e.m.c.i.embedder.EclipseLogger - Copying 1 resource
2022-02-24 14:18:46,002 [Worker-24: Building] INFO  o.e.m.c.i.embedder.EclipseLogger - Copying 41 resources
2022-02-24 14:18:46,012 [Worker-24: Building] INFO  o.e.m.c.i.embedder.EclipseLogger - Using 'UTF-8' encoding to copy filtered resources.
2022-02-24 14:18:46,013 [Worker-24: Building] INFO  o.e.m.c.i.embedder.EclipseLogger - skip non existing resourceDirectory E:\Work\ideajava\GraduationProject\SecKill\SecKill\miaosha_4\src\test\resources
2022-02-24 14:19:49,404 [Worker-23: Building] INFO  o.e.m.c.i.embedder.EclipseLogger - Using 'UTF-8' encoding to copy filtered resources.
2022-02-24 14:19:49,410 [Worker-23: Building] INFO  o.e.m.c.i.embedder.EclipseLogger - Copying 1 resource
2022-02-24 14:19:49,418 [Worker-23: Building] INFO  o.e.m.c.i.embedder.EclipseLogger - Copying 41 resources
2022-02-24 14:19:49,429 [Worker-23: Building] INFO  o.e.m.c.i.embedder.EclipseLogger - Using 'UTF-8' encoding to copy filtered resources.
2022-02-24 14:19:49,429 [Worker-23: Building] INFO  o.e.m.c.i.embedder.EclipseLogger - skip non existing resourceDirectory E:\Work\ideajava\GraduationProject\SecKill\SecKill\miaosha_4\src\test\resources
2022-02-24 14:29:00,796 [Worker-22: Building] INFO  o.e.m.c.i.embedder.EclipseLogger - Using 'UTF-8' encoding to copy filtered resources.
2022-02-24 14:29:00,798 [Worker-22: Building] INFO  o.e.m.c.i.embedder.EclipseLogger - Copying 0 resource
2022-02-24 14:29:00,798 [Worker-22: Building] INFO  o.e.m.c.i.embedder.EclipseLogger - Copying 1 resource
2022-02-24 14:29:00,803 [Worker-22: Building] INFO  o.e.m.c.i.embedder.EclipseLogger - Using 'UTF-8' encoding to copy filtered resources.
2022-02-24 14:29:00,804 [Worker-22: Building] INFO  o.e.m.c.i.embedder.EclipseLogger - skip non existing resourceDirectory E:\Work\ideajava\GraduationProject\SecKill\SecKill\miaosha_4\src\test\resources
2022-02-24 14:29:09,635 [Worker-22: Building] INFO  o.e.m.c.i.embedder.EclipseLogger - Using 'UTF-8' encoding to copy filtered resources.
2022-02-24 14:29:09,635 [Worker-22: Building] INFO  o.e.m.c.i.embedder.EclipseLogger - Copying 0 resource
2022-02-24 14:29:09,635 [Worker-22: Building] INFO  o.e.m.c.i.embedder.EclipseLogger - Copying 1 resource
2022-02-24 14:29:09,639 [Worker-22: Building] INFO  o.e.m.c.i.embedder.EclipseLogger - Using 'UTF-8' encoding to copy filtered resources.
2022-02-24 14:29:09,640 [Worker-22: Building] INFO  o.e.m.c.i.embedder.EclipseLogger - skip non existing resourceDirectory E:\Work\ideajava\GraduationProject\SecKill\SecKill\miaosha_4\src\test\resources
2022-02-24 14:30:15,526 [Worker-2: Loading available Gradle versions] INFO  o.e.b.c.i.u.g.PublishedGradleVersions - Gradle version information cache is up-to-date. Trying to read.
2022-02-24 14:53:05,291 [Worker-0: Loading available Gradle versions] INFO  o.e.b.c.i.u.g.PublishedGradleVersions - Gradle version information cache is up-to-date. Trying to read.
2022-02-24 16:29:13,570 [Worker-2: Loading available Gradle versions] INFO  o.e.b.c.i.u.g.PublishedGradleVersions - Gradle version information cache is up-to-date. Trying to read.
2022-02-24 16:29:32,575 [Worker-17: Building] INFO  o.e.m.c.i.embedder.EclipseLogger - Using 'UTF-8' encoding to copy filtered resources.
2022-02-24 16:29:32,580 [Worker-17: Building] INFO  o.e.m.c.i.embedder.EclipseLogger - Copying 1 resource
2022-02-24 16:29:32,594 [Worker-17: Building] INFO  o.e.m.c.i.embedder.EclipseLogger - Copying 41 resources
2022-02-24 16:29:32,604 [Worker-17: Building] INFO  o.e.m.c.i.embedder.EclipseLogger - Using 'UTF-8' encoding to copy filtered resources.
2022-02-24 16:29:32,604 [Worker-17: Building] INFO  o.e.m.c.i.embedder.EclipseLogger - skip non existing resourceDirectory E:\Work\ideajava\GraduationProject\SecKill\SecKill\miaosha_4\src\test\resources
2022-02-24 16:29:34,811 [Worker-13: Building] INFO  o.e.m.c.i.l.LifecycleMappingFactory - Using org.eclipse.m2e.jdt.JarLifecycleMapping lifecycle mapping for MavenProject: com.kirin:miaosha_4:0.0.1-SNAPSHOT @ E:\Work\ideajava\GraduationProject\SecKill\SecKill\miaosha_5\pom.xml.
2022-02-24 16:29:35,595 [Worker-13: Building] INFO  o.e.m.c.i.embedder.EclipseLogger - Using 'UTF-8' encoding to copy filtered resources.
2022-02-24 16:29:35,595 [Worker-13: Building] INFO  o.e.m.c.i.embedder.EclipseLogger - Copying 1 resource
2022-02-24 16:29:35,597 [Worker-13: Building] INFO  o.e.m.c.i.embedder.EclipseLogger - Copying 41 resources
2022-02-24 16:29:35,699 [Worker-13: Building] INFO  o.e.m.c.i.embedder.EclipseLogger - Using 'UTF-8' encoding to copy filtered resources.
2022-02-24 16:29:35,699 [Worker-13: Building] INFO  o.e.m.c.i.embedder.EclipseLogger - skip non existing resourceDirectory E:\Work\ideajava\GraduationProject\SecKill\SecKill\miaosha_5\src\test\resources
2022-02-24 16:29:38,065 [Worker-12: Building] INFO  o.e.m.c.i.embedder.EclipseLogger - Using 'UTF-8' encoding to copy filtered resources.
2022-02-24 16:29:38,078 [Worker-12: Building] INFO  o.e.m.c.i.embedder.EclipseLogger - Copying 1 resource
2022-02-24 16:29:38,087 [Worker-12: Building] INFO  o.e.m.c.i.embedder.EclipseLogger - Copying 41 resources
2022-02-24 16:29:38,192 [Worker-12: Building] INFO  o.e.m.c.i.embedder.EclipseLogger - Using 'UTF-8' encoding to copy filtered resources.
2022-02-24 16:29:38,192 [Worker-12: Building] INFO  o.e.m.c.i.embedder.EclipseLogger - skip non existing resourceDirectory E:\Work\ideajava\GraduationProject\SecKill\SecKill\miaosha_5\src\test\resources
2022-02-24 16:29:40,929 [Worker-10: Updating Maven Dependencies] ERROR o.e.m.j.i.l.MavenLaunchConfigurationListener - Launch configuration MainApplication (3) references closed project miaosha_4
org.eclipse.core.runtime.CoreException: Launch configuration MainApplication (3) references closed project miaosha_4
	at org.eclipse.jdt.launching.JavaRuntime.abort(JavaRuntime.java:1843)
	at org.eclipse.jdt.launching.JavaRuntime.getJavaProject(JavaRuntime.java:1715)
	at org.eclipse.m2e.jdt.internal.launch.MavenLaunchConfigurationListener.updateLaunchConfiguration(MavenLaunchConfigurationListener.java:55)
	at org.eclipse.m2e.jdt.internal.launch.MavenLaunchConfigurationListener.launchConfigurationChanged(MavenLaunchConfigurationListener.java:40)
	at org.eclipse.debug.internal.core.LaunchManager$ConfigurationNotifier.run(LaunchManager.java:225)
	at org.eclipse.core.runtime.SafeRunner.run(SafeRunner.java:45)
	at org.eclipse.debug.internal.core.LaunchManager$ConfigurationNotifier.notify(LaunchManager.java:209)
	at org.eclipse.debug.internal.core.LaunchConfigurationWorkingCopy.setDirty(LaunchConfigurationWorkingCopy.java:521)
	at org.eclipse.debug.internal.core.LaunchConfigurationWorkingCopy.setAttribute(LaunchConfigurationWorkingCopy.java:409)
	at org.eclipse.m2e.jdt.internal.launch.MavenRuntimeClasspathProvider.disable(MavenRuntimeClasspathProvider.java:401)
	at org.eclipse.m2e.jdt.internal.launch.MavenRuntimeClasspathProvider.disable(MavenRuntimeClasspathProvider.java:427)
	at org.eclipse.m2e.jdt.internal.launch.MavenLaunchConfigurationListener.mavenProjectChanged(MavenLaunchConfigurationListener.java:72)
	at org.eclipse.m2e.core.internal.project.registry.ProjectRegistryManager.notifyProjectChangeListeners(ProjectRegistryManager.java:824)
	at org.eclipse.m2e.core.internal.project.registry.ProjectRegistryManager.applyMutableProjectRegistry(ProjectRegistryManager.java:990)
	at org.eclipse.m2e.core.internal.project.registry.ProjectRegistryRefreshJob.lambda$0(ProjectRegistryRefreshJob.java:149)
	at org.eclipse.m2e.core.internal.embedder.MavenExecutionContext.executeBare(MavenExecutionContext.java:179)
	at org.eclipse.m2e.core.internal.embedder.MavenExecutionContext.execute(MavenExecutionContext.java:153)
	at org.eclipse.m2e.core.internal.embedder.MavenExecutionContext.execute(MavenExecutionContext.java:101)
	at org.eclipse.m2e.core.internal.embedder.MavenImpl.execute(MavenImpl.java:1374)
	at org.eclipse.m2e.core.internal.project.registry.ProjectRegistryRefreshJob.run(ProjectRegistryRefreshJob.java:84)
	at org.eclipse.core.internal.jobs.Worker.run(Worker.java:63)
2022-02-24 16:29:40,931 [Worker-10: Updating Maven Dependencies] ERROR o.e.m.j.i.l.MavenLaunchConfigurationListener - Launch configuration MainApplication (3) references closed project miaosha_4
org.eclipse.core.runtime.CoreException: Launch configuration MainApplication (3) references closed project miaosha_4
	at org.eclipse.jdt.launching.JavaRuntime.abort(JavaRuntime.java:1843)
	at org.eclipse.jdt.launching.JavaRuntime.getJavaProject(JavaRuntime.java:1715)
	at org.eclipse.m2e.jdt.internal.launch.MavenLaunchConfigurationListener.updateLaunchConfiguration(MavenLaunchConfigurationListener.java:55)
	at org.eclipse.m2e.jdt.internal.launch.MavenLaunchConfigurationListener.launchConfigurationChanged(MavenLaunchConfigurationListener.java:40)
	at org.eclipse.debug.internal.core.LaunchManager$ConfigurationNotifier.run(LaunchManager.java:225)
	at org.eclipse.core.runtime.SafeRunner.run(SafeRunner.java:45)
	at org.eclipse.debug.internal.core.LaunchManager$ConfigurationNotifier.notify(LaunchManager.java:209)
	at org.eclipse.debug.internal.core.LaunchConfigurationWorkingCopy.setDirty(LaunchConfigurationWorkingCopy.java:521)
	at org.eclipse.debug.internal.core.LaunchConfigurationWorkingCopy.setAttribute(LaunchConfigurationWorkingCopy.java:409)
	at org.eclipse.m2e.jdt.internal.launch.MavenRuntimeClasspathProvider.disable(MavenRuntimeClasspathProvider.java:402)
	at org.eclipse.m2e.jdt.internal.launch.MavenRuntimeClasspathProvider.disable(MavenRuntimeClasspathProvider.java:427)
	at org.eclipse.m2e.jdt.internal.launch.MavenLaunchConfigurationListener.mavenProjectChanged(MavenLaunchConfigurationListener.java:72)
	at org.eclipse.m2e.core.internal.project.registry.ProjectRegistryManager.notifyProjectChangeListeners(ProjectRegistryManager.java:824)
	at org.eclipse.m2e.core.internal.project.registry.ProjectRegistryManager.applyMutableProjectRegistry(ProjectRegistryManager.java:990)
	at org.eclipse.m2e.core.internal.project.registry.ProjectRegistryRefreshJob.lambda$0(ProjectRegistryRefreshJob.java:149)
	at org.eclipse.m2e.core.internal.embedder.MavenExecutionContext.executeBare(MavenExecutionContext.java:179)
	at org.eclipse.m2e.core.internal.embedder.MavenExecutionContext.execute(MavenExecutionContext.java:153)
	at org.eclipse.m2e.core.internal.embedder.MavenExecutionContext.execute(MavenExecutionContext.java:101)
	at org.eclipse.m2e.core.internal.embedder.MavenImpl.execute(MavenImpl.java:1374)
	at org.eclipse.m2e.core.internal.project.registry.ProjectRegistryRefreshJob.run(ProjectRegistryRefreshJob.java:84)
	at org.eclipse.core.internal.jobs.Worker.run(Worker.java:63)
2022-02-24 16:29:40,935 [Worker-10: Updating Maven Dependencies] ERROR o.e.m.j.i.l.MavenLaunchConfigurationListener - Launch configuration MainApplication (3) references closed project miaosha_4
org.eclipse.core.runtime.CoreException: Launch configuration MainApplication (3) references closed project miaosha_4
	at org.eclipse.jdt.launching.JavaRuntime.abort(JavaRuntime.java:1843)
	at org.eclipse.jdt.launching.JavaRuntime.getJavaProject(JavaRuntime.java:1715)
	at org.eclipse.m2e.jdt.internal.launch.MavenLaunchConfigurationListener.updateLaunchConfiguration(MavenLaunchConfigurationListener.java:55)
	at org.eclipse.m2e.jdt.internal.launch.MavenLaunchConfigurationListener.launchConfigurationChanged(MavenLaunchConfigurationListener.java:40)
	at org.eclipse.debug.internal.core.LaunchManager$ConfigurationNotifier.run(LaunchManager.java:225)
	at org.eclipse.core.runtime.SafeRunner.run(SafeRunner.java:45)
	at org.eclipse.debug.internal.core.LaunchManager$ConfigurationNotifier.notify(LaunchManager.java:209)
	at org.eclipse.debug.internal.core.LaunchManager.launchConfigurationChanged(LaunchManager.java:2132)
	at org.eclipse.debug.internal.core.LaunchConfigurationWorkingCopy.writeNewFile(LaunchConfigurationWorkingCopy.java:374)
	at org.eclipse.debug.internal.core.LaunchConfigurationWorkingCopy.doSave0(LaunchConfigurationWorkingCopy.java:257)
	at org.eclipse.debug.internal.core.LaunchConfigurationWorkingCopy.doSave(LaunchConfigurationWorkingCopy.java:227)
	at org.eclipse.debug.internal.core.LaunchConfigurationWorkingCopy.doSave(LaunchConfigurationWorkingCopy.java:185)
	at org.eclipse.m2e.jdt.internal.launch.MavenRuntimeClasspathProvider.disable(MavenRuntimeClasspathProvider.java:403)
	at org.eclipse.m2e.jdt.internal.launch.MavenRuntimeClasspathProvider.disable(MavenRuntimeClasspathProvider.java:427)
	at org.eclipse.m2e.jdt.internal.launch.MavenLaunchConfigurationListener.mavenProjectChanged(MavenLaunchConfigurationListener.java:72)
	at org.eclipse.m2e.core.internal.project.registry.ProjectRegistryManager.notifyProjectChangeListeners(ProjectRegistryManager.java:824)
	at org.eclipse.m2e.core.internal.project.registry.ProjectRegistryManager.applyMutableProjectRegistry(ProjectRegistryManager.java:990)
	at org.eclipse.m2e.core.internal.project.registry.ProjectRegistryRefreshJob.lambda$0(ProjectRegistryRefreshJob.java:149)
	at org.eclipse.m2e.core.internal.embedder.MavenExecutionContext.executeBare(MavenExecutionContext.java:179)
	at org.eclipse.m2e.core.internal.embedder.MavenExecutionContext.execute(MavenExecutionContext.java:153)
	at org.eclipse.m2e.core.internal.embedder.MavenExecutionContext.execute(MavenExecutionContext.java:101)
	at org.eclipse.m2e.core.internal.embedder.MavenImpl.execute(MavenImpl.java:1374)
	at org.eclipse.m2e.core.internal.project.registry.ProjectRegistryRefreshJob.run(ProjectRegistryRefreshJob.java:84)
	at org.eclipse.core.internal.jobs.Worker.run(Worker.java:63)
2022-02-24 16:29:40,936 [Worker-10: Updating Maven Dependencies] ERROR o.e.m.j.i.l.MavenLaunchConfigurationListener - Launch configuration UserUtil (2) references closed project miaosha_4
org.eclipse.core.runtime.CoreException: Launch configuration UserUtil (2) references closed project miaosha_4
	at org.eclipse.jdt.launching.JavaRuntime.abort(JavaRuntime.java:1843)
	at org.eclipse.jdt.launching.JavaRuntime.getJavaProject(JavaRuntime.java:1715)
	at org.eclipse.m2e.jdt.internal.launch.MavenLaunchConfigurationListener.updateLaunchConfiguration(MavenLaunchConfigurationListener.java:55)
	at org.eclipse.m2e.jdt.internal.launch.MavenLaunchConfigurationListener.launchConfigurationChanged(MavenLaunchConfigurationListener.java:40)
	at org.eclipse.debug.internal.core.LaunchManager$ConfigurationNotifier.run(LaunchManager.java:225)
	at org.eclipse.core.runtime.SafeRunner.run(SafeRunner.java:45)
	at org.eclipse.debug.internal.core.LaunchManager$ConfigurationNotifier.notify(LaunchManager.java:209)
	at org.eclipse.debug.internal.core.LaunchConfigurationWorkingCopy.setDirty(LaunchConfigurationWorkingCopy.java:521)
	at org.eclipse.debug.internal.core.LaunchConfigurationWorkingCopy.setAttribute(LaunchConfigurationWorkingCopy.java:409)
	at org.eclipse.m2e.jdt.internal.launch.MavenRuntimeClasspathProvider.disable(MavenRuntimeClasspathProvider.java:401)
	at org.eclipse.m2e.jdt.internal.launch.MavenRuntimeClasspathProvider.disable(MavenRuntimeClasspathProvider.java:427)
	at org.eclipse.m2e.jdt.internal.launch.MavenLaunchConfigurationListener.mavenProjectChanged(MavenLaunchConfigurationListener.java:72)
	at org.eclipse.m2e.core.internal.project.registry.ProjectRegistryManager.notifyProjectChangeListeners(ProjectRegistryManager.java:824)
	at org.eclipse.m2e.core.internal.project.registry.ProjectRegistryManager.applyMutableProjectRegistry(ProjectRegistryManager.java:990)
	at org.eclipse.m2e.core.internal.project.registry.ProjectRegistryRefreshJob.lambda$0(ProjectRegistryRefreshJob.java:149)
	at org.eclipse.m2e.core.internal.embedder.MavenExecutionContext.executeBare(MavenExecutionContext.java:179)
	at org.eclipse.m2e.core.internal.embedder.MavenExecutionContext.execute(MavenExecutionContext.java:153)
	at org.eclipse.m2e.core.internal.embedder.MavenExecutionContext.execute(MavenExecutionContext.java:101)
	at org.eclipse.m2e.core.internal.embedder.MavenImpl.execute(MavenImpl.java:1374)
	at org.eclipse.m2e.core.internal.project.registry.ProjectRegistryRefreshJob.run(ProjectRegistryRefreshJob.java:84)
	at org.eclipse.core.internal.jobs.Worker.run(Worker.java:63)
2022-02-24 16:29:40,937 [Worker-10: Updating Maven Dependencies] ERROR o.e.m.j.i.l.MavenLaunchConfigurationListener - Launch configuration UserUtil (2) references closed project miaosha_4
org.eclipse.core.runtime.CoreException: Launch configuration UserUtil (2) references closed project miaosha_4
	at org.eclipse.jdt.launching.JavaRuntime.abort(JavaRuntime.java:1843)
	at org.eclipse.jdt.launching.JavaRuntime.getJavaProject(JavaRuntime.java:1715)
	at org.eclipse.m2e.jdt.internal.launch.MavenLaunchConfigurationListener.updateLaunchConfiguration(MavenLaunchConfigurationListener.java:55)
	at org.eclipse.m2e.jdt.internal.launch.MavenLaunchConfigurationListener.launchConfigurationChanged(MavenLaunchConfigurationListener.java:40)
	at org.eclipse.debug.internal.core.LaunchManager$ConfigurationNotifier.run(LaunchManager.java:225)
	at org.eclipse.core.runtime.SafeRunner.run(SafeRunner.java:45)
	at org.eclipse.debug.internal.core.LaunchManager$ConfigurationNotifier.notify(LaunchManager.java:209)
	at org.eclipse.debug.internal.core.LaunchConfigurationWorkingCopy.setDirty(LaunchConfigurationWorkingCopy.java:521)
	at org.eclipse.debug.internal.core.LaunchConfigurationWorkingCopy.setAttribute(LaunchConfigurationWorkingCopy.java:409)
	at org.eclipse.m2e.jdt.internal.launch.MavenRuntimeClasspathProvider.disable(MavenRuntimeClasspathProvider.java:402)
	at org.eclipse.m2e.jdt.internal.launch.MavenRuntimeClasspathProvider.disable(MavenRuntimeClasspathProvider.java:427)
	at org.eclipse.m2e.jdt.internal.launch.MavenLaunchConfigurationListener.mavenProjectChanged(MavenLaunchConfigurationListener.java:72)
	at org.eclipse.m2e.core.internal.project.registry.ProjectRegistryManager.notifyProjectChangeListeners(ProjectRegistryManager.java:824)
	at org.eclipse.m2e.core.internal.project.registry.ProjectRegistryManager.applyMutableProjectRegistry(ProjectRegistryManager.java:990)
	at org.eclipse.m2e.core.internal.project.registry.ProjectRegistryRefreshJob.lambda$0(ProjectRegistryRefreshJob.java:149)
	at org.eclipse.m2e.core.internal.embedder.MavenExecutionContext.executeBare(MavenExecutionContext.java:179)
	at org.eclipse.m2e.core.internal.embedder.MavenExecutionContext.execute(MavenExecutionContext.java:153)
	at org.eclipse.m2e.core.internal.embedder.MavenExecutionContext.execute(MavenExecutionContext.java:101)
	at org.eclipse.m2e.core.internal.embedder.MavenImpl.execute(MavenImpl.java:1374)
	at org.eclipse.m2e.core.internal.project.registry.ProjectRegistryRefreshJob.run(ProjectRegistryRefreshJob.java:84)
	at org.eclipse.core.internal.jobs.Worker.run(Worker.java:63)
2022-02-24 16:29:40,941 [Worker-10: Updating Maven Dependencies] ERROR o.e.m.j.i.l.MavenLaunchConfigurationListener - Launch configuration UserUtil (2) references closed project miaosha_4
org.eclipse.core.runtime.CoreException: Launch configuration UserUtil (2) references closed project miaosha_4
	at org.eclipse.jdt.launching.JavaRuntime.abort(JavaRuntime.java:1843)
	at org.eclipse.jdt.launching.JavaRuntime.getJavaProject(JavaRuntime.java:1715)
	at org.eclipse.m2e.jdt.internal.launch.MavenLaunchConfigurationListener.updateLaunchConfiguration(MavenLaunchConfigurationListener.java:55)
	at org.eclipse.m2e.jdt.internal.launch.MavenLaunchConfigurationListener.launchConfigurationChanged(MavenLaunchConfigurationListener.java:40)
	at org.eclipse.debug.internal.core.LaunchManager$ConfigurationNotifier.run(LaunchManager.java:225)
	at org.eclipse.core.runtime.SafeRunner.run(SafeRunner.java:45)
	at org.eclipse.debug.internal.core.LaunchManager$ConfigurationNotifier.notify(LaunchManager.java:209)
	at org.eclipse.debug.internal.core.LaunchManager.launchConfigurationChanged(LaunchManager.java:2132)
	at org.eclipse.debug.internal.core.LaunchConfigurationWorkingCopy.writeNewFile(LaunchConfigurationWorkingCopy.java:374)
	at org.eclipse.debug.internal.core.LaunchConfigurationWorkingCopy.doSave0(LaunchConfigurationWorkingCopy.java:257)
	at org.eclipse.debug.internal.core.LaunchConfigurationWorkingCopy.doSave(LaunchConfigurationWorkingCopy.java:227)
	at org.eclipse.debug.internal.core.LaunchConfigurationWorkingCopy.doSave(LaunchConfigurationWorkingCopy.java:185)
	at org.eclipse.m2e.jdt.internal.launch.MavenRuntimeClasspathProvider.disable(MavenRuntimeClasspathProvider.java:403)
	at org.eclipse.m2e.jdt.internal.launch.MavenRuntimeClasspathProvider.disable(MavenRuntimeClasspathProvider.java:427)
	at org.eclipse.m2e.jdt.internal.launch.MavenLaunchConfigurationListener.mavenProjectChanged(MavenLaunchConfigurationListener.java:72)
	at org.eclipse.m2e.core.internal.project.registry.ProjectRegistryManager.notifyProjectChangeListeners(ProjectRegistryManager.java:824)
	at org.eclipse.m2e.core.internal.project.registry.ProjectRegistryManager.applyMutableProjectRegistry(ProjectRegistryManager.java:990)
	at org.eclipse.m2e.core.internal.project.registry.ProjectRegistryRefreshJob.lambda$0(ProjectRegistryRefreshJob.java:149)
	at org.eclipse.m2e.core.internal.embedder.MavenExecutionContext.executeBare(MavenExecutionContext.java:179)
	at org.eclipse.m2e.core.internal.embedder.MavenExecutionContext.execute(MavenExecutionContext.java:153)
	at org.eclipse.m2e.core.internal.embedder.MavenExecutionContext.execute(MavenExecutionContext.java:101)
	at org.eclipse.m2e.core.internal.embedder.MavenImpl.execute(MavenImpl.java:1374)
	at org.eclipse.m2e.core.internal.project.registry.ProjectRegistryRefreshJob.run(ProjectRegistryRefreshJob.java:84)
	at org.eclipse.core.internal.jobs.Worker.run(Worker.java:63)
2022-02-24 16:30:11,640 [Worker-13: Building] INFO  o.e.m.c.i.l.LifecycleMappingFactory - Using org.eclipse.m2e.jdt.JarLifecycleMapping lifecycle mapping for MavenProject: com.kirin:miaosha_5:0.0.1-SNAPSHOT @ E:\Work\ideajava\GraduationProject\SecKill\SecKill\miaosha_5\pom.xml.
2022-02-24 16:30:12,292 [Worker-13: Building] INFO  o.e.m.c.i.embedder.EclipseLogger - Using 'UTF-8' encoding to copy filtered resources.
2022-02-24 16:30:12,294 [Worker-13: Building] INFO  o.e.m.c.i.embedder.EclipseLogger - Copying 0 resource
2022-02-24 16:30:12,294 [Worker-13: Building] INFO  o.e.m.c.i.embedder.EclipseLogger - Copying 0 resource
2022-02-24 16:30:12,296 [Worker-13: Building] INFO  o.e.m.c.i.embedder.EclipseLogger - Using 'UTF-8' encoding to copy filtered resources.
2022-02-24 16:30:12,296 [Worker-13: Building] INFO  o.e.m.c.i.embedder.EclipseLogger - skip non existing resourceDirectory E:\Work\ideajava\GraduationProject\SecKill\SecKill\miaosha_5\src\test\resources
2022-02-24 16:55:30,892 [Worker-27: Building] INFO  o.e.m.c.i.embedder.EclipseLogger - Using 'UTF-8' encoding to copy filtered resources.
2022-02-24 16:55:30,899 [Worker-27: Building] INFO  o.e.m.c.i.embedder.EclipseLogger - Copying 1 resource
2022-02-24 16:55:30,917 [Worker-27: Building] INFO  o.e.m.c.i.embedder.EclipseLogger - Copying 41 resources
2022-02-24 16:55:30,925 [Worker-27: Building] INFO  o.e.m.c.i.embedder.EclipseLogger - Using 'UTF-8' encoding to copy filtered resources.
2022-02-24 16:55:30,925 [Worker-27: Building] INFO  o.e.m.c.i.embedder.EclipseLogger - skip non existing resourceDirectory E:\Work\ideajava\GraduationProject\SecKill\SecKill\miaosha_5\src\test\resources
2022-02-24 16:57:43,328 [Worker-26: Building] INFO  o.e.m.c.i.embedder.EclipseLogger - Using 'UTF-8' encoding to copy filtered resources.
2022-02-24 16:57:43,338 [Worker-26: Building] INFO  o.e.m.c.i.embedder.EclipseLogger - Copying 1 resource
2022-02-24 16:57:43,347 [Worker-26: Building] INFO  o.e.m.c.i.embedder.EclipseLogger - Copying 41 resources
2022-02-24 16:57:43,366 [Worker-26: Building] INFO  o.e.m.c.i.embedder.EclipseLogger - Using 'UTF-8' encoding to copy filtered resources.
2022-02-24 16:57:43,366 [Worker-26: Building] INFO  o.e.m.c.i.embedder.EclipseLogger - skip non existing resourceDirectory E:\Work\ideajava\GraduationProject\SecKill\SecKill\miaosha_5\src\test\resources
2022-02-24 16:59:05,621 [Worker-30: Building] INFO  o.e.m.c.i.embedder.EclipseLogger - Using 'UTF-8' encoding to copy filtered resources.
2022-02-24 16:59:05,623 [Worker-30: Building] INFO  o.e.m.c.i.embedder.EclipseLogger - Copying 0 resource
2022-02-24 16:59:05,623 [Worker-30: Building] INFO  o.e.m.c.i.embedder.EclipseLogger - Copying 1 resource
2022-02-24 16:59:05,630 [Worker-30: Building] INFO  o.e.m.c.i.embedder.EclipseLogger - Using 'UTF-8' encoding to copy filtered resources.
2022-02-24 16:59:05,630 [Worker-30: Building] INFO  o.e.m.c.i.embedder.EclipseLogger - skip non existing resourceDirectory E:\Work\ideajava\GraduationProject\SecKill\SecKill\miaosha_5\src\test\resources
2022-02-24 17:00:48,727 [Worker-21: Building] INFO  o.e.m.c.i.embedder.EclipseLogger - Using 'UTF-8' encoding to copy filtered resources.
2022-02-24 17:00:48,728 [Worker-21: Building] INFO  o.e.m.c.i.embedder.EclipseLogger - Copying 0 resource
2022-02-24 17:00:48,728 [Worker-21: Building] INFO  o.e.m.c.i.embedder.EclipseLogger - Copying 1 resource
2022-02-24 17:00:48,733 [Worker-21: Building] INFO  o.e.m.c.i.embedder.EclipseLogger - Using 'UTF-8' encoding to copy filtered resources.
2022-02-24 17:00:48,733 [Worker-21: Building] INFO  o.e.m.c.i.embedder.EclipseLogger - skip non existing resourceDirectory E:\Work\ideajava\GraduationProject\SecKill\SecKill\miaosha_5\src\test\resources
2022-02-24 17:04:36,960 [Worker-26: Building] INFO  o.e.m.c.i.embedder.EclipseLogger - Using 'UTF-8' encoding to copy filtered resources.
2022-02-24 17:04:36,965 [Worker-26: Building] INFO  o.e.m.c.i.embedder.EclipseLogger - Copying 1 resource
2022-02-24 17:04:36,972 [Worker-26: Building] INFO  o.e.m.c.i.embedder.EclipseLogger - Copying 41 resources
2022-02-24 17:04:36,980 [Worker-26: Building] INFO  o.e.m.c.i.embedder.EclipseLogger - Using 'UTF-8' encoding to copy filtered resources.
2022-02-24 17:04:36,980 [Worker-26: Building] INFO  o.e.m.c.i.embedder.EclipseLogger - skip non existing resourceDirectory E:\Work\ideajava\GraduationProject\SecKill\SecKill\miaosha_5\src\test\resources
2022-02-24 17:05:58,658 [Worker-35: Building] INFO  o.e.m.c.i.embedder.EclipseLogger - Using 'UTF-8' encoding to copy filtered resources.
2022-02-24 17:05:58,664 [Worker-35: Building] INFO  o.e.m.c.i.embedder.EclipseLogger - Copying 1 resource
2022-02-24 17:05:58,671 [Worker-35: Building] INFO  o.e.m.c.i.embedder.EclipseLogger - Copying 41 resources
2022-02-24 17:05:58,680 [Worker-35: Building] INFO  o.e.m.c.i.embedder.EclipseLogger - Using 'UTF-8' encoding to copy filtered resources.
2022-02-24 17:05:58,680 [Worker-35: Building] INFO  o.e.m.c.i.embedder.EclipseLogger - skip non existing resourceDirectory E:\Work\ideajava\GraduationProject\SecKill\SecKill\miaosha_5\src\test\resources
2022-02-24 17:12:02,416 [Worker-30: Building] INFO  o.e.m.c.i.embedder.EclipseLogger - Using 'UTF-8' encoding to copy filtered resources.
2022-02-24 17:12:02,421 [Worker-30: Building] INFO  o.e.m.c.i.embedder.EclipseLogger - Copying 1 resource
2022-02-24 17:12:02,427 [Worker-30: Building] INFO  o.e.m.c.i.embedder.EclipseLogger - Copying 41 resources
2022-02-24 17:12:02,436 [Worker-30: Building] INFO  o.e.m.c.i.embedder.EclipseLogger - Using 'UTF-8' encoding to copy filtered resources.
2022-02-24 17:12:02,437 [Worker-30: Building] INFO  o.e.m.c.i.embedder.EclipseLogger - skip non existing resourceDirectory E:\Work\ideajava\GraduationProject\SecKill\SecKill\miaosha_5\src\test\resources
2022-02-24 17:12:32,446 [Worker-26: Building] INFO  o.e.m.c.i.embedder.EclipseLogger - Using 'UTF-8' encoding to copy filtered resources.
2022-02-24 17:12:32,452 [Worker-26: Building] INFO  o.e.m.c.i.embedder.EclipseLogger - Copying 1 resource
2022-02-24 17:12:32,459 [Worker-26: Building] INFO  o.e.m.c.i.embedder.EclipseLogger - Copying 41 resources
2022-02-24 17:12:32,469 [Worker-26: Building] INFO  o.e.m.c.i.embedder.EclipseLogger - Using 'UTF-8' encoding to copy filtered resources.
2022-02-24 17:12:32,469 [Worker-26: Building] INFO  o.e.m.c.i.embedder.EclipseLogger - skip non existing resourceDirectory E:\Work\ideajava\GraduationProject\SecKill\SecKill\miaosha_5\src\test\resources
2022-02-24 17:23:32,082 [Worker-39: Building] INFO  o.e.m.c.i.embedder.EclipseLogger - Using 'UTF-8' encoding to copy filtered resources.
2022-02-24 17:23:32,082 [Worker-39: Building] INFO  o.e.m.c.i.embedder.EclipseLogger - Copying 0 resource
2022-02-24 17:23:32,083 [Worker-39: Building] INFO  o.e.m.c.i.embedder.EclipseLogger - Copying 1 resource
2022-02-24 17:23:32,087 [Worker-39: Building] INFO  o.e.m.c.i.embedder.EclipseLogger - Using 'UTF-8' encoding to copy filtered resources.
2022-02-24 17:23:32,087 [Worker-39: Building] INFO  o.e.m.c.i.embedder.EclipseLogger - skip non existing resourceDirectory E:\Work\ideajava\GraduationProject\SecKill\SecKill\miaosha_5\src\test\resources
2022-02-24 21:07:22,869 [Worker-2: Loading available Gradle versions] INFO  o.e.b.c.i.u.g.PublishedGradleVersions - Gradle version information cache is up-to-date. Trying to read.
2022-02-24 21:36:26,322 [Worker-24: Building] INFO  o.e.m.c.i.embedder.EclipseLogger - Using 'UTF-8' encoding to copy filtered resources.
2022-02-24 21:36:26,350 [Worker-24: Building] INFO  o.e.m.c.i.embedder.EclipseLogger - Copying 1 resource
2022-02-24 21:36:26,372 [Worker-24: Building] INFO  o.e.m.c.i.embedder.EclipseLogger - Copying 41 resources
2022-02-24 21:36:26,402 [Worker-24: Building] INFO  o.e.m.c.i.embedder.EclipseLogger - Using 'UTF-8' encoding to copy filtered resources.
2022-02-24 21:36:26,402 [Worker-24: Building] INFO  o.e.m.c.i.embedder.EclipseLogger - skip non existing resourceDirectory E:\Work\ideajava\GraduationProject\SecKill\SecKill\miaosha_5\src\test\resources
2022-02-24 21:54:12,624 [Worker-26: Launching MiaoshaService] INFO  o.e.m.c.i.embedder.EclipseLogger - Using 'UTF-8' encoding to copy filtered resources.
2022-02-24 21:54:12,632 [Worker-26: Launching MiaoshaService] INFO  o.e.m.c.i.embedder.EclipseLogger - Copying 1 resource
2022-02-24 21:54:12,641 [Worker-26: Launching MiaoshaService] INFO  o.e.m.c.i.embedder.EclipseLogger - Copying 41 resources
2022-02-24 21:54:12,648 [Worker-26: Launching MiaoshaService] INFO  o.e.m.c.i.embedder.EclipseLogger - Using 'UTF-8' encoding to copy filtered resources.
2022-02-24 21:54:12,648 [Worker-26: Launching MiaoshaService] INFO  o.e.m.c.i.embedder.EclipseLogger - skip non existing resourceDirectory E:\Work\ideajava\GraduationProject\SecKill\SecKill\miaosha_5\src\test\resources
2022-02-24 21:59:19,259 [Worker-34: Launching MiaoshaService] INFO  o.e.m.c.i.embedder.EclipseLogger - Using 'UTF-8' encoding to copy filtered resources.
2022-02-24 21:59:19,265 [Worker-34: Launching MiaoshaService] INFO  o.e.m.c.i.embedder.EclipseLogger - Copying 1 resource
2022-02-24 21:59:19,274 [Worker-34: Launching MiaoshaService] INFO  o.e.m.c.i.embedder.EclipseLogger - Copying 41 resources
2022-02-24 21:59:19,281 [Worker-34: Launching MiaoshaService] INFO  o.e.m.c.i.embedder.EclipseLogger - Using 'UTF-8' encoding to copy filtered resources.
2022-02-24 21:59:19,281 [Worker-34: Launching MiaoshaService] INFO  o.e.m.c.i.embedder.EclipseLogger - skip non existing resourceDirectory E:\Work\ideajava\GraduationProject\SecKill\SecKill\miaosha_5\src\test\resources
2022-02-24 22:00:31,655 [Worker-32: Building] INFO  o.e.m.c.i.embedder.EclipseLogger - Using 'UTF-8' encoding to copy filtered resources.
2022-02-24 22:00:31,661 [Worker-32: Building] INFO  o.e.m.c.i.embedder.EclipseLogger - Copying 1 resource
2022-02-24 22:00:31,666 [Worker-32: Building] INFO  o.e.m.c.i.embedder.EclipseLogger - Copying 41 resources
2022-02-24 22:00:31,673 [Worker-32: Building] INFO  o.e.m.c.i.embedder.EclipseLogger - Using 'UTF-8' encoding to copy filtered resources.
2022-02-24 22:00:31,673 [Worker-32: Building] INFO  o.e.m.c.i.embedder.EclipseLogger - skip non existing resourceDirectory E:\Work\ideajava\GraduationProject\SecKill\SecKill\miaosha_5\src\test\resources
2022-02-24 22:02:52,174 [Worker-32: Building] INFO  o.e.m.c.i.embedder.EclipseLogger - Using 'UTF-8' encoding to copy filtered resources.
2022-02-24 22:02:52,180 [Worker-32: Building] INFO  o.e.m.c.i.embedder.EclipseLogger - Copying 1 resource
2022-02-24 22:02:52,188 [Worker-32: Building] INFO  o.e.m.c.i.embedder.EclipseLogger - Copying 41 resources
2022-02-24 22:02:52,197 [Worker-32: Building] INFO  o.e.m.c.i.embedder.EclipseLogger - Using 'UTF-8' encoding to copy filtered resources.
2022-02-24 22:02:52,197 [Worker-32: Building] INFO  o.e.m.c.i.embedder.EclipseLogger - skip non existing resourceDirectory E:\Work\ideajava\GraduationProject\SecKill\SecKill\miaosha_5\src\test\resources
2022-02-24 22:04:28,142 [Worker-33: Building] INFO  o.e.m.c.i.embedder.EclipseLogger - Using 'UTF-8' encoding to copy filtered resources.
2022-02-24 22:04:28,147 [Worker-33: Building] INFO  o.e.m.c.i.embedder.EclipseLogger - Copying 1 resource
2022-02-24 22:04:28,153 [Worker-33: Building] INFO  o.e.m.c.i.embedder.EclipseLogger - Copying 41 resources
2022-02-24 22:04:28,160 [Worker-33: Building] INFO  o.e.m.c.i.embedder.EclipseLogger - Using 'UTF-8' encoding to copy filtered resources.
2022-02-24 22:04:28,161 [Worker-33: Building] INFO  o.e.m.c.i.embedder.EclipseLogger - skip non existing resourceDirectory E:\Work\ideajava\GraduationProject\SecKill\SecKill\miaosha_5\src\test\resources
2022-02-24 22:06:40,776 [Worker-36: Building] INFO  o.e.m.c.i.embedder.EclipseLogger - Using 'UTF-8' encoding to copy filtered resources.
2022-02-24 22:06:40,779 [Worker-36: Building] INFO  o.e.m.c.i.embedder.EclipseLogger - Copying 0 resource
2022-02-24 22:06:40,780 [Worker-36: Building] INFO  o.e.m.c.i.embedder.EclipseLogger - Copying 4 resources
2022-02-24 22:06:40,795 [Worker-36: Building] INFO  o.e.m.c.i.embedder.EclipseLogger - Using 'UTF-8' encoding to copy filtered resources.
2022-02-24 22:06:40,795 [Worker-36: Building] INFO  o.e.m.c.i.embedder.EclipseLogger - skip non existing resourceDirectory E:\Work\ideajava\GraduationProject\SecKill\SecKill\miaosha_5\src\test\resources
2022-02-24 22:07:08,185 [Worker-32: Building] INFO  o.e.m.c.i.embedder.EclipseLogger - Using 'UTF-8' encoding to copy filtered resources.
2022-02-24 22:07:08,186 [Worker-32: Building] INFO  o.e.m.c.i.embedder.EclipseLogger - Copying 0 resource
2022-02-24 22:07:08,186 [Worker-32: Building] INFO  o.e.m.c.i.embedder.EclipseLogger - Copying 1 resource
2022-02-24 22:07:08,191 [Worker-32: Building] INFO  o.e.m.c.i.embedder.EclipseLogger - Using 'UTF-8' encoding to copy filtered resources.
2022-02-24 22:07:08,191 [Worker-32: Building] INFO  o.e.m.c.i.embedder.EclipseLogger - skip non existing resourceDirectory E:\Work\ideajava\GraduationProject\SecKill\SecKill\miaosha_5\src\test\resources
2022-02-24 22:09:15,604 [Worker-32: Building] INFO  o.e.m.c.i.embedder.EclipseLogger - Using 'UTF-8' encoding to copy filtered resources.
2022-02-24 22:09:15,604 [Worker-32: Building] INFO  o.e.m.c.i.embedder.EclipseLogger - Copying 0 resource
2022-02-24 22:09:15,604 [Worker-32: Building] INFO  o.e.m.c.i.embedder.EclipseLogger - Copying 1 resource
2022-02-24 22:09:15,611 [Worker-32: Building] INFO  o.e.m.c.i.embedder.EclipseLogger - Using 'UTF-8' encoding to copy filtered resources.
2022-02-24 22:09:15,611 [Worker-32: Building] INFO  o.e.m.c.i.embedder.EclipseLogger - skip non existing resourceDirectory E:\Work\ideajava\GraduationProject\SecKill\SecKill\miaosha_5\src\test\resources
2022-02-24 22:12:35,654 [Worker-35: Building] INFO  o.e.m.c.i.embedder.EclipseLogger - Using 'UTF-8' encoding to copy filtered resources.
2022-02-24 22:12:35,661 [Worker-35: Building] INFO  o.e.m.c.i.embedder.EclipseLogger - Copying 1 resource
2022-02-24 22:12:35,668 [Worker-35: Building] INFO  o.e.m.c.i.embedder.EclipseLogger - Copying 45 resources
2022-02-24 22:12:35,676 [Worker-35: Building] INFO  o.e.m.c.i.embedder.EclipseLogger - Using 'UTF-8' encoding to copy filtered resources.
2022-02-24 22:12:35,676 [Worker-35: Building] INFO  o.e.m.c.i.embedder.EclipseLogger - skip non existing resourceDirectory E:\Work\ideajava\GraduationProject\SecKill\SecKill\miaosha_5\src\test\resources
2022-02-24 22:14:07,137 [Worker-38: Launching MiaoshaService] INFO  o.e.m.c.i.embedder.EclipseLogger - Using 'UTF-8' encoding to copy filtered resources.
2022-02-24 22:14:07,143 [Worker-38: Launching MiaoshaService] INFO  o.e.m.c.i.embedder.EclipseLogger - Copying 1 resource
2022-02-24 22:14:07,151 [Worker-38: Launching MiaoshaService] INFO  o.e.m.c.i.embedder.EclipseLogger - Copying 45 resources
2022-02-24 22:14:07,159 [Worker-38: Launching MiaoshaService] INFO  o.e.m.c.i.embedder.EclipseLogger - Using 'UTF-8' encoding to copy filtered resources.
2022-02-24 22:14:07,159 [Worker-38: Launching MiaoshaService] INFO  o.e.m.c.i.embedder.EclipseLogger - skip non existing resourceDirectory E:\Work\ideajava\GraduationProject\SecKill\SecKill\miaosha_5\src\test\resources
2022-02-24 22:22:46,324 [Worker-39: Rebuilding] INFO  o.e.m.c.i.embedder.EclipseLogger - Using 'UTF-8' encoding to copy filtered resources.
2022-02-24 22:22:46,325 [Worker-39: Rebuilding] INFO  o.e.m.c.i.embedder.EclipseLogger - Copying 1 resource
2022-02-24 22:22:46,327 [Worker-39: Rebuilding] INFO  o.e.m.c.i.embedder.EclipseLogger - Copying 45 resources
2022-02-24 22:22:46,455 [Worker-39: Rebuilding] INFO  o.e.m.c.i.embedder.EclipseLogger - Using 'UTF-8' encoding to copy filtered resources.
2022-02-24 22:22:46,455 [Worker-39: Rebuilding] INFO  o.e.m.c.i.embedder.EclipseLogger - skip non existing resourceDirectory E:\Work\ideajava\GraduationProject\SecKill\SecKill\miaosha_5\src\test\resources
2022-02-24 22:22:51,875 [Worker-43: Building] INFO  o.e.m.c.i.embedder.EclipseLogger - Using 'UTF-8' encoding to copy filtered resources.
2022-02-24 22:22:51,885 [Worker-43: Building] INFO  o.e.m.c.i.embedder.EclipseLogger - Copying 1 resource
2022-02-24 22:22:51,896 [Worker-43: Building] INFO  o.e.m.c.i.embedder.EclipseLogger - Copying 45 resources
2022-02-24 22:22:51,910 [Worker-43: Building] INFO  o.e.m.c.i.embedder.EclipseLogger - Using 'UTF-8' encoding to copy filtered resources.
2022-02-24 22:22:51,911 [Worker-43: Building] INFO  o.e.m.c.i.embedder.EclipseLogger - skip non existing resourceDirectory E:\Work\ideajava\GraduationProject\SecKill\SecKill\miaosha_5\src\test\resources
2022-02-24 22:23:13,056 [Worker-0: Loading available Gradle versions] INFO  o.e.b.c.i.u.g.PublishedGradleVersions - Gradle version information cache is up-to-date. Trying to read.
2022-02-24 22:25:43,668 [Worker-5: Building] INFO  o.e.m.c.i.embedder.EclipseLogger - Using 'UTF-8' encoding to copy filtered resources.
2022-02-24 22:25:43,673 [Worker-5: Building] INFO  o.e.m.c.i.embedder.EclipseLogger - Copying 1 resource
2022-02-24 22:25:43,689 [Worker-5: Building] INFO  o.e.m.c.i.embedder.EclipseLogger - Copying 45 resources
2022-02-24 22:25:43,698 [Worker-5: Building] INFO  o.e.m.c.i.embedder.EclipseLogger - Using 'UTF-8' encoding to copy filtered resources.
2022-02-24 22:25:43,698 [Worker-5: Building] INFO  o.e.m.c.i.embedder.EclipseLogger - skip non existing resourceDirectory E:\Work\ideajava\GraduationProject\SecKill\SecKill\miaosha_5\src\test\resources
2022-02-24 22:27:59,870 [Worker-0: Building] INFO  o.e.m.c.i.l.LifecycleMappingFactory - Using org.eclipse.m2e.jdt.JarLifecycleMapping lifecycle mapping for MavenProject: com.kirin:miaosha_5:0.0.1-SNAPSHOT @ E:\Work\ideajava\GraduationProject\SecKill\SecKill\miaosha_5\pom.xml.
2022-02-24 22:28:01,620 [Worker-0: Building] INFO  o.e.m.c.i.e.AbstractTransferListenerAdapter - Downloading https://repo.maven.apache.org/maven2/org/openjdk/nashorn/nashorn-core/15.0/nashorn-core-15.0.pom
2022-02-24 22:28:02,035 [Worker-0: Building] INFO  o.e.m.c.i.e.AbstractTransferListenerAdapter - Downloaded https://repo.maven.apache.org/maven2/org/openjdk/nashorn/nashorn-core/15.0/nashorn-core-15.0.pom
2022-02-24 22:28:02,245 [Worker-0: Building] INFO  o.e.m.c.i.e.AbstractTransferListenerAdapter - Downloading https://repo.maven.apache.org/maven2/org/ow2/asm/asm/7.3.1/asm-7.3.1.pom
2022-02-24 22:28:02,458 [Worker-0: Building] INFO  o.e.m.c.i.e.AbstractTransferListenerAdapter - Downloaded https://repo.maven.apache.org/maven2/org/ow2/asm/asm/7.3.1/asm-7.3.1.pom
2022-02-24 22:28:02,678 [Worker-0: Building] INFO  o.e.m.c.i.e.AbstractTransferListenerAdapter - Downloading https://repo.maven.apache.org/maven2/org/ow2/asm/asm-commons/7.3.1/asm-commons-7.3.1.pom
2022-02-24 22:28:02,900 [Worker-0: Building] INFO  o.e.m.c.i.e.AbstractTransferListenerAdapter - Downloaded https://repo.maven.apache.org/maven2/org/ow2/asm/asm-commons/7.3.1/asm-commons-7.3.1.pom
2022-02-24 22:28:03,110 [Worker-0: Building] INFO  o.e.m.c.i.e.AbstractTransferListenerAdapter - Downloading https://repo.maven.apache.org/maven2/org/ow2/asm/asm-tree/7.3.1/asm-tree-7.3.1.pom
2022-02-24 22:28:03,776 [Worker-0: Building] INFO  o.e.m.c.i.e.AbstractTransferListenerAdapter - Downloaded https://repo.maven.apache.org/maven2/org/ow2/asm/asm-tree/7.3.1/asm-tree-7.3.1.pom
2022-02-24 22:28:04,000 [Worker-0: Building] INFO  o.e.m.c.i.e.AbstractTransferListenerAdapter - Downloading https://repo.maven.apache.org/maven2/org/ow2/asm/asm-analysis/7.3.1/asm-analysis-7.3.1.pom
2022-02-24 22:28:04,216 [Worker-0: Building] INFO  o.e.m.c.i.e.AbstractTransferListenerAdapter - Downloaded https://repo.maven.apache.org/maven2/org/ow2/asm/asm-analysis/7.3.1/asm-analysis-7.3.1.pom
2022-02-24 22:28:04,428 [Worker-0: Building] INFO  o.e.m.c.i.e.AbstractTransferListenerAdapter - Downloading https://repo.maven.apache.org/maven2/org/ow2/asm/asm-util/7.3.1/asm-util-7.3.1.pom
2022-02-24 22:28:04,659 [Worker-0: Building] INFO  o.e.m.c.i.e.AbstractTransferListenerAdapter - Downloaded https://repo.maven.apache.org/maven2/org/ow2/asm/asm-util/7.3.1/asm-util-7.3.1.pom
2022-02-24 22:28:04,933 [AetherRepositoryConnector-repo.maven.apache.org-0-4] INFO  o.e.m.c.i.e.AbstractTransferListenerAdapter - Downloading https://repo.maven.apache.org/maven2/org/ow2/asm/asm-tree/7.3.1/asm-tree-7.3.1.jar
2022-02-24 22:28:05,295 [AetherRepositoryConnector-repo.maven.apache.org-0-0] INFO  o.e.m.c.i.e.AbstractTransferListenerAdapter - Downloading https://repo.maven.apache.org/maven2/org/openjdk/nashorn/nashorn-core/15.0/nashorn-core-15.0.jar
2022-02-24 22:28:05,538 [AetherRepositoryConnector-repo.maven.apache.org-0-3] INFO  o.e.m.c.i.e.AbstractTransferListenerAdapter - Downloading https://repo.maven.apache.org/maven2/org/ow2/asm/asm-analysis/7.3.1/asm-analysis-7.3.1.jar
2022-02-24 22:28:05,538 [AetherRepositoryConnector-repo.maven.apache.org-0-2] INFO  o.e.m.c.i.e.AbstractTransferListenerAdapter - Downloading https://repo.maven.apache.org/maven2/org/ow2/asm/asm-commons/7.3.1/asm-commons-7.3.1.jar
2022-02-24 22:28:05,538 [AetherRepositoryConnector-repo.maven.apache.org-0-1] INFO  o.e.m.c.i.e.AbstractTransferListenerAdapter - Downloading https://repo.maven.apache.org/maven2/org/ow2/asm/asm/7.3.1/asm-7.3.1.jar
2022-02-24 22:28:05,599 [AetherRepositoryConnector-repo.maven.apache.org-0-4] INFO  o.e.m.c.i.e.AbstractTransferListenerAdapter - Downloaded https://repo.maven.apache.org/maven2/org/ow2/asm/asm-tree/7.3.1/asm-tree-7.3.1.jar
2022-02-24 22:28:05,833 [AetherRepositoryConnector-repo.maven.apache.org-0-4] INFO  o.e.m.c.i.e.AbstractTransferListenerAdapter - Downloading https://repo.maven.apache.org/maven2/org/ow2/asm/asm-util/7.3.1/asm-util-7.3.1.jar
2022-02-24 22:28:06,906 [AetherRepositoryConnector-repo.maven.apache.org-0-3] INFO  o.e.m.c.i.e.AbstractTransferListenerAdapter - Downloaded https://repo.maven.apache.org/maven2/org/ow2/asm/asm-analysis/7.3.1/asm-analysis-7.3.1.jar
2022-02-24 22:28:07,933 [AetherRepositoryConnector-repo.maven.apache.org-0-2] INFO  o.e.m.c.i.e.AbstractTransferListenerAdapter - Downloaded https://repo.maven.apache.org/maven2/org/ow2/asm/asm-commons/7.3.1/asm-commons-7.3.1.jar
2022-02-24 22:28:08,197 [AetherRepositoryConnector-repo.maven.apache.org-0-4] INFO  o.e.m.c.i.e.AbstractTransferListenerAdapter - Downloaded https://repo.maven.apache.org/maven2/org/ow2/asm/asm-util/7.3.1/asm-util-7.3.1.jar
2022-02-24 22:28:08,395 [AetherRepositoryConnector-repo.maven.apache.org-0-1] INFO  o.e.m.c.i.e.AbstractTransferListenerAdapter - Downloaded https://repo.maven.apache.org/maven2/org/ow2/asm/asm/7.3.1/asm-7.3.1.jar
2022-02-24 22:28:20,789 [AetherRepositoryConnector-repo.maven.apache.org-0-0] INFO  o.e.m.c.i.e.AbstractTransferListenerAdapter - Downloaded https://repo.maven.apache.org/maven2/org/openjdk/nashorn/nashorn-core/15.0/nashorn-core-15.0.jar
2022-02-24 22:28:21,624 [Worker-0: Building] INFO  o.e.m.c.i.embedder.EclipseLogger - Using 'UTF-8' encoding to copy filtered resources.
2022-02-24 22:28:21,627 [Worker-0: Building] INFO  o.e.m.c.i.embedder.EclipseLogger - Copying 0 resource
2022-02-24 22:28:21,627 [Worker-0: Building] INFO  o.e.m.c.i.embedder.EclipseLogger - Copying 0 resource
2022-02-24 22:28:21,630 [Worker-0: Building] INFO  o.e.m.c.i.embedder.EclipseLogger - Using 'UTF-8' encoding to copy filtered resources.
2022-02-24 22:28:21,630 [Worker-0: Building] INFO  o.e.m.c.i.embedder.EclipseLogger - skip non existing resourceDirectory E:\Work\ideajava\GraduationProject\SecKill\SecKill\miaosha_5\src\test\resources
2022-02-24 22:28:23,105 [Worker-22: Launching MiaoshaService] INFO  o.e.m.c.i.embedder.EclipseLogger - Using 'UTF-8' encoding to copy filtered resources.
2022-02-24 22:28:23,115 [Worker-22: Launching MiaoshaService] INFO  o.e.m.c.i.embedder.EclipseLogger - Copying 1 resource
2022-02-24 22:28:23,136 [Worker-22: Launching MiaoshaService] INFO  o.e.m.c.i.embedder.EclipseLogger - Copying 45 resources
2022-02-24 22:28:23,289 [Worker-22: Launching MiaoshaService] INFO  o.e.m.c.i.embedder.EclipseLogger - Using 'UTF-8' encoding to copy filtered resources.
2022-02-24 22:28:23,289 [Worker-22: Launching MiaoshaService] INFO  o.e.m.c.i.embedder.EclipseLogger - skip non existing resourceDirectory E:\Work\ideajava\GraduationProject\SecKill\SecKill\miaosha_5\src\test\resources
2022-02-24 22:28:23,987 [Worker-23: Download sources and javadoc] INFO  o.e.m.c.i.e.AbstractTransferListenerAdapter - Downloading https://repo.maven.apache.org/maven2/org/openjdk/nashorn/nashorn-core/15.0/nashorn-core-15.0-sources.jar
2022-02-24 22:28:27,756 [Worker-23: Download sources and javadoc] INFO  o.e.m.c.i.e.AbstractTransferListenerAdapter - Downloaded https://repo.maven.apache.org/maven2/org/openjdk/nashorn/nashorn-core/15.0/nashorn-core-15.0-sources.jar
2022-02-24 22:28:27,813 [Worker-23: Download sources and javadoc] INFO  o.e.m.j.internal.DownloadSourcesJob - Downloaded sources for org.openjdk.nashorn:nashorn-core:15.0
2022-02-24 22:28:28,659 [Worker-23: Download sources and javadoc] INFO  o.e.m.c.i.e.AbstractTransferListenerAdapter - Downloading https://repo.maven.apache.org/maven2/org/ow2/asm/asm/7.3.1/asm-7.3.1-sources.jar
2022-02-24 22:28:29,395 [Worker-23: Download sources and javadoc] INFO  o.e.m.c.i.e.AbstractTransferListenerAdapter - Downloaded https://repo.maven.apache.org/maven2/org/ow2/asm/asm/7.3.1/asm-7.3.1-sources.jar
2022-02-24 22:28:29,440 [Worker-23: Download sources and javadoc] INFO  o.e.m.j.internal.DownloadSourcesJob - Downloaded sources for org.ow2.asm:asm:7.3.1
2022-02-24 22:28:30,332 [Worker-23: Download sources and javadoc] INFO  o.e.m.c.i.e.AbstractTransferListenerAdapter - Downloading https://repo.maven.apache.org/maven2/org/ow2/asm/asm-commons/7.3.1/asm-commons-7.3.1-sources.jar
2022-02-24 22:28:30,840 [Worker-23: Download sources and javadoc] INFO  o.e.m.c.i.e.AbstractTransferListenerAdapter - Downloaded https://repo.maven.apache.org/maven2/org/ow2/asm/asm-commons/7.3.1/asm-commons-7.3.1-sources.jar
2022-02-24 22:28:30,936 [Worker-23: Download sources and javadoc] INFO  o.e.m.j.internal.DownloadSourcesJob - Downloaded sources for org.ow2.asm:asm-commons:7.3.1
2022-02-24 22:28:32,186 [Worker-23: Download sources and javadoc] INFO  o.e.m.c.i.e.AbstractTransferListenerAdapter - Downloading https://repo.maven.apache.org/maven2/org/ow2/asm/asm-analysis/7.3.1/asm-analysis-7.3.1-sources.jar
2022-02-24 22:28:32,800 [Worker-23: Download sources and javadoc] INFO  o.e.m.c.i.e.AbstractTransferListenerAdapter - Downloaded https://repo.maven.apache.org/maven2/org/ow2/asm/asm-analysis/7.3.1/asm-analysis-7.3.1-sources.jar
2022-02-24 22:28:32,832 [Worker-23: Download sources and javadoc] INFO  o.e.m.j.internal.DownloadSourcesJob - Downloaded sources for org.ow2.asm:asm-analysis:7.3.1
2022-02-24 22:28:34,039 [Worker-23: Download sources and javadoc] INFO  o.e.m.c.i.e.AbstractTransferListenerAdapter - Downloading https://repo.maven.apache.org/maven2/org/ow2/asm/asm-tree/7.3.1/asm-tree-7.3.1-sources.jar
2022-02-24 22:28:34,745 [Worker-23: Download sources and javadoc] INFO  o.e.m.c.i.e.AbstractTransferListenerAdapter - Downloaded https://repo.maven.apache.org/maven2/org/ow2/asm/asm-tree/7.3.1/asm-tree-7.3.1-sources.jar
2022-02-24 22:28:34,778 [Worker-23: Download sources and javadoc] INFO  o.e.m.j.internal.DownloadSourcesJob - Downloaded sources for org.ow2.asm:asm-tree:7.3.1
2022-02-24 22:28:36,003 [Worker-23: Download sources and javadoc] INFO  o.e.m.c.i.e.AbstractTransferListenerAdapter - Downloading https://repo.maven.apache.org/maven2/org/ow2/asm/asm-util/7.3.1/asm-util-7.3.1-sources.jar
2022-02-24 22:28:36,726 [Worker-23: Download sources and javadoc] INFO  o.e.m.c.i.e.AbstractTransferListenerAdapter - Downloaded https://repo.maven.apache.org/maven2/org/ow2/asm/asm-util/7.3.1/asm-util-7.3.1-sources.jar
2022-02-24 22:28:36,776 [Worker-23: Download sources and javadoc] INFO  o.e.m.j.internal.DownloadSourcesJob - Downloaded sources for org.ow2.asm:asm-util:7.3.1
2022-02-24 22:28:36,779 [Worker-23: Download sources and javadoc] INFO  o.e.m.j.internal.DownloadSourcesJob - Downloaded sources for org.openjdk.nashorn:nashorn-core:15.0
2022-02-24 22:28:36,782 [Worker-23: Download sources and javadoc] INFO  o.e.m.j.internal.DownloadSourcesJob - Downloaded sources for org.ow2.asm:asm:7.3.1
2022-02-24 22:28:36,784 [Worker-23: Download sources and javadoc] INFO  o.e.m.j.internal.DownloadSourcesJob - Downloaded sources for org.ow2.asm:asm-commons:7.3.1
2022-02-24 22:28:36,787 [Worker-23: Download sources and javadoc] INFO  o.e.m.j.internal.DownloadSourcesJob - Downloaded sources for org.ow2.asm:asm-analysis:7.3.1
2022-02-24 22:28:36,790 [Worker-23: Download sources and javadoc] INFO  o.e.m.j.internal.DownloadSourcesJob - Downloaded sources for org.ow2.asm:asm-tree:7.3.1
2022-02-24 22:28:36,793 [Worker-23: Download sources and javadoc] INFO  o.e.m.j.internal.DownloadSourcesJob - Downloaded sources for org.ow2.asm:asm-util:7.3.1
2022-02-24 22:28:36,796 [Worker-23: Download sources and javadoc] INFO  o.e.m.j.internal.DownloadSourcesJob - Downloaded sources for org.openjdk.nashorn:nashorn-core:15.0
2022-02-24 22:28:36,799 [Worker-23: Download sources and javadoc] INFO  o.e.m.j.internal.DownloadSourcesJob - Downloaded sources for org.ow2.asm:asm:7.3.1
2022-02-24 22:28:36,803 [Worker-23: Download sources and javadoc] INFO  o.e.m.j.internal.DownloadSourcesJob - Downloaded sources for org.ow2.asm:asm-commons:7.3.1
2022-02-24 22:28:36,807 [Worker-23: Download sources and javadoc] INFO  o.e.m.j.internal.DownloadSourcesJob - Downloaded sources for org.ow2.asm:asm-analysis:7.3.1
2022-02-24 22:28:36,810 [Worker-23: Download sources and javadoc] INFO  o.e.m.j.internal.DownloadSourcesJob - Downloaded sources for org.ow2.asm:asm-tree:7.3.1
2022-02-24 22:28:36,813 [Worker-23: Download sources and javadoc] INFO  o.e.m.j.internal.DownloadSourcesJob - Downloaded sources for org.ow2.asm:asm-util:7.3.1
2022-02-24 22:28:36,816 [Worker-23: Download sources and javadoc] INFO  o.e.m.j.internal.DownloadSourcesJob - Downloaded sources for org.openjdk.nashorn:nashorn-core:15.0
2022-02-24 22:28:36,819 [Worker-23: Download sources and javadoc] INFO  o.e.m.j.internal.DownloadSourcesJob - Downloaded sources for org.ow2.asm:asm:7.3.1
2022-02-24 22:28:36,821 [Worker-23: Download sources and javadoc] INFO  o.e.m.j.internal.DownloadSourcesJob - Downloaded sources for org.ow2.asm:asm-commons:7.3.1
2022-02-24 22:28:36,824 [Worker-23: Download sources and javadoc] INFO  o.e.m.j.internal.DownloadSourcesJob - Downloaded sources for org.openjdk.nashorn:nashorn-core:15.0
2022-02-24 22:28:36,827 [Worker-23: Download sources and javadoc] INFO  o.e.m.j.internal.DownloadSourcesJob - Downloaded sources for org.ow2.asm:asm-analysis:7.3.1
2022-02-24 22:28:36,830 [Worker-23: Download sources and javadoc] INFO  o.e.m.j.internal.DownloadSourcesJob - Downloaded sources for org.ow2.asm:asm:7.3.1
2022-02-24 22:28:36,832 [Worker-23: Download sources and javadoc] INFO  o.e.m.j.internal.DownloadSourcesJob - Downloaded sources for org.ow2.asm:asm-tree:7.3.1
2022-02-24 22:28:36,836 [Worker-23: Download sources and javadoc] INFO  o.e.m.j.internal.DownloadSourcesJob - Downloaded sources for org.ow2.asm:asm-commons:7.3.1
2022-02-24 22:28:36,839 [Worker-23: Download sources and javadoc] INFO  o.e.m.j.internal.DownloadSourcesJob - Downloaded sources for org.ow2.asm:asm-util:7.3.1
2022-02-24 22:28:36,842 [Worker-23: Download sources and javadoc] INFO  o.e.m.j.internal.DownloadSourcesJob - Downloaded sources for org.ow2.asm:asm-analysis:7.3.1
2022-02-24 22:28:36,844 [Worker-23: Download sources and javadoc] INFO  o.e.m.j.internal.DownloadSourcesJob - Downloaded sources for org.ow2.asm:asm-tree:7.3.1
2022-02-24 22:28:36,847 [Worker-23: Download sources and javadoc] INFO  o.e.m.j.internal.DownloadSourcesJob - Downloaded sources for org.ow2.asm:asm-util:7.3.1
2022-02-24 22:28:36,850 [Worker-23: Download sources and javadoc] INFO  o.e.m.j.internal.DownloadSourcesJob - Downloaded sources for org.openjdk.nashorn:nashorn-core:15.0
2022-02-24 22:28:36,854 [Worker-23: Download sources and javadoc] INFO  o.e.m.j.internal.DownloadSourcesJob - Downloaded sources for org.openjdk.nashorn:nashorn-core:15.0
2022-02-24 22:28:36,856 [Worker-23: Download sources and javadoc] INFO  o.e.m.j.internal.DownloadSourcesJob - Downloaded sources for org.ow2.asm:asm:7.3.1
2022-02-24 22:28:36,859 [Worker-23: Download sources and javadoc] INFO  o.e.m.j.internal.DownloadSourcesJob - Downloaded sources for org.ow2.asm:asm:7.3.1
2022-02-24 22:28:36,862 [Worker-23: Download sources and javadoc] INFO  o.e.m.j.internal.DownloadSourcesJob - Downloaded sources for org.ow2.asm:asm-commons:7.3.1
2022-02-24 22:28:36,866 [Worker-23: Download sources and javadoc] INFO  o.e.m.j.internal.DownloadSourcesJob - Downloaded sources for org.ow2.asm:asm-commons:7.3.1
2022-02-24 22:28:36,869 [Worker-23: Download sources and javadoc] INFO  o.e.m.j.internal.DownloadSourcesJob - Downloaded sources for org.ow2.asm:asm-analysis:7.3.1
2022-02-24 22:28:36,872 [Worker-23: Download sources and javadoc] INFO  o.e.m.j.internal.DownloadSourcesJob - Downloaded sources for org.ow2.asm:asm-analysis:7.3.1
2022-02-24 22:28:36,874 [Worker-23: Download sources and javadoc] INFO  o.e.m.j.internal.DownloadSourcesJob - Downloaded sources for org.ow2.asm:asm-tree:7.3.1
2022-02-24 22:28:36,877 [Worker-23: Download sources and javadoc] INFO  o.e.m.j.internal.DownloadSourcesJob - Downloaded sources for org.ow2.asm:asm-tree:7.3.1
2022-02-24 22:28:36,880 [Worker-23: Download sources and javadoc] INFO  o.e.m.j.internal.DownloadSourcesJob - Downloaded sources for org.ow2.asm:asm-util:7.3.1
2022-02-24 22:28:36,883 [Worker-23: Download sources and javadoc] INFO  o.e.m.j.internal.DownloadSourcesJob - Downloaded sources for org.ow2.asm:asm-util:7.3.1
2022-02-24 22:28:37,235 [Worker-0: Building] INFO  o.e.m.c.i.embedder.EclipseLogger - Using 'UTF-8' encoding to copy filtered resources.
2022-02-24 22:28:37,236 [Worker-0: Building] INFO  o.e.m.c.i.embedder.EclipseLogger - Copying 0 resource
2022-02-24 22:28:37,236 [Worker-0: Building] INFO  o.e.m.c.i.embedder.EclipseLogger - Copying 0 resource
2022-02-24 22:28:37,237 [Worker-0: Building] INFO  o.e.m.c.i.embedder.EclipseLogger - Using 'UTF-8' encoding to copy filtered resources.
2022-02-24 22:28:37,237 [Worker-0: Building] INFO  o.e.m.c.i.embedder.EclipseLogger - skip non existing resourceDirectory E:\Work\ideajava\GraduationProject\SecKill\SecKill\miaosha_5\src\test\resources
2022-02-24 22:28:39,853 [Worker-24: Rebuilding] INFO  o.e.m.c.i.embedder.EclipseLogger - Using 'UTF-8' encoding to copy filtered resources.
2022-02-24 22:28:39,855 [Worker-24: Rebuilding] INFO  o.e.m.c.i.embedder.EclipseLogger - Copying 1 resource
2022-02-24 22:28:39,859 [Worker-24: Rebuilding] INFO  o.e.m.c.i.embedder.EclipseLogger - Copying 45 resources
2022-02-24 22:28:39,963 [Worker-24: Rebuilding] INFO  o.e.m.c.i.embedder.EclipseLogger - Using 'UTF-8' encoding to copy filtered resources.
2022-02-24 22:28:39,963 [Worker-24: Rebuilding] INFO  o.e.m.c.i.embedder.EclipseLogger - skip non existing resourceDirectory E:\Work\ideajava\GraduationProject\SecKill\SecKill\miaosha_5\src\test\resources
2022-02-24 22:31:03,191 [Worker-23: Rebuilding] INFO  o.e.m.c.i.embedder.EclipseLogger - Using 'UTF-8' encoding to copy filtered resources.
2022-02-24 22:31:03,192 [Worker-23: Rebuilding] INFO  o.e.m.c.i.embedder.EclipseLogger - Copying 1 resource
2022-02-24 22:31:03,194 [Worker-23: Rebuilding] INFO  o.e.m.c.i.embedder.EclipseLogger - Copying 45 resources
2022-02-24 22:31:03,287 [Worker-23: Rebuilding] INFO  o.e.m.c.i.embedder.EclipseLogger - Using 'UTF-8' encoding to copy filtered resources.
2022-02-24 22:31:03,287 [Worker-23: Rebuilding] INFO  o.e.m.c.i.embedder.EclipseLogger - skip non existing resourceDirectory E:\Work\ideajava\GraduationProject\SecKill\SecKill\miaosha_5\src\test\resources
2022-02-24 22:32:47,971 [Worker-3: Building] INFO  o.e.m.c.i.embedder.EclipseLogger - Using 'UTF-8' encoding to copy filtered resources.
2022-02-24 22:32:47,972 [Worker-3: Building] INFO  o.e.m.c.i.embedder.EclipseLogger - Copying 0 resource
2022-02-24 22:32:47,973 [Worker-3: Building] INFO  o.e.m.c.i.embedder.EclipseLogger - Copying 1 resource
2022-02-24 22:32:47,977 [Worker-3: Building] INFO  o.e.m.c.i.embedder.EclipseLogger - Using 'UTF-8' encoding to copy filtered resources.
2022-02-24 22:32:47,977 [Worker-3: Building] INFO  o.e.m.c.i.embedder.EclipseLogger - skip non existing resourceDirectory E:\Work\ideajava\GraduationProject\SecKill\SecKill\miaosha_5\src\test\resources
2022-02-25 12:31:02,163 [Worker-34: Building Project miaosha_5] INFO  o.e.m.c.i.embedder.EclipseLogger - Using 'UTF-8' encoding to copy filtered resources.
2022-02-25 12:31:02,165 [Worker-34: Building Project miaosha_5] INFO  o.e.m.c.i.embedder.EclipseLogger - Copying 1 resource
2022-02-25 12:31:02,169 [Worker-34: Building Project miaosha_5] INFO  o.e.m.c.i.embedder.EclipseLogger - Copying 45 resources
2022-02-25 12:31:02,318 [Worker-34: Building Project miaosha_5] INFO  o.e.m.c.i.embedder.EclipseLogger - Using 'UTF-8' encoding to copy filtered resources.
2022-02-25 12:31:02,318 [Worker-34: Building Project miaosha_5] INFO  o.e.m.c.i.embedder.EclipseLogger - skip non existing resourceDirectory E:\Work\ideajava\GraduationProject\SecKill\SecKill\miaosha_5\src\test\resources
2022-02-25 12:33:50,711 [Worker-46: Building] INFO  o.e.m.c.i.embedder.EclipseLogger - Using 'UTF-8' encoding to copy filtered resources.
2022-02-25 12:33:50,711 [Worker-46: Building] INFO  o.e.m.c.i.embedder.EclipseLogger - Copying 0 resource
2022-02-25 12:33:50,712 [Worker-46: Building] INFO  o.e.m.c.i.embedder.EclipseLogger - Copying 0 resource
2022-02-25 12:33:50,713 [Worker-46: Building] INFO  o.e.m.c.i.embedder.EclipseLogger - Using 'UTF-8' encoding to copy filtered resources.
2022-02-25 12:33:50,713 [Worker-46: Building] INFO  o.e.m.c.i.embedder.EclipseLogger - skip non existing resourceDirectory E:\Work\ideajava\GraduationProject\SecKill\SecKill\miaosha_5\src\test\resources
2022-02-25 12:35:28,373 [Worker-44: Building] INFO  o.e.m.c.i.embedder.EclipseLogger - Using 'UTF-8' encoding to copy filtered resources.
2022-02-25 12:35:28,373 [Worker-44: Building] INFO  o.e.m.c.i.embedder.EclipseLogger - Copying 0 resource
2022-02-25 12:35:28,373 [Worker-44: Building] INFO  o.e.m.c.i.embedder.EclipseLogger - Copying 0 resource
2022-02-25 12:35:28,375 [Worker-44: Building] INFO  o.e.m.c.i.embedder.EclipseLogger - Using 'UTF-8' encoding to copy filtered resources.
2022-02-25 12:35:28,375 [Worker-44: Building] INFO  o.e.m.c.i.embedder.EclipseLogger - skip non existing resourceDirectory E:\Work\ideajava\GraduationProject\SecKill\SecKill\miaosha_5\src\test\resources
2022-02-25 12:49:18,951 [Worker-44: Building] INFO  o.e.m.c.i.embedder.EclipseLogger - Using 'UTF-8' encoding to copy filtered resources.
2022-02-25 12:49:18,977 [Worker-44: Building] INFO  o.e.m.c.i.embedder.EclipseLogger - Copying 1 resource
2022-02-25 12:49:18,990 [Worker-44: Building] INFO  o.e.m.c.i.embedder.EclipseLogger - Copying 45 resources
2022-02-25 12:49:19,167 [Worker-44: Building] INFO  o.e.m.c.i.embedder.EclipseLogger - Using 'UTF-8' encoding to copy filtered resources.
2022-02-25 12:49:19,168 [Worker-44: Building] INFO  o.e.m.c.i.embedder.EclipseLogger - skip non existing resourceDirectory E:\Work\ideajava\GraduationProject\SecKill\SecKill\miaosha_5\src\test\resources
2022-02-25 12:49:31,687 [Worker-44: Building] INFO  o.e.m.c.i.embedder.EclipseLogger - Using 'UTF-8' encoding to copy filtered resources.
2022-02-25 12:49:31,696 [Worker-44: Building] INFO  o.e.m.c.i.embedder.EclipseLogger - Copying 1 resource
2022-02-25 12:49:31,706 [Worker-44: Building] INFO  o.e.m.c.i.embedder.EclipseLogger - Copying 45 resources
2022-02-25 12:49:31,838 [Worker-44: Building] INFO  o.e.m.c.i.embedder.EclipseLogger - Using 'UTF-8' encoding to copy filtered resources.
2022-02-25 12:49:31,838 [Worker-44: Building] INFO  o.e.m.c.i.embedder.EclipseLogger - skip non existing resourceDirectory E:\Work\ideajava\GraduationProject\SecKill\SecKill\miaosha_5\src\test\resources
2022-02-25 12:49:34,416 [Worker-51: Building] INFO  o.e.m.c.i.embedder.EclipseLogger - Using 'UTF-8' encoding to copy filtered resources.
2022-02-25 12:49:34,425 [Worker-51: Building] INFO  o.e.m.c.i.embedder.EclipseLogger - Copying 1 resource
2022-02-25 12:49:34,435 [Worker-51: Building] INFO  o.e.m.c.i.embedder.EclipseLogger - Copying 45 resources
2022-02-25 12:49:34,532 [Worker-51: Building] INFO  o.e.m.c.i.embedder.EclipseLogger - Using 'UTF-8' encoding to copy filtered resources.
2022-02-25 12:49:34,532 [Worker-51: Building] INFO  o.e.m.c.i.embedder.EclipseLogger - skip non existing resourceDirectory E:\Work\ideajava\GraduationProject\SecKill\SecKill\miaosha_5\src\test\resources
2022-02-25 12:50:16,917 [Worker-49: Building] INFO  o.e.m.c.i.embedder.EclipseLogger - Using 'UTF-8' encoding to copy filtered resources.
2022-02-25 12:50:16,926 [Worker-49: Building] INFO  o.e.m.c.i.embedder.EclipseLogger - Copying 1 resource
2022-02-25 12:50:16,937 [Worker-49: Building] INFO  o.e.m.c.i.embedder.EclipseLogger - Copying 45 resources
2022-02-25 12:50:17,043 [Worker-49: Building] INFO  o.e.m.c.i.embedder.EclipseLogger - Using 'UTF-8' encoding to copy filtered resources.
2022-02-25 12:50:17,043 [Worker-49: Building] INFO  o.e.m.c.i.embedder.EclipseLogger - skip non existing resourceDirectory E:\Work\ideajava\GraduationProject\SecKill\SecKill\miaosha_5\src\test\resources
2022-02-25 12:50:30,751 [Worker-41: Building] INFO  o.e.m.c.i.embedder.EclipseLogger - Using 'UTF-8' encoding to copy filtered resources.
2022-02-25 12:50:30,765 [Worker-41: Building] INFO  o.e.m.c.i.embedder.EclipseLogger - Copying 1 resource
2022-02-25 12:50:30,776 [Worker-41: Building] INFO  o.e.m.c.i.embedder.EclipseLogger - Copying 45 resources
2022-02-25 12:50:31,011 [Worker-41: Building] INFO  o.e.m.c.i.embedder.EclipseLogger - Using 'UTF-8' encoding to copy filtered resources.
2022-02-25 12:50:31,011 [Worker-41: Building] INFO  o.e.m.c.i.embedder.EclipseLogger - skip non existing resourceDirectory E:\Work\ideajava\GraduationProject\SecKill\SecKill\miaosha_5\src\test\resources
2022-02-25 12:51:50,789 [Worker-2: Loading available Gradle versions] INFO  o.e.b.c.i.u.g.PublishedGradleVersions - Gradle version information cache is up-to-date. Trying to read.
2022-02-25 12:52:46,148 [Worker-8: Building] INFO  o.e.m.c.i.embedder.EclipseLogger - Using 'UTF-8' encoding to copy filtered resources.
2022-02-25 12:52:46,154 [Worker-8: Building] INFO  o.e.m.c.i.embedder.EclipseLogger - Copying 1 resource
2022-02-25 12:52:46,171 [Worker-8: Building] INFO  o.e.m.c.i.embedder.EclipseLogger - Copying 45 resources
2022-02-25 12:52:46,182 [Worker-8: Building] INFO  o.e.m.c.i.embedder.EclipseLogger - Using 'UTF-8' encoding to copy filtered resources.
2022-02-25 12:52:46,182 [Worker-8: Building] INFO  o.e.m.c.i.embedder.EclipseLogger - skip non existing resourceDirectory E:\Work\ideajava\GraduationProject\SecKill\SecKill\miaosha_5\src\test\resources
2022-02-25 12:52:47,930 [Worker-7: Building] INFO  o.e.m.c.i.embedder.EclipseLogger - Using 'UTF-8' encoding to copy filtered resources.
2022-02-25 12:52:47,931 [Worker-7: Building] INFO  o.e.m.c.i.embedder.EclipseLogger - Copying 0 resource
2022-02-25 12:52:47,932 [Worker-7: Building] INFO  o.e.m.c.i.embedder.EclipseLogger - Copying 0 resource
2022-02-25 12:52:47,934 [Worker-7: Building] INFO  o.e.m.c.i.embedder.EclipseLogger - Using 'UTF-8' encoding to copy filtered resources.
2022-02-25 12:52:47,934 [Worker-7: Building] INFO  o.e.m.c.i.embedder.EclipseLogger - skip non existing resourceDirectory E:\Work\ideajava\GraduationProject\SecKill\SecKill\miaosha_5\src\test\resources
2022-02-25 12:53:13,373 [Worker-1: Building] INFO  o.e.m.c.i.embedder.EclipseLogger - Using 'UTF-8' encoding to copy filtered resources.
2022-02-25 12:53:13,374 [Worker-1: Building] INFO  o.e.m.c.i.embedder.EclipseLogger - Copying 0 resource
2022-02-25 12:53:13,374 [Worker-1: Building] INFO  o.e.m.c.i.embedder.EclipseLogger - Copying 0 resource
2022-02-25 12:53:13,376 [Worker-1: Building] INFO  o.e.m.c.i.embedder.EclipseLogger - Using 'UTF-8' encoding to copy filtered resources.
2022-02-25 12:53:13,376 [Worker-1: Building] INFO  o.e.m.c.i.embedder.EclipseLogger - skip non existing resourceDirectory E:\Work\ideajava\GraduationProject\SecKill\SecKill\miaosha_5\src\test\resources
2022-02-25 12:54:09,851 [Worker-1: Building] INFO  o.e.m.c.i.embedder.EclipseLogger - Using 'UTF-8' encoding to copy filtered resources.
2022-02-25 12:54:09,852 [Worker-1: Building] INFO  o.e.m.c.i.embedder.EclipseLogger - Copying 0 resource
2022-02-25 12:54:09,855 [Worker-1: Building] INFO  o.e.m.c.i.embedder.EclipseLogger - Copying 0 resource
2022-02-25 12:54:09,857 [Worker-1: Building] INFO  o.e.m.c.i.embedder.EclipseLogger - Using 'UTF-8' encoding to copy filtered resources.
2022-02-25 12:54:09,858 [Worker-1: Building] INFO  o.e.m.c.i.embedder.EclipseLogger - skip non existing resourceDirectory E:\Work\ideajava\GraduationProject\SecKill\SecKill\miaosha_5\src\test\resources
2022-02-25 12:54:55,808 [Worker-0: Loading available Gradle versions] INFO  o.e.b.c.i.u.g.PublishedGradleVersions - Gradle version information cache is up-to-date. Trying to read.
2022-02-25 12:55:34,676 [Worker-0: Building] INFO  o.e.m.c.i.embedder.EclipseLogger - Using 'UTF-8' encoding to copy filtered resources.
2022-02-25 12:55:34,680 [Worker-0: Building] INFO  o.e.m.c.i.embedder.EclipseLogger - Copying 1 resource
2022-02-25 12:55:34,701 [Worker-0: Building] INFO  o.e.m.c.i.embedder.EclipseLogger - Copying 45 resources
2022-02-25 12:55:34,710 [Worker-0: Building] INFO  o.e.m.c.i.embedder.EclipseLogger - Using 'UTF-8' encoding to copy filtered resources.
2022-02-25 12:55:34,710 [Worker-0: Building] INFO  o.e.m.c.i.embedder.EclipseLogger - skip non existing resourceDirectory E:\Work\ideajava\GraduationProject\SecKill\SecKill\miaosha_5\src\test\resources
2022-02-25 12:55:36,397 [Worker-1: Building] INFO  o.e.m.c.i.embedder.EclipseLogger - Using 'UTF-8' encoding to copy filtered resources.
2022-02-25 12:55:36,399 [Worker-1: Building] INFO  o.e.m.c.i.embedder.EclipseLogger - Copying 0 resource
2022-02-25 12:55:36,400 [Worker-1: Building] INFO  o.e.m.c.i.embedder.EclipseLogger - Copying 0 resource
2022-02-25 12:55:36,402 [Worker-1: Building] INFO  o.e.m.c.i.embedder.EclipseLogger - Using 'UTF-8' encoding to copy filtered resources.
2022-02-25 12:55:36,403 [Worker-1: Building] INFO  o.e.m.c.i.embedder.EclipseLogger - skip non existing resourceDirectory E:\Work\ideajava\GraduationProject\SecKill\SecKill\miaosha_5\src\test\resources
2022-02-25 13:07:39,586 [Worker-32: Building] INFO  o.e.m.c.i.embedder.EclipseLogger - Using 'UTF-8' encoding to copy filtered resources.
2022-02-25 13:07:39,597 [Worker-32: Building] INFO  o.e.m.c.i.embedder.EclipseLogger - Copying 1 resource
2022-02-25 13:07:39,609 [Worker-32: Building] INFO  o.e.m.c.i.embedder.EclipseLogger - Copying 45 resources
2022-02-25 13:07:39,622 [Worker-32: Building] INFO  o.e.m.c.i.embedder.EclipseLogger - Using 'UTF-8' encoding to copy filtered resources.
2022-02-25 13:07:39,623 [Worker-32: Building] INFO  o.e.m.c.i.embedder.EclipseLogger - skip non existing resourceDirectory E:\Work\ideajava\GraduationProject\SecKill\SecKill\miaosha_5\src\test\resources
2022-02-25 13:09:49,727 [Worker-30: Building] INFO  o.e.m.c.i.embedder.EclipseLogger - Using 'UTF-8' encoding to copy filtered resources.
2022-02-25 13:09:49,730 [Worker-30: Building] INFO  o.e.m.c.i.embedder.EclipseLogger - Copying 0 resource
2022-02-25 13:09:49,731 [Worker-30: Building] INFO  o.e.m.c.i.embedder.EclipseLogger - Copying 1 resource
2022-02-25 13:09:49,738 [Worker-30: Building] INFO  o.e.m.c.i.embedder.EclipseLogger - Using 'UTF-8' encoding to copy filtered resources.
2022-02-25 13:09:49,738 [Worker-30: Building] INFO  o.e.m.c.i.embedder.EclipseLogger - skip non existing resourceDirectory E:\Work\ideajava\GraduationProject\SecKill\SecKill\miaosha_5\src\test\resources
2022-02-25 13:27:14,345 [Worker-37: Building] INFO  o.e.m.c.i.embedder.EclipseLogger - Using 'UTF-8' encoding to copy filtered resources.
2022-02-25 13:27:14,354 [Worker-37: Building] INFO  o.e.m.c.i.embedder.EclipseLogger - Copying 1 resource
2022-02-25 13:27:14,365 [Worker-37: Building] INFO  o.e.m.c.i.embedder.EclipseLogger - Copying 45 resources
2022-02-25 13:27:14,377 [Worker-37: Building] INFO  o.e.m.c.i.embedder.EclipseLogger - Using 'UTF-8' encoding to copy filtered resources.
2022-02-25 13:27:14,378 [Worker-37: Building] INFO  o.e.m.c.i.embedder.EclipseLogger - skip non existing resourceDirectory E:\Work\ideajava\GraduationProject\SecKill\SecKill\miaosha_5\src\test\resources
2022-02-25 13:31:24,884 [Worker-34: Building] INFO  o.e.m.c.i.embedder.EclipseLogger - Using 'UTF-8' encoding to copy filtered resources.
2022-02-25 13:31:24,890 [Worker-34: Building] INFO  o.e.m.c.i.embedder.EclipseLogger - Copying 1 resource
2022-02-25 13:31:24,900 [Worker-34: Building] INFO  o.e.m.c.i.embedder.EclipseLogger - Copying 45 resources
2022-02-25 13:31:24,907 [Worker-34: Building] INFO  o.e.m.c.i.embedder.EclipseLogger - Using 'UTF-8' encoding to copy filtered resources.
2022-02-25 13:31:24,907 [Worker-34: Building] INFO  o.e.m.c.i.embedder.EclipseLogger - skip non existing resourceDirectory E:\Work\ideajava\GraduationProject\SecKill\SecKill\miaosha_5\src\test\resources
2022-02-25 13:35:59,035 [Worker-36: Building] INFO  o.e.m.c.i.embedder.EclipseLogger - Using 'UTF-8' encoding to copy filtered resources.
2022-02-25 13:35:59,042 [Worker-36: Building] INFO  o.e.m.c.i.embedder.EclipseLogger - Copying 1 resource
2022-02-25 13:35:59,051 [Worker-36: Building] INFO  o.e.m.c.i.embedder.EclipseLogger - Copying 45 resources
2022-02-25 13:35:59,061 [Worker-36: Building] INFO  o.e.m.c.i.embedder.EclipseLogger - Using 'UTF-8' encoding to copy filtered resources.
2022-02-25 13:35:59,061 [Worker-36: Building] INFO  o.e.m.c.i.embedder.EclipseLogger - skip non existing resourceDirectory E:\Work\ideajava\GraduationProject\SecKill\SecKill\miaosha_5\src\test\resources
2022-02-25 13:43:49,801 [Worker-41: Building] INFO  o.e.m.c.i.embedder.EclipseLogger - Using 'UTF-8' encoding to copy filtered resources.
2022-02-25 13:43:49,808 [Worker-41: Building] INFO  o.e.m.c.i.embedder.EclipseLogger - Copying 1 resource
2022-02-25 13:43:49,816 [Worker-41: Building] INFO  o.e.m.c.i.embedder.EclipseLogger - Copying 45 resources
2022-02-25 13:43:49,826 [Worker-41: Building] INFO  o.e.m.c.i.embedder.EclipseLogger - Using 'UTF-8' encoding to copy filtered resources.
2022-02-25 13:43:49,826 [Worker-41: Building] INFO  o.e.m.c.i.embedder.EclipseLogger - skip non existing resourceDirectory E:\Work\ideajava\GraduationProject\SecKill\SecKill\miaosha_5\src\test\resources
2022-02-25 13:44:39,366 [Worker-39: Building] INFO  o.e.m.c.i.embedder.EclipseLogger - Using 'UTF-8' encoding to copy filtered resources.
2022-02-25 13:44:39,372 [Worker-39: Building] INFO  o.e.m.c.i.embedder.EclipseLogger - Copying 1 resource
2022-02-25 13:44:39,380 [Worker-39: Building] INFO  o.e.m.c.i.embedder.EclipseLogger - Copying 45 resources
2022-02-25 13:44:39,391 [Worker-39: Building] INFO  o.e.m.c.i.embedder.EclipseLogger - Using 'UTF-8' encoding to copy filtered resources.
2022-02-25 13:44:39,392 [Worker-39: Building] INFO  o.e.m.c.i.embedder.EclipseLogger - skip non existing resourceDirectory E:\Work\ideajava\GraduationProject\SecKill\SecKill\miaosha_5\src\test\resources
2022-02-25 13:45:37,396 [Worker-41: Building] INFO  o.e.m.c.i.embedder.EclipseLogger - Using 'UTF-8' encoding to copy filtered resources.
2022-02-25 13:45:37,397 [Worker-41: Building] INFO  o.e.m.c.i.embedder.EclipseLogger - Copying 0 resource
2022-02-25 13:45:37,397 [Worker-41: Building] INFO  o.e.m.c.i.embedder.EclipseLogger - Copying 1 resource
2022-02-25 13:45:37,402 [Worker-41: Building] INFO  o.e.m.c.i.embedder.EclipseLogger - Using 'UTF-8' encoding to copy filtered resources.
2022-02-25 13:45:37,402 [Worker-41: Building] INFO  o.e.m.c.i.embedder.EclipseLogger - skip non existing resourceDirectory E:\Work\ideajava\GraduationProject\SecKill\SecKill\miaosha_5\src\test\resources
2022-02-25 14:34:23,397 [Worker-58: Building] INFO  o.e.m.c.i.embedder.EclipseLogger - Using 'UTF-8' encoding to copy filtered resources.
2022-02-25 14:34:23,403 [Worker-58: Building] INFO  o.e.m.c.i.embedder.EclipseLogger - Copying 1 resource
2022-02-25 14:34:23,412 [Worker-58: Building] INFO  o.e.m.c.i.embedder.EclipseLogger - Copying 45 resources
2022-02-25 14:34:23,420 [Worker-58: Building] INFO  o.e.m.c.i.embedder.EclipseLogger - Using 'UTF-8' encoding to copy filtered resources.
2022-02-25 14:34:23,420 [Worker-58: Building] INFO  o.e.m.c.i.embedder.EclipseLogger - skip non existing resourceDirectory E:\Work\ideajava\GraduationProject\SecKill\SecKill\miaosha_5\src\test\resources
2022-02-25 14:34:48,392 [Worker-58: Building] INFO  o.e.m.c.i.embedder.EclipseLogger - Using 'UTF-8' encoding to copy filtered resources.
2022-02-25 14:34:48,399 [Worker-58: Building] INFO  o.e.m.c.i.embedder.EclipseLogger - Copying 1 resource
2022-02-25 14:34:48,409 [Worker-58: Building] INFO  o.e.m.c.i.embedder.EclipseLogger - Copying 45 resources
2022-02-25 14:34:48,417 [Worker-58: Building] INFO  o.e.m.c.i.embedder.EclipseLogger - Using 'UTF-8' encoding to copy filtered resources.
2022-02-25 14:34:48,417 [Worker-58: Building] INFO  o.e.m.c.i.embedder.EclipseLogger - skip non existing resourceDirectory E:\Work\ideajava\GraduationProject\SecKill\SecKill\miaosha_5\src\test\resources
2022-02-25 14:35:38,793 [Worker-61: Building] INFO  o.e.m.c.i.embedder.EclipseLogger - Using 'UTF-8' encoding to copy filtered resources.
2022-02-25 14:35:38,806 [Worker-61: Building] INFO  o.e.m.c.i.embedder.EclipseLogger - Copying 1 resource
2022-02-25 14:35:38,820 [Worker-61: Building] INFO  o.e.m.c.i.embedder.EclipseLogger - Copying 45 resources
2022-02-25 14:35:38,830 [Worker-61: Building] INFO  o.e.m.c.i.embedder.EclipseLogger - Using 'UTF-8' encoding to copy filtered resources.
2022-02-25 14:35:38,831 [Worker-61: Building] INFO  o.e.m.c.i.embedder.EclipseLogger - skip non existing resourceDirectory E:\Work\ideajava\GraduationProject\SecKill\SecKill\miaosha_5\src\test\resources
2022-02-25 14:37:16,597 [Worker-63: Building] INFO  o.e.m.c.i.embedder.EclipseLogger - Using 'UTF-8' encoding to copy filtered resources.
2022-02-25 14:37:16,604 [Worker-63: Building] INFO  o.e.m.c.i.embedder.EclipseLogger - Copying 1 resource
2022-02-25 14:37:16,610 [Worker-63: Building] INFO  o.e.m.c.i.embedder.EclipseLogger - Copying 45 resources
2022-02-25 14:37:16,617 [Worker-63: Building] INFO  o.e.m.c.i.embedder.EclipseLogger - Using 'UTF-8' encoding to copy filtered resources.
2022-02-25 14:37:16,617 [Worker-63: Building] INFO  o.e.m.c.i.embedder.EclipseLogger - skip non existing resourceDirectory E:\Work\ideajava\GraduationProject\SecKill\SecKill\miaosha_5\src\test\resources
2022-02-25 14:38:06,755 [Worker-61: Building] INFO  o.e.m.c.i.embedder.EclipseLogger - Using 'UTF-8' encoding to copy filtered resources.
2022-02-25 14:38:06,766 [Worker-61: Building] INFO  o.e.m.c.i.embedder.EclipseLogger - Copying 1 resource
2022-02-25 14:38:06,774 [Worker-61: Building] INFO  o.e.m.c.i.embedder.EclipseLogger - Copying 45 resources
2022-02-25 14:38:06,786 [Worker-61: Building] INFO  o.e.m.c.i.embedder.EclipseLogger - Using 'UTF-8' encoding to copy filtered resources.
2022-02-25 14:38:06,786 [Worker-61: Building] INFO  o.e.m.c.i.embedder.EclipseLogger - skip non existing resourceDirectory E:\Work\ideajava\GraduationProject\SecKill\SecKill\miaosha_5\src\test\resources
2022-02-25 14:39:26,288 [Worker-61: Building Workspace] INFO  o.e.m.c.i.embedder.EclipseLogger - Using 'UTF-8' encoding to copy filtered resources.
2022-02-25 14:39:26,298 [Worker-61: Building Workspace] INFO  o.e.m.c.i.embedder.EclipseLogger - Copying 1 resource
2022-02-25 14:39:26,305 [Worker-61: Building Workspace] INFO  o.e.m.c.i.embedder.EclipseLogger - Copying 45 resources
2022-02-25 14:39:26,316 [Worker-61: Building Workspace] INFO  o.e.m.c.i.embedder.EclipseLogger - Using 'UTF-8' encoding to copy filtered resources.
2022-02-25 14:39:26,316 [Worker-61: Building Workspace] INFO  o.e.m.c.i.embedder.EclipseLogger - skip non existing resourceDirectory E:\Work\ideajava\GraduationProject\SecKill\SecKill\miaosha_5\src\test\resources
2022-02-25 14:39:36,421 [Worker-60: Building] INFO  o.e.m.c.i.embedder.EclipseLogger - Using 'UTF-8' encoding to copy filtered resources.
2022-02-25 14:39:36,428 [Worker-60: Building] INFO  o.e.m.c.i.embedder.EclipseLogger - Copying 1 resource
2022-02-25 14:39:36,439 [Worker-60: Building] INFO  o.e.m.c.i.embedder.EclipseLogger - Copying 45 resources
2022-02-25 14:39:36,446 [Worker-60: Building] INFO  o.e.m.c.i.embedder.EclipseLogger - Using 'UTF-8' encoding to copy filtered resources.
2022-02-25 14:39:36,447 [Worker-60: Building] INFO  o.e.m.c.i.embedder.EclipseLogger - skip non existing resourceDirectory E:\Work\ideajava\GraduationProject\SecKill\SecKill\miaosha_5\src\test\resources
2022-02-25 14:40:05,274 [Worker-60: Building] INFO  o.e.m.c.i.embedder.EclipseLogger - Using 'UTF-8' encoding to copy filtered resources.
2022-02-25 14:40:05,279 [Worker-60: Building] INFO  o.e.m.c.i.embedder.EclipseLogger - Copying 1 resource
2022-02-25 14:40:05,286 [Worker-60: Building] INFO  o.e.m.c.i.embedder.EclipseLogger - Copying 45 resources
2022-02-25 14:40:05,294 [Worker-60: Building] INFO  o.e.m.c.i.embedder.EclipseLogger - Using 'UTF-8' encoding to copy filtered resources.
2022-02-25 14:40:05,294 [Worker-60: Building] INFO  o.e.m.c.i.embedder.EclipseLogger - skip non existing resourceDirectory E:\Work\ideajava\GraduationProject\SecKill\SecKill\miaosha_5\src\test\resources
2022-02-25 14:43:07,956 [Worker-62: Building] INFO  o.e.m.c.i.embedder.EclipseLogger - Using 'UTF-8' encoding to copy filtered resources.
2022-02-25 14:43:07,961 [Worker-62: Building] INFO  o.e.m.c.i.embedder.EclipseLogger - Copying 1 resource
2022-02-25 14:43:07,968 [Worker-62: Building] INFO  o.e.m.c.i.embedder.EclipseLogger - Copying 45 resources
2022-02-25 14:43:07,974 [Worker-62: Building] INFO  o.e.m.c.i.embedder.EclipseLogger - Using 'UTF-8' encoding to copy filtered resources.
2022-02-25 14:43:07,974 [Worker-62: Building] INFO  o.e.m.c.i.embedder.EclipseLogger - skip non existing resourceDirectory E:\Work\ideajava\GraduationProject\SecKill\SecKill\miaosha_5\src\test\resources
2022-02-25 14:54:41,751 [Worker-58: Building] INFO  o.e.m.c.i.embedder.EclipseLogger - Using 'UTF-8' encoding to copy filtered resources.
2022-02-25 14:54:41,757 [Worker-58: Building] INFO  o.e.m.c.i.embedder.EclipseLogger - Copying 1 resource
2022-02-25 14:54:41,764 [Worker-58: Building] INFO  o.e.m.c.i.embedder.EclipseLogger - Copying 45 resources
2022-02-25 14:54:41,773 [Worker-58: Building] INFO  o.e.m.c.i.embedder.EclipseLogger - Using 'UTF-8' encoding to copy filtered resources.
2022-02-25 14:54:41,773 [Worker-58: Building] INFO  o.e.m.c.i.embedder.EclipseLogger - skip non existing resourceDirectory E:\Work\ideajava\GraduationProject\SecKill\SecKill\miaosha_5\src\test\resources
2022-02-25 14:55:20,353 [Worker-58: Building] INFO  o.e.m.c.i.embedder.EclipseLogger - Using 'UTF-8' encoding to copy filtered resources.
2022-02-25 14:55:20,359 [Worker-58: Building] INFO  o.e.m.c.i.embedder.EclipseLogger - Copying 1 resource
2022-02-25 14:55:20,367 [Worker-58: Building] INFO  o.e.m.c.i.embedder.EclipseLogger - Copying 45 resources
2022-02-25 14:55:20,375 [Worker-58: Building] INFO  o.e.m.c.i.embedder.EclipseLogger - Using 'UTF-8' encoding to copy filtered resources.
2022-02-25 14:55:20,375 [Worker-58: Building] INFO  o.e.m.c.i.embedder.EclipseLogger - skip non existing resourceDirectory E:\Work\ideajava\GraduationProject\SecKill\SecKill\miaosha_5\src\test\resources
2022-02-25 14:55:29,421 [Worker-70: Building] INFO  o.e.m.c.i.embedder.EclipseLogger - Using 'UTF-8' encoding to copy filtered resources.
2022-02-25 14:55:29,429 [Worker-70: Building] INFO  o.e.m.c.i.embedder.EclipseLogger - Copying 1 resource
2022-02-25 14:55:29,438 [Worker-70: Building] INFO  o.e.m.c.i.embedder.EclipseLogger - Copying 45 resources
2022-02-25 14:55:29,450 [Worker-70: Building] INFO  o.e.m.c.i.embedder.EclipseLogger - Using 'UTF-8' encoding to copy filtered resources.
2022-02-25 14:55:29,450 [Worker-70: Building] INFO  o.e.m.c.i.embedder.EclipseLogger - skip non existing resourceDirectory E:\Work\ideajava\GraduationProject\SecKill\SecKill\miaosha_5\src\test\resources
2022-02-25 14:59:16,080 [Worker-70: Building] INFO  o.e.m.c.i.embedder.EclipseLogger - Using 'UTF-8' encoding to copy filtered resources.
2022-02-25 14:59:16,086 [Worker-70: Building] INFO  o.e.m.c.i.embedder.EclipseLogger - Copying 1 resource
2022-02-25 14:59:16,092 [Worker-70: Building] INFO  o.e.m.c.i.embedder.EclipseLogger - Copying 45 resources
2022-02-25 14:59:16,100 [Worker-70: Building] INFO  o.e.m.c.i.embedder.EclipseLogger - Using 'UTF-8' encoding to copy filtered resources.
2022-02-25 14:59:16,100 [Worker-70: Building] INFO  o.e.m.c.i.embedder.EclipseLogger - skip non existing resourceDirectory E:\Work\ideajava\GraduationProject\SecKill\SecKill\miaosha_5\src\test\resources
2022-02-25 15:08:22,594 [Worker-67: Building] INFO  o.e.m.c.i.embedder.EclipseLogger - Using 'UTF-8' encoding to copy filtered resources.
2022-02-25 15:08:22,599 [Worker-67: Building] INFO  o.e.m.c.i.embedder.EclipseLogger - Copying 1 resource
2022-02-25 15:08:22,605 [Worker-67: Building] INFO  o.e.m.c.i.embedder.EclipseLogger - Copying 45 resources
2022-02-25 15:08:22,611 [Worker-67: Building] INFO  o.e.m.c.i.embedder.EclipseLogger - Using 'UTF-8' encoding to copy filtered resources.
2022-02-25 15:08:22,611 [Worker-67: Building] INFO  o.e.m.c.i.embedder.EclipseLogger - skip non existing resourceDirectory E:\Work\ideajava\GraduationProject\SecKill\SecKill\miaosha_5\src\test\resources
2022-02-25 15:11:09,154 [Worker-76: Building] INFO  o.e.m.c.i.embedder.EclipseLogger - Using 'UTF-8' encoding to copy filtered resources.
2022-02-25 15:11:09,159 [Worker-76: Building] INFO  o.e.m.c.i.embedder.EclipseLogger - Copying 1 resource
2022-02-25 15:11:09,165 [Worker-76: Building] INFO  o.e.m.c.i.embedder.EclipseLogger - Copying 45 resources
2022-02-25 15:11:09,172 [Worker-76: Building] INFO  o.e.m.c.i.embedder.EclipseLogger - Using 'UTF-8' encoding to copy filtered resources.
2022-02-25 15:11:09,172 [Worker-76: Building] INFO  o.e.m.c.i.embedder.EclipseLogger - skip non existing resourceDirectory E:\Work\ideajava\GraduationProject\SecKill\SecKill\miaosha_5\src\test\resources
2022-02-25 15:11:12,004 [Worker-71: Building] INFO  o.e.m.c.i.embedder.EclipseLogger - Using 'UTF-8' encoding to copy filtered resources.
2022-02-25 15:11:12,010 [Worker-71: Building] INFO  o.e.m.c.i.embedder.EclipseLogger - Copying 1 resource
2022-02-25 15:11:12,018 [Worker-71: Building] INFO  o.e.m.c.i.embedder.EclipseLogger - Copying 45 resources
2022-02-25 15:11:12,029 [Worker-71: Building] INFO  o.e.m.c.i.embedder.EclipseLogger - Using 'UTF-8' encoding to copy filtered resources.
2022-02-25 15:11:12,029 [Worker-71: Building] INFO  o.e.m.c.i.embedder.EclipseLogger - skip non existing resourceDirectory E:\Work\ideajava\GraduationProject\SecKill\SecKill\miaosha_5\src\test\resources
2022-03-03 15:21:01,933 [Worker-0: Loading available Gradle versions] INFO  o.e.b.c.i.u.g.PublishedGradleVersions - Gradle version information cache is out-of-date. Trying to update.
2022-03-03 15:21:07,036 [Worker-1: Building] INFO  o.e.m.c.i.embedder.EclipseLogger - Using 'UTF-8' encoding to copy filtered resources.
2022-03-03 15:21:07,040 [Worker-1: Building] INFO  o.e.m.c.i.embedder.EclipseLogger - Copying 1 resource
2022-03-03 15:21:07,056 [Worker-1: Building] INFO  o.e.m.c.i.embedder.EclipseLogger - Copying 45 resources
2022-03-03 15:21:07,083 [Worker-1: Building] INFO  o.e.m.c.i.embedder.EclipseLogger - Using 'UTF-8' encoding to copy filtered resources.
2022-03-03 15:21:07,083 [Worker-1: Building] INFO  o.e.m.c.i.embedder.EclipseLogger - skip non existing resourceDirectory E:\Work\ideajava\GraduationProject\SecKill\SecKill\miaosha_5\src\test\resources
2022-03-03 15:27:11,530 [Worker-1: Loading available Gradle versions] INFO  o.e.b.c.i.u.g.PublishedGradleVersions - Gradle version information cache is up-to-date. Trying to read.
2022-03-03 15:27:16,650 [Worker-2: Building] INFO  o.e.m.c.i.embedder.EclipseLogger - Using 'UTF-8' encoding to copy filtered resources.
2022-03-03 15:27:16,654 [Worker-2: Building] INFO  o.e.m.c.i.embedder.EclipseLogger - Copying 1 resource
2022-03-03 15:27:16,673 [Worker-2: Building] INFO  o.e.m.c.i.embedder.EclipseLogger - Copying 45 resources
2022-03-03 15:27:16,690 [Worker-2: Building] INFO  o.e.m.c.i.embedder.EclipseLogger - Using 'UTF-8' encoding to copy filtered resources.
2022-03-03 15:27:16,691 [Worker-2: Building] INFO  o.e.m.c.i.embedder.EclipseLogger - skip non existing resourceDirectory E:\Work\ideajava\GraduationProject\SecKill\SecKill\miaosha_5\src\test\resources
2022-03-03 15:43:01,460 [Worker-22: Building] INFO  o.e.m.c.i.embedder.EclipseLogger - Using 'UTF-8' encoding to copy filtered resources.
2022-03-03 15:43:01,464 [Worker-22: Building] INFO  o.e.m.c.i.embedder.EclipseLogger - Copying 0 resource
2022-03-03 15:43:01,465 [Worker-22: Building] INFO  o.e.m.c.i.embedder.EclipseLogger - Copying 0 resource
2022-03-03 15:43:01,471 [Worker-22: Building] INFO  o.e.m.c.i.embedder.EclipseLogger - Using 'UTF-8' encoding to copy filtered resources.
2022-03-03 15:43:01,472 [Worker-22: Building] INFO  o.e.m.c.i.embedder.EclipseLogger - skip non existing resourceDirectory E:\Work\ideajava\GraduationProject\SecKill\SecKill\miaosha_5\src\test\resources
2022-03-03 15:43:05,569 [Worker-21: Building] INFO  o.e.m.c.i.embedder.EclipseLogger - Using 'UTF-8' encoding to copy filtered resources.
2022-03-03 15:43:05,570 [Worker-21: Building] INFO  o.e.m.c.i.embedder.EclipseLogger - Copying 0 resource
2022-03-03 15:43:05,570 [Worker-21: Building] INFO  o.e.m.c.i.embedder.EclipseLogger - Copying 2 resources
2022-03-03 15:43:05,583 [Worker-21: Building] INFO  o.e.m.c.i.embedder.EclipseLogger - Using 'UTF-8' encoding to copy filtered resources.
2022-03-03 15:43:05,583 [Worker-21: Building] INFO  o.e.m.c.i.embedder.EclipseLogger - skip non existing resourceDirectory E:\Work\ideajava\GraduationProject\SecKill\SecKill\miaosha_5\src\test\resources
2022-03-03 15:45:16,066 [Worker-2: Loading available Gradle versions] INFO  o.e.b.c.i.u.g.PublishedGradleVersions - Gradle version information cache is up-to-date. Trying to read.
2022-03-03 15:47:39,634 [Worker-16: Building] INFO  o.e.m.c.i.embedder.EclipseLogger - Using 'UTF-8' encoding to copy filtered resources.
2022-03-03 15:47:39,643 [Worker-16: Building] INFO  o.e.m.c.i.embedder.EclipseLogger - Copying 1 resource
2022-03-03 15:47:39,676 [Worker-16: Building] INFO  o.e.m.c.i.embedder.EclipseLogger - Copying 42 resources
2022-03-03 15:47:39,695 [Worker-16: Building] INFO  o.e.m.c.i.embedder.EclipseLogger - Using 'UTF-8' encoding to copy filtered resources.
2022-03-03 15:47:39,695 [Worker-16: Building] INFO  o.e.m.c.i.embedder.EclipseLogger - skip non existing resourceDirectory E:\Work\ideajava\GraduationProject\SecKill\SecKill\miaosha_5\src\test\resources
2022-03-03 15:47:43,775 [Worker-16: Building] INFO  o.e.m.c.i.embedder.EclipseLogger - Using 'UTF-8' encoding to copy filtered resources.
2022-03-03 15:47:43,778 [Worker-16: Building] INFO  o.e.m.c.i.embedder.EclipseLogger - Copying 0 resource
2022-03-03 15:47:43,779 [Worker-16: Building] INFO  o.e.m.c.i.embedder.EclipseLogger - Copying 1 resource
2022-03-03 15:47:43,788 [Worker-16: Building] INFO  o.e.m.c.i.embedder.EclipseLogger - Using 'UTF-8' encoding to copy filtered resources.
2022-03-03 15:47:43,788 [Worker-16: Building] INFO  o.e.m.c.i.embedder.EclipseLogger - skip non existing resourceDirectory E:\Work\ideajava\GraduationProject\SecKill\SecKill\miaosha_5\src\test\resources
2022-03-03 15:48:14,434 [Worker-1: Loading available Gradle versions] INFO  o.e.b.c.i.u.g.PublishedGradleVersions - Gradle version information cache is up-to-date. Trying to read.
2022-03-03 15:48:51,407 [Worker-6: Building] INFO  o.e.m.c.i.embedder.EclipseLogger - Using 'UTF-8' encoding to copy filtered resources.
2022-03-03 15:48:51,413 [Worker-6: Building] INFO  o.e.m.c.i.embedder.EclipseLogger - Copying 1 resource
2022-03-03 15:48:51,442 [Worker-6: Building] INFO  o.e.m.c.i.embedder.EclipseLogger - Copying 43 resources
2022-03-03 15:48:51,454 [Worker-6: Building] INFO  o.e.m.c.i.embedder.EclipseLogger - Using 'UTF-8' encoding to copy filtered resources.
2022-03-03 15:48:51,454 [Worker-6: Building] INFO  o.e.m.c.i.embedder.EclipseLogger - skip non existing resourceDirectory E:\Work\ideajava\GraduationProject\SecKill\SecKill\miaosha_5\src\test\resources
2022-03-03 15:49:36,924 [Worker-20: Building] INFO  o.e.m.c.i.embedder.EclipseLogger - Using 'UTF-8' encoding to copy filtered resources.
2022-03-03 15:49:36,927 [Worker-20: Building] INFO  o.e.m.c.i.embedder.EclipseLogger - Copying 0 resource
2022-03-03 15:49:36,927 [Worker-20: Building] INFO  o.e.m.c.i.embedder.EclipseLogger - Copying 1 resource
2022-03-03 15:49:36,934 [Worker-20: Building] INFO  o.e.m.c.i.embedder.EclipseLogger - Using 'UTF-8' encoding to copy filtered resources.
2022-03-03 15:49:36,935 [Worker-20: Building] INFO  o.e.m.c.i.embedder.EclipseLogger - skip non existing resourceDirectory E:\Work\ideajava\GraduationProject\SecKill\SecKill\miaosha_5\src\test\resources
2022-03-03 15:52:45,628 [Worker-23: Building] INFO  o.e.m.c.i.embedder.EclipseLogger - Using 'UTF-8' encoding to copy filtered resources.
2022-03-03 15:52:45,628 [Worker-23: Building] INFO  o.e.m.c.i.embedder.EclipseLogger - Copying 0 resource
2022-03-03 15:52:45,629 [Worker-23: Building] INFO  o.e.m.c.i.embedder.EclipseLogger - Copying 1 resource
2022-03-03 15:52:45,633 [Worker-23: Building] INFO  o.e.m.c.i.embedder.EclipseLogger - Using 'UTF-8' encoding to copy filtered resources.
2022-03-03 15:52:45,633 [Worker-23: Building] INFO  o.e.m.c.i.embedder.EclipseLogger - skip non existing resourceDirectory E:\Work\ideajava\GraduationProject\SecKill\SecKill\miaosha_5\src\test\resources
2022-03-03 15:53:47,906 [Worker-7: Building] INFO  o.e.m.c.i.embedder.EclipseLogger - Using 'UTF-8' encoding to copy filtered resources.
2022-03-03 15:53:47,906 [Worker-7: Building] INFO  o.e.m.c.i.embedder.EclipseLogger - Copying 0 resource
2022-03-03 15:53:47,906 [Worker-7: Building] INFO  o.e.m.c.i.embedder.EclipseLogger - Copying 1 resource
2022-03-03 15:53:47,911 [Worker-7: Building] INFO  o.e.m.c.i.embedder.EclipseLogger - Using 'UTF-8' encoding to copy filtered resources.
2022-03-03 15:53:47,911 [Worker-7: Building] INFO  o.e.m.c.i.embedder.EclipseLogger - skip non existing resourceDirectory E:\Work\ideajava\GraduationProject\SecKill\SecKill\miaosha_5\src\test\resources
2022-03-03 15:54:23,342 [Worker-0: Loading available Gradle versions] INFO  o.e.b.c.i.u.g.PublishedGradleVersions - Gradle version information cache is up-to-date. Trying to read.
2022-03-03 15:54:42,471 [Worker-15: Building] INFO  o.e.m.c.i.embedder.EclipseLogger - Using 'UTF-8' encoding to copy filtered resources.
2022-03-03 15:54:42,477 [Worker-15: Building] INFO  o.e.m.c.i.embedder.EclipseLogger - Copying 1 resource
2022-03-03 15:54:42,503 [Worker-15: Building] INFO  o.e.m.c.i.embedder.EclipseLogger - Copying 43 resources
2022-03-03 15:54:42,516 [Worker-15: Building] INFO  o.e.m.c.i.embedder.EclipseLogger - Using 'UTF-8' encoding to copy filtered resources.
2022-03-03 15:54:42,516 [Worker-15: Building] INFO  o.e.m.c.i.embedder.EclipseLogger - skip non existing resourceDirectory E:\Work\ideajava\GraduationProject\SecKill\SecKill\miaosha_5\src\test\resources
2022-03-03 15:55:31,077 [Worker-1: Loading available Gradle versions] INFO  o.e.b.c.i.u.g.PublishedGradleVersions - Gradle version information cache is up-to-date. Trying to read.
2022-03-03 15:55:42,488 [Worker-7: Building] INFO  o.e.m.c.i.embedder.EclipseLogger - Using 'UTF-8' encoding to copy filtered resources.
2022-03-03 15:55:42,494 [Worker-7: Building] INFO  o.e.m.c.i.embedder.EclipseLogger - Copying 1 resource
2022-03-03 15:55:42,514 [Worker-7: Building] INFO  o.e.m.c.i.embedder.EclipseLogger - Copying 43 resources
2022-03-03 15:55:42,526 [Worker-7: Building] INFO  o.e.m.c.i.embedder.EclipseLogger - Using 'UTF-8' encoding to copy filtered resources.
2022-03-03 15:55:42,526 [Worker-7: Building] INFO  o.e.m.c.i.embedder.EclipseLogger - skip non existing resourceDirectory E:\Work\ideajava\GraduationProject\SecKill\SecKill\miaosha_5\src\test\resources
2022-03-03 15:58:08,779 [Worker-12: Building] INFO  o.e.m.c.i.embedder.EclipseLogger - Using 'UTF-8' encoding to copy filtered resources.
2022-03-03 15:58:08,780 [Worker-12: Building] INFO  o.e.m.c.i.embedder.EclipseLogger - Copying 0 resource
2022-03-03 15:58:08,781 [Worker-12: Building] INFO  o.e.m.c.i.embedder.EclipseLogger - Copying 1 resource
2022-03-03 15:58:08,786 [Worker-12: Building] INFO  o.e.m.c.i.embedder.EclipseLogger - Using 'UTF-8' encoding to copy filtered resources.
2022-03-03 15:58:08,786 [Worker-12: Building] INFO  o.e.m.c.i.embedder.EclipseLogger - skip non existing resourceDirectory E:\Work\ideajava\GraduationProject\SecKill\SecKill\miaosha_5\src\test\resources
2022-03-03 15:58:21,844 [Worker-9: Building] INFO  o.e.m.c.i.embedder.EclipseLogger - Using 'UTF-8' encoding to copy filtered resources.
2022-03-03 15:58:21,845 [Worker-9: Building] INFO  o.e.m.c.i.embedder.EclipseLogger - Copying 0 resource
2022-03-03 15:58:21,845 [Worker-9: Building] INFO  o.e.m.c.i.embedder.EclipseLogger - Copying 1 resource
2022-03-03 15:58:21,849 [Worker-9: Building] INFO  o.e.m.c.i.embedder.EclipseLogger - Using 'UTF-8' encoding to copy filtered resources.
2022-03-03 15:58:21,849 [Worker-9: Building] INFO  o.e.m.c.i.embedder.EclipseLogger - skip non existing resourceDirectory E:\Work\ideajava\GraduationProject\SecKill\SecKill\miaosha_5\src\test\resources
2022-03-03 16:00:03,152 [Worker-12: Building] INFO  o.e.m.c.i.embedder.EclipseLogger - Using 'UTF-8' encoding to copy filtered resources.
2022-03-03 16:00:03,153 [Worker-12: Building] INFO  o.e.m.c.i.embedder.EclipseLogger - Copying 0 resource
2022-03-03 16:00:03,153 [Worker-12: Building] INFO  o.e.m.c.i.embedder.EclipseLogger - Copying 0 resource
2022-03-03 16:00:03,155 [Worker-12: Building] INFO  o.e.m.c.i.embedder.EclipseLogger - Using 'UTF-8' encoding to copy filtered resources.
2022-03-03 16:00:03,156 [Worker-12: Building] INFO  o.e.m.c.i.embedder.EclipseLogger - skip non existing resourceDirectory E:\Work\ideajava\GraduationProject\SecKill\SecKill\miaosha_5\src\test\resources
2022-03-03 16:00:06,240 [Worker-1: Building] INFO  o.e.m.c.i.embedder.EclipseLogger - Using 'UTF-8' encoding to copy filtered resources.
2022-03-03 16:00:06,241 [Worker-1: Building] INFO  o.e.m.c.i.embedder.EclipseLogger - Copying 0 resource
2022-03-03 16:00:06,241 [Worker-1: Building] INFO  o.e.m.c.i.embedder.EclipseLogger - Copying 1 resource
2022-03-03 16:00:06,245 [Worker-1: Building] INFO  o.e.m.c.i.embedder.EclipseLogger - Using 'UTF-8' encoding to copy filtered resources.
2022-03-03 16:00:06,245 [Worker-1: Building] INFO  o.e.m.c.i.embedder.EclipseLogger - skip non existing resourceDirectory E:\Work\ideajava\GraduationProject\SecKill\SecKill\miaosha_5\src\test\resources
2022-03-03 16:02:20,591 [Worker-2: Loading available Gradle versions] INFO  o.e.b.c.i.u.g.PublishedGradleVersions - Gradle version information cache is up-to-date. Trying to read.
2022-03-03 16:02:47,664 [Worker-12: Building] INFO  o.e.m.c.i.embedder.EclipseLogger - Using 'UTF-8' encoding to copy filtered resources.
2022-03-03 16:02:47,671 [Worker-12: Building] INFO  o.e.m.c.i.embedder.EclipseLogger - Copying 1 resource
2022-03-03 16:02:47,705 [Worker-12: Building] INFO  o.e.m.c.i.embedder.EclipseLogger - Copying 43 resources
2022-03-03 16:02:47,717 [Worker-12: Building] INFO  o.e.m.c.i.embedder.EclipseLogger - Using 'UTF-8' encoding to copy filtered resources.
2022-03-03 16:02:47,718 [Worker-12: Building] INFO  o.e.m.c.i.embedder.EclipseLogger - skip non existing resourceDirectory E:\Work\ideajava\GraduationProject\SecKill\SecKill\miaosha_5\src\test\resources
2022-03-03 16:03:33,462 [Worker-16: Building] INFO  o.e.m.c.i.embedder.EclipseLogger - Using 'UTF-8' encoding to copy filtered resources.
2022-03-03 16:03:33,464 [Worker-16: Building] INFO  o.e.m.c.i.embedder.EclipseLogger - Copying 0 resource
2022-03-03 16:03:33,465 [Worker-16: Building] INFO  o.e.m.c.i.embedder.EclipseLogger - Copying 1 resource
2022-03-03 16:03:33,469 [Worker-16: Building] INFO  o.e.m.c.i.embedder.EclipseLogger - Using 'UTF-8' encoding to copy filtered resources.
2022-03-03 16:03:33,470 [Worker-16: Building] INFO  o.e.m.c.i.embedder.EclipseLogger - skip non existing resourceDirectory E:\Work\ideajava\GraduationProject\SecKill\SecKill\miaosha_5\src\test\resources
2022-03-03 16:07:09,537 [Worker-13: Building] INFO  o.e.m.c.i.embedder.EclipseLogger - Using 'UTF-8' encoding to copy filtered resources.
2022-03-03 16:07:09,537 [Worker-13: Building] INFO  o.e.m.c.i.embedder.EclipseLogger - Copying 0 resource
2022-03-03 16:07:09,537 [Worker-13: Building] INFO  o.e.m.c.i.embedder.EclipseLogger - Copying 1 resource
2022-03-03 16:07:09,540 [Worker-13: Building] INFO  o.e.m.c.i.embedder.EclipseLogger - Using 'UTF-8' encoding to copy filtered resources.
2022-03-03 16:07:09,540 [Worker-13: Building] INFO  o.e.m.c.i.embedder.EclipseLogger - skip non existing resourceDirectory E:\Work\ideajava\GraduationProject\SecKill\SecKill\miaosha_5\src\test\resources
2022-03-03 16:19:11,133 [Worker-24: Building] INFO  o.e.m.c.i.embedder.EclipseLogger - Using 'UTF-8' encoding to copy filtered resources.
2022-03-03 16:19:11,142 [Worker-24: Building] INFO  o.e.m.c.i.embedder.EclipseLogger - Copying 1 resource
2022-03-03 16:19:11,150 [Worker-24: Building] INFO  o.e.m.c.i.embedder.EclipseLogger - Copying 43 resources
2022-03-03 16:19:11,157 [Worker-24: Building] INFO  o.e.m.c.i.embedder.EclipseLogger - Using 'UTF-8' encoding to copy filtered resources.
2022-03-03 16:19:11,158 [Worker-24: Building] INFO  o.e.m.c.i.embedder.EclipseLogger - skip non existing resourceDirectory E:\Work\ideajava\GraduationProject\SecKill\SecKill\miaosha_5\src\test\resources
2022-03-03 16:21:10,620 [Worker-8: Building] INFO  o.e.m.c.i.embedder.EclipseLogger - Using 'UTF-8' encoding to copy filtered resources.
2022-03-03 16:21:10,620 [Worker-8: Building] INFO  o.e.m.c.i.embedder.EclipseLogger - Copying 0 resource
2022-03-03 16:21:10,621 [Worker-8: Building] INFO  o.e.m.c.i.embedder.EclipseLogger - Copying 1 resource
2022-03-03 16:21:10,624 [Worker-8: Building] INFO  o.e.m.c.i.embedder.EclipseLogger - Using 'UTF-8' encoding to copy filtered resources.
2022-03-03 16:21:10,625 [Worker-8: Building] INFO  o.e.m.c.i.embedder.EclipseLogger - skip non existing resourceDirectory E:\Work\ideajava\GraduationProject\SecKill\SecKill\miaosha_5\src\test\resources
2022-03-03 16:21:35,651 [Worker-25: Building] INFO  o.e.m.c.i.embedder.EclipseLogger - Using 'UTF-8' encoding to copy filtered resources.
2022-03-03 16:21:35,651 [Worker-25: Building] INFO  o.e.m.c.i.embedder.EclipseLogger - Copying 0 resource
2022-03-03 16:21:35,652 [Worker-25: Building] INFO  o.e.m.c.i.embedder.EclipseLogger - Copying 1 resource
2022-03-03 16:21:35,656 [Worker-25: Building] INFO  o.e.m.c.i.embedder.EclipseLogger - Using 'UTF-8' encoding to copy filtered resources.
2022-03-03 16:21:35,656 [Worker-25: Building] INFO  o.e.m.c.i.embedder.EclipseLogger - skip non existing resourceDirectory E:\Work\ideajava\GraduationProject\SecKill\SecKill\miaosha_5\src\test\resources
2022-03-03 16:22:31,846 [Worker-23: Building] INFO  o.e.m.c.i.embedder.EclipseLogger - Using 'UTF-8' encoding to copy filtered resources.
2022-03-03 16:22:31,847 [Worker-23: Building] INFO  o.e.m.c.i.embedder.EclipseLogger - Copying 0 resource
2022-03-03 16:22:31,847 [Worker-23: Building] INFO  o.e.m.c.i.embedder.EclipseLogger - Copying 1 resource
2022-03-03 16:22:31,852 [Worker-23: Building] INFO  o.e.m.c.i.embedder.EclipseLogger - Using 'UTF-8' encoding to copy filtered resources.
2022-03-03 16:22:31,852 [Worker-23: Building] INFO  o.e.m.c.i.embedder.EclipseLogger - skip non existing resourceDirectory E:\Work\ideajava\GraduationProject\SecKill\SecKill\miaosha_5\src\test\resources
2022-03-03 16:23:32,580 [Worker-8: Building] INFO  o.e.m.c.i.embedder.EclipseLogger - Using 'UTF-8' encoding to copy filtered resources.
2022-03-03 16:23:32,580 [Worker-8: Building] INFO  o.e.m.c.i.embedder.EclipseLogger - Copying 0 resource
2022-03-03 16:23:32,580 [Worker-8: Building] INFO  o.e.m.c.i.embedder.EclipseLogger - Copying 1 resource
2022-03-03 16:23:32,587 [Worker-8: Building] INFO  o.e.m.c.i.embedder.EclipseLogger - Using 'UTF-8' encoding to copy filtered resources.
2022-03-03 16:23:32,587 [Worker-8: Building] INFO  o.e.m.c.i.embedder.EclipseLogger - skip non existing resourceDirectory E:\Work\ideajava\GraduationProject\SecKill\SecKill\miaosha_5\src\test\resources
2022-03-03 16:23:42,640 [Worker-25: Building] INFO  o.e.m.c.i.embedder.EclipseLogger - Using 'UTF-8' encoding to copy filtered resources.
2022-03-03 16:23:42,640 [Worker-25: Building] INFO  o.e.m.c.i.embedder.EclipseLogger - Copying 0 resource
2022-03-03 16:23:42,641 [Worker-25: Building] INFO  o.e.m.c.i.embedder.EclipseLogger - Copying 1 resource
2022-03-03 16:23:42,643 [Worker-25: Building] INFO  o.e.m.c.i.embedder.EclipseLogger - Using 'UTF-8' encoding to copy filtered resources.
2022-03-03 16:23:42,644 [Worker-25: Building] INFO  o.e.m.c.i.embedder.EclipseLogger - skip non existing resourceDirectory E:\Work\ideajava\GraduationProject\SecKill\SecKill\miaosha_5\src\test\resources
2022-03-03 16:23:57,256 [Worker-23: Building] INFO  o.e.m.c.i.embedder.EclipseLogger - Using 'UTF-8' encoding to copy filtered resources.
2022-03-03 16:23:57,256 [Worker-23: Building] INFO  o.e.m.c.i.embedder.EclipseLogger - Copying 0 resource
2022-03-03 16:23:57,257 [Worker-23: Building] INFO  o.e.m.c.i.embedder.EclipseLogger - Copying 1 resource
2022-03-03 16:23:57,262 [Worker-23: Building] INFO  o.e.m.c.i.embedder.EclipseLogger - Using 'UTF-8' encoding to copy filtered resources.
2022-03-03 16:23:57,263 [Worker-23: Building] INFO  o.e.m.c.i.embedder.EclipseLogger - skip non existing resourceDirectory E:\Work\ideajava\GraduationProject\SecKill\SecKill\miaosha_5\src\test\resources
2022-03-03 16:25:13,455 [Worker-8: Building] INFO  o.e.m.c.i.embedder.EclipseLogger - Using 'UTF-8' encoding to copy filtered resources.
2022-03-03 16:25:13,455 [Worker-8: Building] INFO  o.e.m.c.i.embedder.EclipseLogger - Copying 0 resource
2022-03-03 16:25:13,455 [Worker-8: Building] INFO  o.e.m.c.i.embedder.EclipseLogger - Copying 1 resource
2022-03-03 16:25:13,458 [Worker-8: Building] INFO  o.e.m.c.i.embedder.EclipseLogger - Using 'UTF-8' encoding to copy filtered resources.
2022-03-03 16:25:13,458 [Worker-8: Building] INFO  o.e.m.c.i.embedder.EclipseLogger - skip non existing resourceDirectory E:\Work\ideajava\GraduationProject\SecKill\SecKill\miaosha_5\src\test\resources
2022-03-03 16:26:39,187 [Worker-21: Building] INFO  o.e.m.c.i.embedder.EclipseLogger - Using 'UTF-8' encoding to copy filtered resources.
2022-03-03 16:26:39,187 [Worker-21: Building] INFO  o.e.m.c.i.embedder.EclipseLogger - Copying 0 resource
2022-03-03 16:26:39,188 [Worker-21: Building] INFO  o.e.m.c.i.embedder.EclipseLogger - Copying 1 resource
2022-03-03 16:26:39,191 [Worker-21: Building] INFO  o.e.m.c.i.embedder.EclipseLogger - Using 'UTF-8' encoding to copy filtered resources.
2022-03-03 16:26:39,192 [Worker-21: Building] INFO  o.e.m.c.i.embedder.EclipseLogger - skip non existing resourceDirectory E:\Work\ideajava\GraduationProject\SecKill\SecKill\miaosha_5\src\test\resources
2022-03-03 16:43:26,028 [Worker-35: Building] INFO  o.e.m.c.i.embedder.EclipseLogger - Using 'UTF-8' encoding to copy filtered resources.
2022-03-03 16:43:26,029 [Worker-35: Building] INFO  o.e.m.c.i.embedder.EclipseLogger - Copying 0 resource
2022-03-03 16:43:26,029 [Worker-35: Building] INFO  o.e.m.c.i.embedder.EclipseLogger - Copying 1 resource
2022-03-03 16:43:26,034 [Worker-35: Building] INFO  o.e.m.c.i.embedder.EclipseLogger - Using 'UTF-8' encoding to copy filtered resources.
2022-03-03 16:43:26,035 [Worker-35: Building] INFO  o.e.m.c.i.embedder.EclipseLogger - skip non existing resourceDirectory E:\Work\ideajava\GraduationProject\SecKill\SecKill\miaosha_5\src\test\resources
2022-03-03 16:43:29,175 [Worker-33: Building] INFO  o.e.m.c.i.embedder.EclipseLogger - Using 'UTF-8' encoding to copy filtered resources.
2022-03-03 16:43:29,175 [Worker-33: Building] INFO  o.e.m.c.i.embedder.EclipseLogger - Copying 0 resource
2022-03-03 16:43:29,176 [Worker-33: Building] INFO  o.e.m.c.i.embedder.EclipseLogger - Copying 1 resource
2022-03-03 16:43:29,181 [Worker-33: Building] INFO  o.e.m.c.i.embedder.EclipseLogger - Using 'UTF-8' encoding to copy filtered resources.
2022-03-03 16:43:29,181 [Worker-33: Building] INFO  o.e.m.c.i.embedder.EclipseLogger - skip non existing resourceDirectory E:\Work\ideajava\GraduationProject\SecKill\SecKill\miaosha_5\src\test\resources
2022-03-03 16:45:03,519 [Worker-2: Loading available Gradle versions] INFO  o.e.b.c.i.u.g.PublishedGradleVersions - Gradle version information cache is up-to-date. Trying to read.
2022-03-03 16:45:41,728 [Worker-16: Building] INFO  o.e.m.c.i.embedder.EclipseLogger - Using 'UTF-8' encoding to copy filtered resources.
2022-03-03 16:45:41,736 [Worker-16: Building] INFO  o.e.m.c.i.embedder.EclipseLogger - Copying 1 resource
2022-03-03 16:45:41,763 [Worker-16: Building] INFO  o.e.m.c.i.embedder.EclipseLogger - Copying 45 resources
2022-03-03 16:45:41,777 [Worker-16: Building] INFO  o.e.m.c.i.embedder.EclipseLogger - Using 'UTF-8' encoding to copy filtered resources.
2022-03-03 16:45:41,777 [Worker-16: Building] INFO  o.e.m.c.i.embedder.EclipseLogger - skip non existing resourceDirectory E:\Work\ideajava\GraduationProject\SecKill\SecKill\miaosha_5\src\test\resources
2022-03-03 18:27:15,933 [Worker-1: Loading available Gradle versions] INFO  o.e.b.c.i.u.g.PublishedGradleVersions - Gradle version information cache is up-to-date. Trying to read.
2022-03-03 18:58:36,693 [Worker-7: Building] INFO  o.e.m.c.i.l.LifecycleMappingFactory - Using org.eclipse.m2e.jdt.JarLifecycleMapping lifecycle mapping for MavenProject: com.kirin:miaosha_5:0.0.1-SNAPSHOT @ E:\Work\ideajava\GraduationProject\SecKill\SecKill\miaosha_5.1\pom.xml.
2022-03-03 18:58:38,220 [Worker-7: Building] INFO  o.e.m.c.i.embedder.EclipseLogger - Using 'UTF-8' encoding to copy filtered resources.
2022-03-03 18:58:38,228 [Worker-7: Building] INFO  o.e.m.c.i.embedder.EclipseLogger - Copying 1 resource
2022-03-03 18:58:38,256 [Worker-7: Building] INFO  o.e.m.c.i.embedder.EclipseLogger - Copying 45 resources
2022-03-03 18:58:38,388 [Worker-7: Building] INFO  o.e.m.c.i.embedder.EclipseLogger - Using 'UTF-8' encoding to copy filtered resources.
2022-03-03 18:58:38,389 [Worker-7: Building] INFO  o.e.m.c.i.embedder.EclipseLogger - skip non existing resourceDirectory E:\Work\ideajava\GraduationProject\SecKill\SecKill\miaosha_5.1\src\test\resources
2022-03-03 18:58:41,303 [Worker-7: Building] INFO  o.e.m.c.i.embedder.EclipseLogger - Using 'UTF-8' encoding to copy filtered resources.
2022-03-03 18:58:41,315 [Worker-7: Building] INFO  o.e.m.c.i.embedder.EclipseLogger - Copying 1 resource
2022-03-03 18:58:41,326 [Worker-7: Building] INFO  o.e.m.c.i.embedder.EclipseLogger - Copying 45 resources
2022-03-03 18:58:41,446 [Worker-7: Building] INFO  o.e.m.c.i.embedder.EclipseLogger - Using 'UTF-8' encoding to copy filtered resources.
2022-03-03 18:58:41,446 [Worker-7: Building] INFO  o.e.m.c.i.embedder.EclipseLogger - skip non existing resourceDirectory E:\Work\ideajava\GraduationProject\SecKill\SecKill\miaosha_5.1\src\test\resources
2022-03-03 19:01:33,096 [Worker-24: Building] INFO  o.e.m.c.i.embedder.EclipseLogger - Using 'UTF-8' encoding to copy filtered resources.
2022-03-03 19:01:33,108 [Worker-24: Building] INFO  o.e.m.c.i.embedder.EclipseLogger - Copying 1 resource
2022-03-03 19:01:33,119 [Worker-24: Building] INFO  o.e.m.c.i.embedder.EclipseLogger - Copying 45 resources
2022-03-03 19:01:33,134 [Worker-24: Building] INFO  o.e.m.c.i.embedder.EclipseLogger - Using 'UTF-8' encoding to copy filtered resources.
2022-03-03 19:01:33,136 [Worker-24: Building] INFO  o.e.m.c.i.embedder.EclipseLogger - skip non existing resourceDirectory E:\Work\ideajava\GraduationProject\SecKill\SecKill\miaosha_5.1\src\test\resources
2022-03-03 19:03:18,312 [Worker-26: Building] INFO  o.e.m.c.i.embedder.EclipseLogger - Using 'UTF-8' encoding to copy filtered resources.
2022-03-03 19:03:18,319 [Worker-26: Building] INFO  o.e.m.c.i.embedder.EclipseLogger - Copying 1 resource
2022-03-03 19:03:18,326 [Worker-26: Building] INFO  o.e.m.c.i.embedder.EclipseLogger - Copying 45 resources
2022-03-03 19:03:18,333 [Worker-26: Building] INFO  o.e.m.c.i.embedder.EclipseLogger - Using 'UTF-8' encoding to copy filtered resources.
2022-03-03 19:03:18,333 [Worker-26: Building] INFO  o.e.m.c.i.embedder.EclipseLogger - skip non existing resourceDirectory E:\Work\ideajava\GraduationProject\SecKill\SecKill\miaosha_5.1\src\test\resources
2022-03-03 20:47:39,566 [Worker-69: Updating Maven Dependencies] INFO  o.e.m.c.i.l.LifecycleMappingFactory - Using org.eclipse.m2e.jdt.JarLifecycleMapping lifecycle mapping for MavenProject: com.kirin:miaosha_5:0.0.1-SNAPSHOT @ E:\Work\ideajava\GraduationProject\SecKill\SecKill\miaosha_5.1\pom.xml.
2022-03-03 20:47:41,009 [Worker-69: Building] INFO  o.e.m.c.i.embedder.EclipseLogger - Using 'UTF-8' encoding to copy filtered resources.
2022-03-03 20:47:41,010 [Worker-69: Building] INFO  o.e.m.c.i.embedder.EclipseLogger - Copying 1 resource
2022-03-03 20:47:41,035 [Worker-69: Building] INFO  o.e.m.c.i.embedder.EclipseLogger - Copying 45 resources
2022-03-03 20:47:41,047 [Worker-69: Building] INFO  o.e.m.c.i.embedder.EclipseLogger - Using 'UTF-8' encoding to copy filtered resources.
2022-03-03 20:47:41,047 [Worker-69: Building] INFO  o.e.m.c.i.embedder.EclipseLogger - skip non existing resourceDirectory E:\Work\ideajava\GraduationProject\SecKill\SecKill\miaosha_5.1\src\test\resources
2022-03-03 21:48:29,584 [Worker-82: Building] INFO  o.e.m.c.i.embedder.EclipseLogger - Using 'UTF-8' encoding to copy filtered resources.
2022-03-03 21:48:29,587 [Worker-82: Building] INFO  o.e.m.c.i.embedder.EclipseLogger - Copying 0 resource
2022-03-03 21:48:29,588 [Worker-82: Building] INFO  o.e.m.c.i.embedder.EclipseLogger - Copying 1 resource
2022-03-03 21:48:29,598 [Worker-82: Building] INFO  o.e.m.c.i.embedder.EclipseLogger - Using 'UTF-8' encoding to copy filtered resources.
2022-03-03 21:48:29,598 [Worker-82: Building] INFO  o.e.m.c.i.embedder.EclipseLogger - skip non existing resourceDirectory E:\Work\ideajava\GraduationProject\SecKill\SecKill\miaosha_5.1\src\test\resources
2022-03-03 21:48:43,150 [Worker-84: Building] INFO  o.e.m.c.i.embedder.EclipseLogger - Using 'UTF-8' encoding to copy filtered resources.
2022-03-03 21:48:43,150 [Worker-84: Building] INFO  o.e.m.c.i.embedder.EclipseLogger - Copying 1 resource
2022-03-03 21:48:43,152 [Worker-84: Building] INFO  o.e.m.c.i.embedder.EclipseLogger - Copying 45 resources
2022-03-03 21:48:43,162 [Worker-84: Building] INFO  o.e.m.c.i.embedder.EclipseLogger - Using 'UTF-8' encoding to copy filtered resources.
2022-03-03 21:48:43,162 [Worker-84: Building] INFO  o.e.m.c.i.embedder.EclipseLogger - skip non existing resourceDirectory E:\Work\ideajava\GraduationProject\SecKill\SecKill\miaosha_5\src\test\resources
2022-03-04 13:24:48,226 [Worker-2: Loading available Gradle versions] INFO  o.e.b.c.i.u.g.PublishedGradleVersions - Gradle version information cache is up-to-date. Trying to read.
